date,corr_ETH_BTC,corr_ETH_NASDAQ,corr_ETH_SP500,corr_ETH_GOLD,corr_ETH_USD,corr_ETH_VIX
2020-12-31,0.8726347231160031,0.48471900287802233,0.4736770496079139,0.2135610180381696,-0.07099581069313782,-0.393696940955955
2021-01-04,0.8599469786282492,0.4473846307947952,0.4369801692097821,0.2369292925593248,-0.06925434065898496,-0.3388563961969423
2021-01-05,0.8595327423751082,0.447962848065949,0.4375979283114449,0.2352119262512671,-0.07083723687863702,-0.3402177205665632
2021-01-06,0.8626080690644065,0.4448157591375972,0.4372894092639335,0.22424914532715928,-0.06860573431603664,-0.33997225118475033
2021-01-07,0.860369824161758,0.44473552335696176,0.43760316762184115,0.22353678462954676,-0.06712849922401241,-0.3399191586230269
2021-01-08,0.8593832610698361,0.44498394466307123,0.4379975052746336,0.2207373329622835,-0.06691450059582196,-0.34124256270504505
2021-01-11,0.8602883062753987,0.446637568773234,0.437787367137769,0.21485536753916026,-0.07447044973850069,-0.3468724489542606
2021-01-12,0.8605764046223159,0.4462266611796498,0.43749556545674484,0.21543388393375817,-0.07073605164160617,-0.3453545605275672
2021-01-13,0.8594367906295841,0.4504529938042603,0.44088093990428284,0.22067500936032372,-0.06879514669968306,-0.3496893529659351
2021-01-14,0.859886552375057,0.4491193124351243,0.4392550728087108,0.21975065486503295,-0.06927381414317431,-0.3469590003217515
2021-01-15,0.8595945195466298,0.4504065561386821,0.44027267877619375,0.2214262101276056,-0.07245950802488513,-0.34799053192609686
2021-01-19,0.845847198811982,0.4510360180469222,0.4387868997826695,0.22174477757570582,-0.0785611788454175,-0.34894790358624844
2021-01-20,0.8457713105352018,0.4501785980435296,0.43823225239126573,0.22095755345867085,-0.07866563807842121,-0.3479788742875689
2021-01-21,0.8511646546311672,0.4393787697185844,0.4300059923819619,0.21756595651415836,-0.06757976210560394,-0.33934607618333756
2021-01-22,0.851889837812934,0.43816942163595946,0.42809349611109004,0.21571174508441726,-0.06470369870236695,-0.3368926627023486
2021-01-25,0.8485842688541374,0.43829232845397625,0.4279083935828888,0.21525911764979153,-0.06293185101715543,-0.33459361979655844
2021-01-26,0.8484585168817846,0.44113068043465775,0.43016874097354707,0.21470967328193355,-0.06407940982613143,-0.3446803073820183
2021-01-27,0.8497754420730491,0.4441610450805869,0.4332670930126355,0.2159844826502904,-0.07011640538168248,-0.3499653847685052
2021-01-28,0.848864308427198,0.44411798485188,0.43386680783839787,0.21474403171560422,-0.07120582437431941,-0.3527946617931036
2021-01-29,0.8490467448236066,0.4418735229395124,0.4315957866161545,0.21398599403385057,-0.07012331758681536,-0.3494799602221604
2021-02-01,0.8488691531585889,0.4391080505966092,0.42965833850056023,0.21334417276978226,-0.07313931338187421,-0.3470510312720219
2021-02-02,0.8507911815582545,0.43976742704887356,0.43066992003262183,0.20655432828616144,-0.07290724379669035,-0.35223409467360184
2021-02-03,0.8513643184195893,0.4394212513741739,0.4303745295034594,0.20592966001978233,-0.07307218189184952,-0.35766825388878926
2021-02-04,0.850975351821348,0.4378469644155637,0.42765363456159705,0.20856723744204603,-0.07884921051092714,-0.3541032923724649
2021-02-05,0.851099907358372,0.4375586307597769,0.4274046988112562,0.21062193848812938,-0.08376580977182065,-0.35495574665718915
2021-02-08,0.832047110569005,0.43861838004367926,0.4283854538728867,0.2105853207194458,-0.08498067775700273,-0.355911886173262
2021-02-09,0.8320489131190855,0.4388902393176788,0.4285202772981048,0.2106851292422145,-0.08494276606543197,-0.35600130170243666
2021-02-10,0.8316417435036101,0.43939935946147296,0.42872079218358805,0.2118695086135339,-0.08445820492404194,-0.3566222328056894
2021-02-11,0.833867686324981,0.43960514385468286,0.4292051091922903,0.21192451345959273,-0.08985757801862448,-0.35264088405038746
2021-02-12,0.8333543282423994,0.43972435564416257,0.4293559394994951,0.21161166305838353,-0.08952380517245637,-0.35330092562233384
2021-02-16,0.8316816454079726,0.44027316986687387,0.429463894810325,0.21278519439513305,-0.09046281691797653,-0.3538139818040536
2021-02-17,0.8314634222586325,0.43948496353434247,0.42916329050676044,0.2113251185334416,-0.0876839130849879,-0.35348725344160353
2021-02-18,0.8292756748718867,0.4413623855993786,0.4307019448145943,0.2135895521222906,-0.08761288363544373,-0.35506447205599756
2021-02-19,0.8265569560168428,0.4412012044117741,0.43056973065617654,0.21399574632939394,-0.08718212474086014,-0.354886005459721
2021-02-22,0.8264438028880141,0.44660891675963943,0.4317386032981187,0.20474656470942523,-0.08101991315666268,-0.3587604646301409
2021-02-23,0.8290570231066157,0.44733246285803696,0.42987902963712027,0.20528284359704338,-0.08390449104991013,-0.36536192430282793
2021-02-24,0.8287174602914772,0.44465090338511576,0.4269603965773994,0.20090678173893778,-0.08660468728824175,-0.3628984264257906
2021-02-25,0.8285850993542763,0.4517973545379566,0.43137819666597027,0.20402023458363833,-0.08550418551449576,-0.37480421576507833
2021-02-26,0.8287337742247949,0.4552597145508889,0.43514732407914253,0.20543122731733754,-0.08831483000157477,-0.3848057113242294
2021-03-01,0.8295654606024897,0.4578725645204748,0.4374676408358672,0.20733219446485338,-0.08712579087225472,-0.3888651973014363
2021-03-02,0.8298500899840474,0.46152852751643947,0.44068955681653227,0.2057644015607672,-0.08495184499043358,-0.3915674500068658
2021-03-03,0.8301086663319273,0.4555837251993252,0.43745445483215717,0.2097343087569589,-0.08454648308778435,-0.3862431329273583
2021-03-04,0.8300106227965628,0.4592345918698283,0.44195157751755376,0.21054469025685563,-0.0866482090295981,-0.38947615266425684
2021-03-05,0.8300879697058858,0.46151868656467654,0.44431840505434156,0.2103069690700904,-0.08654603872020451,-0.39252239049285886
2021-03-08,0.8300317493472771,0.44795400879234826,0.43997128148410064,0.19892986501259435,-0.07265822919039863,-0.38698224384349095
2021-03-09,0.8242879118436158,0.4257338684982803,0.4172159999449646,0.20339261810525439,-0.10146663521608391,-0.3667320226317531
2021-03-10,0.8227985335465885,0.4313238556247869,0.42252788930168006,0.20233092844479864,-0.0999863743967475,-0.36746896782404453
2021-03-11,0.8228229450292024,0.4305671137439218,0.42268541415671,0.200991927241596,-0.09959321875036313,-0.3661207922151546
2021-03-12,0.7575069006718511,0.34172012334484697,0.32142654956933214,0.14787758885751398,-0.033152465656833094,-0.28612616819949305
2021-03-15,0.7507051990840865,0.31344366579924043,0.29048077705426584,0.1914027806356273,-0.06689497395419618,-0.262507045171631
2021-03-16,0.7427558605979256,0.25584459731952686,0.22788272507626037,0.176082876539596,-0.0886012647989066,-0.21880571251625175
2021-03-17,0.7421609637187861,0.25727348833114483,0.22908616464616932,0.17502503623644183,-0.09528398633450191,-0.21795378136692797
2021-03-18,0.7425229664389611,0.26326786252490586,0.23568088512679158,0.17610859423740685,-0.1000135187139542,-0.22019038406232674
2021-03-19,0.7331919675955035,0.25517335199800745,0.23720314960632688,0.17873368407044454,-0.15044044254520558,-0.21619010045995993
2021-03-22,0.7358248769884005,0.2477162501481524,0.23098474625955764,0.17997271992408406,-0.14807160292601856,-0.21106360988933462
2021-03-23,0.7361162553649077,0.24849537491887866,0.2344015751284177,0.1853338789992513,-0.1490461617154154,-0.2117293262787527
2021-03-24,0.7375651192084078,0.2573668918539534,0.24548596169971376,0.18577199443158,-0.15000631810273946,-0.2137592035164613
2021-03-25,0.7370768599214649,0.25680969899626604,0.24694651149731342,0.18403097241140126,-0.15435921859428184,-0.21224522482885763
2021-03-26,0.738200270685507,0.262506922902742,0.2570918395883331,0.18486862112922336,-0.1587541824439109,-0.21374641845355846
2021-03-29,0.7384509335999649,0.25630265901116006,0.2521295411435811,0.17734220590175326,-0.16696052474547993,-0.20579548439959353
2021-03-30,0.7383029960702526,0.26111654003832624,0.25756335743538583,0.17615870112012633,-0.16522127301952216,-0.20907660872039827
2021-03-31,0.7375215295956006,0.26222746955600307,0.25814565526461203,0.1788191740698411,-0.1655396008162809,-0.20965518624501872
2021-04-01,0.7372766358356766,0.2686789646814469,0.2664704177703545,0.1795678020591246,-0.16796405148767576,-0.21121073494601586
2021-04-05,0.7349886771757689,0.26948821079532875,0.26672422232317844,0.17567737761087415,-0.1750487968495266,-0.20673254529822477
2021-04-06,0.7347540064337921,0.2694658883070549,0.26681108296766265,0.17557951972725602,-0.17429841990375047,-0.2079345947723262
2021-04-07,0.7334406819319438,0.2338518700319995,0.22524139713295846,0.15494422999608842,-0.18324368751177936,-0.20236708072571463
2021-04-08,0.7337761983461389,0.23452280861917363,0.22514895180383196,0.1559088408815853,-0.1919009035461425,-0.20160917368176995
2021-04-09,0.7337515790368249,0.23183913351578056,0.22143711759548246,0.15663815321957267,-0.1936358339889545,-0.19973134316696908
2021-04-12,0.7338172168107104,0.2317779705512595,0.22317555204392364,0.1648595622736103,-0.19678677553316812,-0.2001101912616659
2021-04-13,0.7320026382341029,0.23602726019520673,0.2183936614285554,0.17145978139694984,-0.20327039760331728,-0.20217939957976763
2021-04-14,0.7297983881696374,0.23614223024627432,0.21938097943866686,0.16954089428042085,-0.20501505855671284,-0.20155394878636482
2021-04-15,0.7287810794337006,0.2348153113196173,0.21693953074068478,0.16805236750013514,-0.2017793775885182,-0.19974978695802567
2021-04-16,0.726928022315711,0.22963520097261478,0.21504013650560158,0.1693053296602458,-0.21557002900525962,-0.19882240808034282
2021-04-19,0.7325558450920324,0.23512518628745233,0.2217187789280423,0.17131102905855372,-0.2013830013616102,-0.20456679698817276
2021-04-20,0.732213774157254,0.23105739020226015,0.218484929557835,0.1728952917728769,-0.19798949496763069,-0.19983581829027647
2021-04-21,0.7294119047563103,0.2327292122809862,0.22047336553703806,0.17280842244629735,-0.1978822297305051,-0.19965969838787598
2021-04-22,0.7266082566389515,0.22839079001037355,0.21580984631258548,0.16694766737538025,-0.1992327629336759,-0.19661755840762793
2021-04-23,0.7276609280395289,0.22645122953633623,0.2140170970690933,0.16723762954546198,-0.19604900482451917,-0.19445534140503698
2021-04-26,0.7288272318392329,0.22740119024200023,0.21327050789982893,0.16783727985789426,-0.19581552286931125,-0.19270567228383564
2021-04-27,0.7284420075876609,0.22513732835405434,0.21094774835252525,0.16901743635234368,-0.19307908138196994,-0.1910580462048147
2021-04-28,0.7277849111390102,0.22481291109232876,0.21057046469008167,0.16857793010950683,-0.1940758851659089,-0.1912098885537191
2021-04-29,0.7258805038412625,0.21552597068259008,0.20130539350196341,0.17140655923294684,-0.1910537385601685,-0.1874514872818203
2021-04-30,0.7213307103868273,0.21472138691200762,0.19851177873751835,0.1682507775828042,-0.1963952169276042,-0.18391984361600672
2021-05-03,0.6990786104179538,0.20921931522831644,0.2019620858458811,0.17945067957494557,-0.20338565300608227,-0.18416211846827168
2021-05-04,0.7011109693173039,0.2164408312441889,0.2052484751049485,0.18420580397113578,-0.20377344316840387,-0.18831168230370257
2021-05-05,0.7031720066604731,0.21507987770061027,0.20540763961874076,0.18536753105664813,-0.20190024702899517,-0.18998964053616013
2021-05-06,0.7047325495482306,0.21531996289552854,0.20348864021827967,0.18109801966919148,-0.19879952768804288,-0.18890138442120502
2021-05-07,0.705030873082569,0.21354736766610694,0.20165592907112023,0.17801630793970946,-0.19452060118921624,-0.18581532694089678
2021-05-10,0.6933513731116285,0.1968302517113081,0.19315270770097864,0.17872079778747674,-0.19298255953344792,-0.16828114659968002
2021-05-11,0.6840774461669968,0.2029423733591705,0.19137864570665974,0.17274966241975837,-0.18112089791559197,-0.16748764228651467
2021-05-12,0.6880092955955053,0.21601102109590378,0.20558693278939616,0.1762646740679493,-0.19200697435812294,-0.18759446195863683
2021-05-13,0.6867907227153721,0.21895730571158936,0.20896841039610733,0.17508941134568562,-0.19540209920957,-0.183778325691836
2021-05-14,0.6847711779302197,0.2251392247670266,0.21396879641426145,0.1779117161978621,-0.2012064271424407,-0.19439222264747688
2021-05-17,0.698646472603799,0.22620263996556828,0.21432566409775522,0.15428660879154557,-0.19337349197966167,-0.19903028441812678
2021-05-18,0.6967036013828855,0.21904404269665492,0.20264377825249147,0.16117445036760097,-0.1862553027076035,-0.1930868598921056
2021-05-19,0.7138277508467987,0.2099063569958832,0.19943058680589792,0.14096889280656244,-0.2063378987089977,-0.19266741944389643
2021-05-20,0.7174984056827473,0.21889402709763875,0.20671050728570048,0.14065786407214975,-0.21314267448551896,-0.19938751451270434
2021-05-21,0.7215798810739292,0.21834464409458557,0.2040077600862039,0.13684331870842048,-0.21520813335010314,-0.19279159848410798
2021-05-24,0.7222233169738042,0.22117040631392507,0.20662756491755746,0.13711022672753428,-0.22002316299177896,-0.1960915479112419
2021-05-25,0.7214800346369213,0.2211974059003194,0.20898304202579007,0.13478720384267132,-0.22896549900055055,-0.19599865448900888
2021-05-26,0.7214515745052329,0.2213975672393766,0.20781343651568537,0.1346701129350879,-0.22425794273300959,-0.19846913927375917
2021-05-27,0.7214636185881684,0.22273799626351048,0.20843492390893836,0.13538429698536283,-0.22052365975286306,-0.19772269842786272
2021-05-28,0.72526051982273,0.22188931706154777,0.20733731342250755,0.13281572960754343,-0.22105576071324043,-0.19673718106774493
2021-06-01,0.7226972758601776,0.21947635222566378,0.2056882211055993,0.1329608682844119,-0.21614481943664832,-0.19528690080997618
2021-06-02,0.7224353713022066,0.22067027876681145,0.20796721080637906,0.13131457372272679,-0.21714354203933744,-0.19769231082169328
2021-06-03,0.7229572774607335,0.2176155382372983,0.20580783882636983,0.1279865892466167,-0.20940494677678959,-0.19590159205316204
2021-06-04,0.7245778664619257,0.21275228477493252,0.2021164400525882,0.12476059302257447,-0.20614821220828664,-0.1901313575007343
2021-06-07,0.7228805131745403,0.21447547755140814,0.207668855029186,0.12200201006736344,-0.2035999419345939,-0.19102733814671352
2021-06-08,0.7227310463248858,0.21379618272607723,0.20746684568650486,0.1220472213945996,-0.20420476720838235,-0.19257250585744617
2021-06-09,0.7186682019843499,0.21359572540410865,0.20651925295998091,0.12298199069979539,-0.2048195791299914,-0.19097216053306967
2021-06-10,0.7188931450538555,0.21145937781727545,0.2050627583044293,0.12272969632721914,-0.2046035792844189,-0.18519038564283147
2021-06-11,0.7152457858941397,0.1999339396717454,0.1926375378654374,0.13022786255927044,-0.20101591696241047,-0.17084459756673423
2021-06-14,0.7164719580456608,0.2007623677525293,0.19192501423773584,0.12730994349352417,-0.20387431466756953,-0.1672434916336617
2021-06-15,0.716460569315111,0.20267167042081657,0.19355462178925686,0.12555190993641707,-0.20979755266585293,-0.16823820756019275
2021-06-16,0.718527177268754,0.20325488644395726,0.19683661484409173,0.12327745787956296,-0.2204189877070903,-0.17256713141456836
2021-06-17,0.7184561289256182,0.2029307990338031,0.1965714086894153,0.12057102357802955,-0.218449982912452,-0.17248570703799584
2021-06-18,0.7198407939971315,0.20561075308116344,0.2012783338947257,0.12140053247832493,-0.22173854788092648,-0.17922514409626353
2021-06-21,0.7273171526992458,0.1978847097339457,0.1839835250920961,0.1148195747665906,-0.20634929009382783,-0.15549178733283434
2021-06-22,0.7259448486600285,0.1954613929049473,0.18215768252570055,0.11344236768823893,-0.20188206261427896,-0.15092666792043521
2021-06-23,0.7265042247249541,0.19534563257294238,0.18131182300051338,0.11440200074899178,-0.20126463264953648,-0.15145565278606238
2021-06-24,0.7253934783658524,0.19201545597462208,0.17689398761878822,0.11385327242428013,-0.19868874290360053,-0.1491699945287711
2021-06-25,0.7281067325375398,0.19312507660839218,0.17645265086960293,0.11288865936819148,-0.19733665428650637,-0.14789948007082843
2021-06-28,0.7312777799142258,0.1951563675014208,0.1750128366207858,0.11398709633824662,-0.19351374119447717,-0.1447352787066369
2021-06-29,0.7315018245324293,0.19606108959381957,0.1766325047474037,0.11245435277520001,-0.19215174176772548,-0.14559776123376492
2021-06-30,0.7289238586358847,0.19724204065695927,0.1787272589132097,0.11445521572670364,-0.18871500911521763,-0.14640939119202953
2021-07-01,0.7301433396147754,0.19648752898772262,0.17603285757110146,0.11380739959287896,-0.19045928066833337,-0.1444070301207234
2021-07-02,0.7300849520866898,0.1969376606564384,0.17656205198787728,0.11453193725299901,-0.19021560538040833,-0.14496617019464714
2021-07-06,0.7287562584013947,0.19394967503270422,0.17204013569355636,0.11595878519699901,-0.18254254026291186,-0.14016449016647897
2021-07-07,0.7286953299281724,0.1934274204295776,0.17103137638840799,0.11663776406956138,-0.18245300263519243,-0.13941126865198525
2021-07-08,0.7290104592095762,0.19523810664780378,0.1750521700808803,0.11607660216757353,-0.17592554698055862,-0.14857865371101223
2021-07-09,0.7286460647139515,0.1956989923631238,0.17415097260740917,0.11521520804649804,-0.17505969178027225,-0.14717899516521266
2021-07-12,0.7289247759496685,0.19565250273702364,0.17434244039865623,0.11578233244340681,-0.1761463062825157,-0.14810222886517252
2021-07-13,0.7289687502059639,0.19638236376946222,0.1752143141200306,0.11560893709743061,-0.1808741360515891,-0.14988011954330335
2021-07-14,0.7288186840356533,0.1963755686176609,0.1761669255709729,0.11627001362394,-0.18187947514999991,-0.1511141857055317
2021-07-15,0.7293694899331152,0.19820949462113066,0.1782802556814057,0.11560491699057823,-0.18408072388385271,-0.15336410470911285
2021-07-16,0.7294325989649184,0.1981244681529883,0.17857638822096472,0.11552728812770678,-0.18331975428910036,-0.15431016179258686
2021-07-19,0.7297535109954412,0.1999166528033216,0.18176550083533133,0.11650914010939747,-0.18595417766525943,-0.1594550861015959
2021-07-20,0.7298159612616415,0.19850655770038825,0.1788466421556961,0.11622225274076164,-0.18620539621347604,-0.15609816727280984
2021-07-21,0.7318448689179169,0.2023720142756517,0.1820760146300925,0.11177997749695799,-0.1872826604900693,-0.16228963759045464
2021-07-22,0.7321859500235905,0.20243706661187533,0.1808375917215802,0.10862259901366231,-0.18601131190280942,-0.16174731016747448
2021-07-23,0.7329775277637681,0.20926482991513878,0.1864647739676811,0.10587998100845068,-0.18371228008866056,-0.1647184972818137
2021-07-26,0.7312717077079471,0.20958216440720692,0.18720457690186754,0.1053710657586343,-0.18509102250155374,-0.1638314808460735
2021-07-27,0.7263121631216385,0.2011187871503869,0.18290551429214566,0.09432732439175262,-0.170995515077846,-0.15903025773460883
2021-07-28,0.7260494008941032,0.19991617466700093,0.18217663634971454,0.09530645047498937,-0.1704623232352618,-0.15812408813748172
2021-07-29,0.7257746012778948,0.20032136342604082,0.18329227475643872,0.09749407277016214,-0.17312265978340452,-0.15894622156524968
2021-07-30,0.7264061785107004,0.1986903025270162,0.18345627853054502,0.09720604494281172,-0.16966392953719506,-0.15924553306777223
2021-08-02,0.7171829241412218,0.19738786171879805,0.1816316828809174,0.09677949573144691,-0.17336224777201148,-0.15641322375015923
2021-08-03,0.7223857324146211,0.19140220651990567,0.17633846489988367,0.09709988755115574,-0.1745674021869903,-0.1534846228726608
2021-08-04,0.7231580394257102,0.19096260154172087,0.17307049948450348,0.09747314231196892,-0.17125066696479738,-0.15325685903517228
2021-08-05,0.7235140647238154,0.19132662590239632,0.17322050407825748,0.09568072290712329,-0.17022280895037747,-0.15351356310583014
2021-08-06,0.7232213272322632,0.19208334116682713,0.1741795038370056,0.09437124992552239,-0.16786289631533957,-0.15426425898240373
2021-08-09,0.7248430851964359,0.1900175906962168,0.17266962052790227,0.08035106771613905,-0.1609178903151605,-0.15240652910649785
2021-08-10,0.7247135116095512,0.19125846754901474,0.17241987581923945,0.07875296203808982,-0.16221234321622546,-0.15246204199990734
2021-08-11,0.7240812294711426,0.1883020986294024,0.17024864270412265,0.06947595504920756,-0.16181308639838402,-0.14993387947165843
2021-08-12,0.7245030525786578,0.18687061186495108,0.16835432062599984,0.06936377359268997,-0.16222898372318648,-0.14779379066869067
2021-08-13,0.7271648074050667,0.1860890398744177,0.17028252313223982,0.07055497151305706,-0.1674295108861303,-0.14794929444792512
2021-08-16,0.7281427604308313,0.18683330826112934,0.16960715451897249,0.06894573111105912,-0.16804466842516302,-0.14950706524162644
2021-08-17,0.7307107498951609,0.19009941200040173,0.17211006719808183,0.07335931120295547,-0.17328314345147616,-0.1535687912140285
2021-08-18,0.7306188305142952,0.19084796090160366,0.17219599129182486,0.07439338438661926,-0.1768117857679625,-0.15260733745890445
2021-08-19,0.7307796837543478,0.18951214753017734,0.17077596275694024,0.06941161066872052,-0.16853386757010178,-0.15094198676663745
2021-08-20,0.7305277513284365,0.189898198121543,0.1713974486395704,0.07080676429127877,-0.16854622279040238,-0.15253457090787956
2021-08-23,0.7301397613805773,0.1910266366230507,0.17275428395930087,0.0711629525592066,-0.16241724396654597,-0.15306862849761815
2021-08-24,0.7309153116322035,0.18913156716591617,0.17071874740318257,0.07138015834261605,-0.1620201879166933,-0.15300035516876093
2021-08-25,0.7299889481191547,0.19160498735087633,0.17218111384701645,0.06800890631396361,-0.16620025902702742,-0.15411651741098414
2021-08-26,0.7306103858960279,0.19361770866296274,0.17424389763875353,0.06773288243949292,-0.1678810586656401,-0.15731969789263545
2021-08-27,0.7310392039879527,0.19511485413838203,0.1760704887119694,0.07001409335178764,-0.1703342409439047,-0.1601327309457279
2021-08-30,0.7306893554960671,0.19367713945460074,0.17484066707322404,0.0679653542148871,-0.1685982010070754,-0.1590339570341247
2021-08-31,0.7311995032661972,0.19153858807768914,0.17606675361971283,0.06829466067547675,-0.16560387850156552,-0.16816145310637404
2021-09-01,0.731516657759495,0.1878881412333818,0.17227394876019808,0.06749466918512316,-0.1719189228600695,-0.16886978054973695
2021-09-02,0.7298703211224565,0.19208982531829805,0.1810970784757321,0.05979915464841331,-0.16392166433307442,-0.16847726352835452
2021-09-03,0.7248441539788582,0.1663895980476709,0.15537026399949444,0.05958762570458778,-0.16901198189519193,-0.14849001000004314
2021-09-07,0.7279669093410698,0.1654772151072046,0.15825317185121784,0.07434915626699923,-0.17997094865051896,-0.1581247501406602
2021-09-08,0.7276555920949805,0.13996073142586044,0.13472875463232856,0.0790538582765651,-0.16217845336757844,-0.15696417094086346
2021-09-09,0.727492883734985,0.1380443422000703,0.13324585954370646,0.07735743444413247,-0.1600962990438227,-0.15635851220877073
2021-09-10,0.7285111614947999,0.14605720203652975,0.1430189521551961,0.07778633618739038,-0.16185351732896588,-0.16232480307590305
2021-09-13,0.7284244659499185,0.14634557963337608,0.14315002289025877,0.07842189828189702,-0.16171253886708695,-0.16265036268523975
2021-09-14,0.7290085051551891,0.14602389265292293,0.14199901512206453,0.07989483053259566,-0.16174000377839076,-0.16254790365437877
2021-09-15,0.7299244363960803,0.14987431067582185,0.14511638441219787,0.07870064147495574,-0.16310039916510308,-0.16470887002118528
2021-09-16,0.7301760420464236,0.1498136755009801,0.14531826281712792,0.080613040810656,-0.16397827606226908,-0.16501525756617294
2021-09-17,0.7315030804186944,0.15652993485993594,0.15245098507421873,0.08446250681944892,-0.16508920391348877,-0.16959570245742248
2021-09-20,0.7362246350644683,0.16964221891185102,0.16610197009915287,0.07841479346327265,-0.16487357555141105,-0.188101840232625
2021-09-21,0.7365054762246188,0.16842999588789334,0.1579829855230411,0.0577574951002015,-0.15192851405757207,-0.17962402385366455
2021-09-22,0.7383564996955294,0.17245438317799833,0.16282466013619593,0.057888012675121774,-0.14686696972626834,-0.18835555211493993
2021-09-23,0.737870318474761,0.16356979845673,0.15343333681138804,0.04772449841710284,-0.1424667886299663,-0.18607957413553894
2021-09-24,0.7382329544416696,0.16332201276527156,0.15240948265533213,0.045064924754559504,-0.1453646199931145,-0.18315918005056794
2021-09-27,0.7382339615110961,0.16456394091915683,0.153451409519239,0.04506027369621876,-0.1455804928720238,-0.18361550754727787
2021-09-28,0.7387768765472588,0.17059184605459218,0.15974582478136273,0.04732641870075998,-0.14908679216771414,-0.18871628077339425
2021-09-29,0.7387918064331569,0.17055583677661326,0.16009554402587298,0.04673229507318424,-0.1473372780435422,-0.18884013441900485
2021-09-30,0.7392150665548656,0.16957472807914006,0.1562339108448185,0.05088624090988776,-0.14792516373616416,-0.18788850164805257
2021-10-01,0.7409794635458842,0.17421394215441843,0.1622041448989993,0.053221364794200345,-0.1518220978431134,-0.19220033566009614
2021-10-04,0.7409957148501457,0.1696600910518881,0.15871923248646017,0.052971293056776114,-0.15159981045398296,-0.19048046561865548
2021-10-05,0.7411150288829857,0.17083119330106608,0.15997689170804516,0.05190788351120279,-0.1500464796904977,-0.19181235717185835
2021-10-06,0.7389162187704802,0.1679212642347834,0.1565391090770499,0.05053908295874226,-0.1470258286193111,-0.19046272373904652
2021-10-07,0.7384866138112458,0.16869979051442643,0.15777008132161505,0.050342316139771824,-0.1473142224867861,-0.19017421901022813
2021-10-08,0.7383951006211775,0.16880413535608238,0.15748187272814804,0.05013536535815046,-0.14672804791494065,-0.18917804097695812
2021-10-11,0.7356478780311914,0.1676075395775707,0.15660048527613432,0.04747165697877207,-0.14486578338770267,-0.18864793887223585
2021-10-12,0.7352010690031674,0.1634283208930815,0.1530732721004418,0.04663954534712584,-0.14576616308983106,-0.1888123175574336
2021-10-13,0.7351876472355664,0.16385337353587798,0.15237567889114126,0.046636774040198774,-0.14552313523638494,-0.18897209075792945
2021-10-14,0.7343177835774478,0.16590613532143408,0.15500469851251913,0.04759741016527836,-0.14675058693103202,-0.19088837690528537
2021-10-15,0.7326915779186123,0.16576231552911316,0.15508511703440722,0.04647425822780059,-0.14621446410042882,-0.19087478402396224
2021-10-18,0.7319876591525606,0.1633521563704528,0.1542228715763342,0.04649438516632282,-0.1477180714164701,-0.1904754578593852
2021-10-19,0.7319407641524442,0.1672271869250735,0.15962800818361184,0.04642200058944283,-0.14729009180159,-0.19246492430735054
2021-10-20,0.7327968715271092,0.1670333894853086,0.16147158220333505,0.04962726036522646,-0.15262544191582647,-0.1925271607979859
2021-10-21,0.73200270532673,0.16721866001479946,0.1622977723973169,0.04777234862507216,-0.15012726100374643,-0.19119205172099624
2021-10-22,0.7325957611363325,0.1683071017946827,0.16163921276116883,0.04945757232459536,-0.1524065641191363,-0.19135615095535322
2021-10-25,0.7330312123667799,0.17027471177300882,0.1630043066244403,0.05118316186274537,-0.15100089921101298,-0.19176930074393275
2021-10-26,0.7340304601633506,0.16696008743935095,0.15819440012777353,0.05252620945054567,-0.14949008245279552,-0.18873207669569983
2021-10-27,0.7348685221454141,0.16672507533408162,0.16083965758160018,0.05112084242712345,-0.14791847258588958,-0.19121054741292606
2021-10-28,0.7346811422079261,0.1655118502622822,0.15899357862500685,0.04773464545914745,-0.15080054646770868,-0.18786270491803497
2021-10-29,0.7349697251150413,0.1673988341854471,0.16068532137424532,0.046095293762845095,-0.1455060650768098,-0.18891967137045262
2021-11-01,0.7353562035380663,0.16573201647863192,0.15956380758247674,0.04562428833685813,-0.14366638466657686,-0.18894359396948793
2021-11-02,0.7357512216907335,0.16622508107688022,0.16146448389042664,0.04505112198046872,-0.1414768459396602,-0.1895708340293107
2021-11-03,0.7359997639443323,0.16642115738936697,0.16230619246929556,0.04525781148350929,-0.14170828048802078,-0.18924020339226136
2021-11-04,0.7361692904396636,0.1639707858977755,0.1599185315372233,0.043789408817436426,-0.14259715828417321,-0.18809143409125637
2021-11-05,0.7391336890309915,0.16303453664716314,0.15861466037105582,0.03976047604908203,-0.14162887135504895,-0.188143807649935
2021-11-08,0.7420884860498395,0.16346463384225515,0.15961623156714672,0.04059800381530597,-0.14008479614585428,-0.18090895243972044
2021-11-09,0.7419944928935868,0.16220132356737885,0.16352255044164205,0.03267003210034079,-0.13725801740622026,-0.18070699513448554
2021-11-10,0.7422733670545019,0.16503393530491536,0.16516026857518837,0.030768528321598005,-0.13990733071102815,-0.1816165362706361
2021-11-11,0.7420416770998354,0.16427272703634782,0.16441645226510176,0.0322294484583567,-0.140275105088583,-0.18129548926105785
2021-11-12,0.7431949028334658,0.1625662471504472,0.16274773647771298,0.03241782284941666,-0.1402492814058094,-0.179265462892629
2021-11-15,0.7434767891738946,0.1620669365076232,0.16196935108069976,0.03179499213003532,-0.14097564048485658,-0.1786932051908325
2021-11-16,0.7464892363942519,0.16019877377487926,0.16349106798057642,0.03531482924107399,-0.14945891942374132,-0.1787122979767695
2021-11-17,0.7463031646709547,0.16066067283004262,0.16496754370887673,0.035979076789421895,-0.14866378500213612,-0.1787447665632252
2021-11-18,0.7477464652069582,0.15857284734345614,0.16313926222486128,0.03766930874382236,-0.14399258719139787,-0.17961501356451828
2021-11-19,0.747602291174369,0.160462910569379,0.16229633015519426,0.03470390795262422,-0.13734469112738937,-0.17908450867950196
2021-11-22,0.7474779899387324,0.16644062572744503,0.16856626712087966,0.04017783348610478,-0.14240633835674116,-0.18303784025141412
2021-11-23,0.7598520879498095,0.16539902711826238,0.164912695010163,0.05552963996814057,-0.14750637361064456,-0.17937710036109725
2021-11-24,0.761464203062185,0.16617228027224512,0.16759225497898128,0.054187241048418926,-0.15014885055020283,-0.17891518806153717
2021-11-26,0.7621219403569113,0.17332762186707193,0.173556066730937,0.05416242362491556,-0.1437545115265795,-0.1872430394477102
2021-11-29,0.7613045948393865,0.18595955588600474,0.1821372740339622,0.045172680679648844,-0.14451244332929822,-0.1995705647967822
2021-11-30,0.7541961130618751,0.18549933303289093,0.1837081799513652,0.04812613204945516,-0.14984296572598654,-0.1950614368806657
2021-12-01,0.7534229565420596,0.19023634619924198,0.18935912479261494,0.05518948430327825,-0.15718937542731104,-0.195636993927733
2021-12-02,0.7535439855250119,0.18910087272216708,0.18577483373062517,0.05640574412953561,-0.15714550068850305,-0.19336408669733401
2021-12-03,0.7547095542469852,0.1952577808702893,0.19020663202535099,0.04983784585492344,-0.15517080056086252,-0.19706650169175527
2021-12-06,0.7497281928507845,0.19974880987779628,0.1974762453543865,0.049430385631172316,-0.15544301046548892,-0.20028742589818602
2021-12-07,0.7494621440678971,0.19367950352615237,0.19327275131731783,0.046664998136032435,-0.1560889563694476,-0.19593179890132592
2021-12-08,0.7480621145326803,0.19620012113207208,0.1949437199995556,0.04908646247956312,-0.1553321852645896,-0.1985763022589607
2021-12-09,0.7495231978890062,0.2066111808521902,0.2010148097329647,0.0547579324235219,-0.16047314284943084,-0.20354174637560124
2021-12-10,0.74899586097083,0.20504991194915112,0.1961301333773036,0.0528115874579128,-0.15980094548464374,-0.19649599009427726
2021-12-13,0.7489394686981768,0.2068757670401673,0.1978843088746508,0.05301645908157458,-0.16040981269450572,-0.19758323659297744
2021-12-14,0.7479523682480237,0.20650139957768116,0.2014480059318595,0.05632671657958406,-0.15795532753106437,-0.20106463566137867
2021-12-15,0.7487815270127032,0.21202346647424603,0.20756882940664081,0.05492446933007335,-0.15897201609064843,-0.20538312689285348
2021-12-16,0.7479780019658834,0.21155718199488988,0.20843131997603204,0.051115506980224504,-0.15600850455503762,-0.205710599141158
2021-12-17,0.7504073251721937,0.2117565347730533,0.20987138663759872,0.05034111498273705,-0.15887264424807793,-0.20637173556289234
2021-12-20,0.7503716709871947,0.2108033455909159,0.20880085682033253,0.05012572575247255,-0.1594251071878906,-0.20584825021329792
2021-12-21,0.7505571015496153,0.2105959222351379,0.2067797802172298,0.04841033234016838,-0.1601044520702127,-0.20020886245327252
2021-12-22,0.7503632038057572,0.20864725858747762,0.2059900057821274,0.04892048052393221,-0.1632365015768367,-0.19757817221619323
2021-12-23,0.7506200296157736,0.2083980671930761,0.20723449820337939,0.05239153558520042,-0.16906788581908347,-0.20099732715864185
2021-12-27,0.7504344203810689,0.20592285023382007,0.20344155566360833,0.05195653466781639,-0.16859747353175875,-0.19915248176175185
2021-12-28,0.7450587742695354,0.20459238217072867,0.1975654139100459,0.05332619250618521,-0.1710268352112646,-0.2019133274038313
2021-12-29,0.7454868142086266,0.20477602820548094,0.19712017468625143,0.05418124851312061,-0.1684450411182066,-0.200468446714656
2021-12-30,0.745999840724762,0.20448669941538739,0.1965113412880633,0.053870346716979135,-0.16736212017978716,-0.2000384677836234
2021-12-31,0.7463507536876758,0.20498481484509193,0.1979882047899107,0.05323099215265906,-0.1650086149987161,-0.2000176369656753
2022-01-03,0.75132251098787,0.24615196692485017,0.2509555686914268,-0.005638898328707753,-0.16522610908557636,-0.25255832494757413
2022-01-04,0.750461841614532,0.243299751005432,0.24914826454322,-0.006923980424279211,-0.16122525898268555,-0.250893628766181
2022-01-05,0.749526686027254,0.2558613418884526,0.2543512325768225,0.004050033423271261,-0.16081361743226993,-0.2567661943032769
2022-01-06,0.7512339214562537,0.2569508000007429,0.25497559021908617,0.009292462499381537,-0.16189023216750967,-0.25634819675191967
2022-01-07,0.752961985255069,0.2605105561430231,0.25714310469871854,0.005777904634786503,-0.15290918539039533,-0.25363000475553205
2022-01-10,0.7482379638626266,0.254252457871645,0.25309032261777126,0.012709585544322471,-0.14546748592398143,-0.24758133246708652
2022-01-11,0.7477779522716136,0.257452024896307,0.25526538559688533,0.014991696227353711,-0.15464080613572445,-0.2501404952880049
2022-01-12,0.7466747407049993,0.2568505125105364,0.2555284429083855,0.013137071824432273,-0.16254900714726944,-0.24924490702354332
2022-01-13,0.7459853729200355,0.2611843020724865,0.26157506842305317,0.014942588393922259,-0.15929479543813943,-0.25491868163938647
2022-01-14,0.7457625998037851,0.25989039645717155,0.259662105592236,0.011306831496719016,-0.1541397249170387,-0.25424750644787314
2022-01-18,0.7599143480555689,0.2553632217515713,0.2585870751860163,0.005951158534909188,-0.15055562933452923,-0.25621599328554057
2022-01-19,0.7601981065309085,0.25772240177070715,0.26092131707777355,0.002903725719814624,-0.14911936141490986,-0.2571235223924034
2022-01-20,0.7505040660215667,0.2717780600521228,0.26846403657130974,0.0026194864377919653,-0.17109962068103995,-0.2663372819447356
2022-01-21,0.7543908864186321,0.29051744252342193,0.2900532420783166,0.01280625318914335,-0.16723114499326605,-0.2784537603150311
2022-01-24,0.7568613100301504,0.28671996256793164,0.2879936280536073,0.01105786194604911,-0.1716957842303585,-0.28266267385766297
2022-01-25,0.7568939378551399,0.28420952035028446,0.28674954355197096,0.01157735438329991,-0.17080740419995052,-0.2823822802022759
2022-01-26,0.7550100151163546,0.27615550103038483,0.276596108717265,0.009523676164853764,-0.1628751132414471,-0.27083914430637385
2022-01-27,0.7544770024731924,0.2759154514911349,0.2742118825922325,0.014012244383339931,-0.1619595055942605,-0.26428675718850053
2022-01-28,0.7542155326673002,0.28541404933283854,0.2868568897980134,0.01117976935958445,-0.16276799390810892,-0.2699551896339475
2022-01-31,0.7542791308710165,0.2939796848086746,0.294279562923919,0.013934238644738455,-0.1680404196120295,-0.27435246361108323
2022-02-01,0.7523358863060118,0.28922331775995436,0.28837239583199825,0.026445142203123374,-0.17336771980456261,-0.26723419656963626
2022-02-02,0.7512960585543283,0.28918396159268855,0.28566234497205234,0.02436783533703018,-0.16734473674287867,-0.261691146881355
2022-02-03,0.7512352813802994,0.2877042635737914,0.28560414333775086,0.017369071045730627,-0.16302710526336694,-0.2633673881156162
2022-02-04,0.7541321697176521,0.2925873358519047,0.286481800835917,0.01241718797088013,-0.1537915880175634,-0.2640204333518208
2022-02-07,0.7779315008478768,0.290199564638829,0.28403115682567426,0.01406244572793836,-0.15424550488769428,-0.26449797120156193
2022-02-08,0.7777676843782879,0.2889337237184454,0.2831923827464289,0.013714838966259904,-0.15428167835285359,-0.26393423796651716
2022-02-09,0.7777336816124902,0.29070308189901184,0.2850604754979171,0.015225075070259978,-0.15564993351640638,-0.2651203503303704
2022-02-10,0.7791954881683574,0.2942425557821678,0.2893800543154949,0.016284281316340306,-0.1560044196259375,-0.2692851665083704
2022-02-11,0.7803369102079853,0.2978451811019752,0.2929083916815207,0.01574663988951693,-0.1606683475024315,-0.2717893139790871
2022-02-14,0.7837134923280314,0.2974654808820999,0.29269598483008197,0.012153264492863193,-0.1604885168470037,-0.2703206270431321
2022-02-15,0.7849936821761089,0.30560594870780394,0.2991514211203813,0.011796509763821898,-0.16963834538304784,-0.2747316683727567
2022-02-16,0.7864979856611178,0.30786280983732683,0.3011877555897739,0.010330983473720879,-0.16520603784863971,-0.27558855270526045
2022-02-17,0.7920870591252951,0.31587353944899715,0.3099188111604118,0.0004813538686818578,-0.16561295467006806,-0.2819699175333071
2022-02-18,0.7925000016630841,0.30895394376967905,0.3074849371927748,0.012922483097557393,-0.1759762567364882,-0.27867294071782067
2022-02-22,0.7892786715006395,0.3108731608053022,0.3138793418565285,0.01006589355479113,-0.17307631735321077,-0.2835780749349371
2022-02-23,0.7891805413143357,0.30982248236000764,0.3123182240092646,0.011011202489648453,-0.17355479082646147,-0.2828800521220722
2022-02-24,0.7872098426160905,0.2940409790853397,0.29899528447412715,0.0018312310453044874,-0.17311509003691003,-0.26827777115671525
2022-02-25,0.7872304185823763,0.298298276116032,0.30375230522731494,-0.011910516450441349,-0.17685956032385092,-0.27218680500737236
2022-02-28,0.7844660412234895,0.29138815891461284,0.29417046473609915,-0.007347236855483207,-0.1779118756524713,-0.26026488361165284
2022-03-01,0.784103126738179,0.28613287805015963,0.2881921610923598,-0.0026402906240314064,-0.1777140234326477,-0.25755894010673236
2022-03-02,0.7834371804679616,0.29497211692715547,0.29142430149841764,0.0023609813406128477,-0.17941323815420848,-0.2615595172872741
2022-03-03,0.783958799242243,0.296385876899994,0.2917524019469219,-0.00136970324344734,-0.1802442224473587,-0.26014258318042305
2022-03-04,0.7858779334765954,0.3029969283082721,0.29904758350638616,-0.010634382574185232,-0.1905921319203707,-0.26461543876546617
2022-03-07,0.7856804985776763,0.33713924005465423,0.31549339062979226,0.000986338194406751,-0.20994243524320513,-0.27695417827002117
2022-03-08,0.7866878144908875,0.3390067945820867,0.3130374422012221,0.003161768466813029,-0.21041547742904856,-0.277141056980379
2022-03-09,0.7892332632421106,0.34370491727707675,0.3200883204132207,-0.007602033567541169,-0.21959812731296519,-0.28228249336100175
2022-03-10,0.7898667641447776,0.3462493584670233,0.3209510887143861,-0.009487088069397314,-0.2226201147320025,-0.27862130496752574
2022-03-11,0.7901135202390708,0.3457699017235986,0.32180798680525774,-0.008756525894877892,-0.22240112348522859,-0.28067042040841317
2022-03-14,0.7908117471873869,0.34277117806711105,0.3206306897248847,-0.010018157381636233,-0.2228557406136999,-0.28016787703048757
2022-03-15,0.7907107405974462,0.34065121422925165,0.31891024616273506,-0.011149359837117151,-0.2229042096268298,-0.28026849958772276
2022-03-16,0.7921687740441804,0.34476284866190926,0.32327225427076817,-0.015334835811574256,-0.2284358089978025,-0.28356713617550583
2022-03-17,0.7918988700827926,0.34513557863416106,0.3225494371453704,-0.013087329763162544,-0.22759360191266997,-0.28279242154216583
2022-03-18,0.7920632177875437,0.3471990612239555,0.3249110064567811,-0.01603150686220523,-0.22580603290759438,-0.2842771823068242
2022-03-21,0.7907389239240679,0.35368276873554205,0.32966272139977604,-0.017365764075344122,-0.2293627621813804,-0.2918487627805269
2022-03-22,0.7909343644598029,0.3543215741128581,0.33043166391452833,-0.018693876755039706,-0.22960567942516466,-0.2920778792549606
2022-03-23,0.7904179699463609,0.34891771446186776,0.326076806271008,-0.016074511181914716,-0.22781893108141613,-0.2903954257136352
2022-03-24,0.7908053599994066,0.3495199784185371,0.32697961159985345,-0.01408963907770702,-0.2274177165033909,-0.29168563684234333
2022-03-25,0.7896917389713107,0.3470240327729761,0.3222479720285296,-0.01569591989166554,-0.2262723842849758,-0.2898255055736369
2022-03-28,0.7899897526815596,0.3529803113749587,0.32567948984914985,-0.01399635028036322,-0.22457057097368013,-0.29819946543603526
2022-03-29,0.790052407225769,0.35326739542158747,0.32647399652459985,-0.014358225125541475,-0.22627090647518552,-0.2982982065412067
2022-03-30,0.7905863145827864,0.3514918763237981,0.3260021104784497,-0.019446693918287072,-0.22343511945307248,-0.29829475809550915
2022-03-31,0.7910650181949476,0.35183133951388323,0.3265091670374995,-0.02265920783480028,-0.22425433176345133,-0.2981047342674361
2022-04-01,0.7927012353676012,0.34866783679557495,0.323060601613266,-0.027976652183946175,-0.21750486548087514,-0.3016477341651925
2022-04-04,0.792943044093501,0.34895104081389156,0.32362162558274654,-0.027522061289283913,-0.2160442754280489,-0.30218574783610846
2022-04-05,0.7925946532211104,0.35123946600901307,0.32681516693485435,-0.027334609698897717,-0.21735395252840836,-0.3084046555891557
2022-04-06,0.7930823049345014,0.3547856830012194,0.3295580356413314,-0.029581099457789802,-0.2142986581419579,-0.3100942953699659
2022-04-07,0.7931442245282587,0.35515197535815285,0.33078066829326086,-0.029183357101531214,-0.2137128779343255,-0.3105112211302733
2022-04-08,0.7928158578589236,0.35613752449302666,0.3312645090597311,-0.02798499370019591,-0.21355247551764803,-0.31068346303686034
2022-04-11,0.7928066418637708,0.35858745847007545,0.33611438203765626,-0.0326900082932696,-0.2105965109354749,-0.31578709679331396
2022-04-12,0.7946541369165818,0.3621019536204814,0.3380275262755157,-0.02827218282639248,-0.20756080689274922,-0.31724331488998997
2022-04-13,0.7951078088583495,0.3618289795962227,0.33769054545089466,-0.031713241072313963,-0.20892355013398842,-0.31800249588498336
2022-04-14,0.7950943169973559,0.36373622016032503,0.3403801590177302,-0.028511394554860132,-0.2120357159782632,-0.3195316929507725
2022-04-18,0.791518938937805,0.3611099603761748,0.33862437997609807,-0.03325617990136975,-0.22600218610443618,-0.3168113419776495
2022-04-19,0.7924417682884825,0.36541699771684566,0.3432256730333318,-0.0367586130546524,-0.2282763248275401,-0.3228948807824135
2022-04-20,0.795127359116918,0.36518058155389993,0.3430408252025639,-0.03746670041292582,-0.2256004038616093,-0.3219621046170956
2022-04-21,0.7976208097248078,0.3675584066285448,0.3461540054367459,-0.035808745400087265,-0.2268099845799948,-0.3246321066374508
2022-04-22,0.7974805734822138,0.3681858663124608,0.34413020973736946,-0.03565418855105872,-0.22949362342745355,-0.3235590720654572
2022-04-25,0.7963096400343842,0.36658519553022056,0.3445596563942764,-0.03794688953952401,-0.22674025303126102,-0.3256123719371428
2022-04-26,0.797460607037606,0.3742582529940956,0.35194006280321477,-0.03960090688454859,-0.2326158395618756,-0.33250621583046375
2022-04-27,0.7981955070671044,0.37470592285836335,0.35252106551996865,-0.040607219392260314,-0.22667540917590367,-0.3331321384598323
2022-04-28,0.7987942932797646,0.373380818076429,0.35109573848252507,-0.04038299534800651,-0.22358130038635432,-0.3335815962569751
2022-04-29,0.8033683593378517,0.37528133209414216,0.35245132689110453,-0.043435885824818395,-0.21864796659568322,-0.3362115555793932
2022-05-02,0.8275634060151139,0.3901395490543779,0.3582850433839633,-0.0677324554654764,-0.2046766119135736,-0.3423894611486282
2022-05-03,0.8274291715073121,0.38683613883648155,0.3556857426813743,-0.072028357556151,-0.20022880349302946,-0.3376209987976324
2022-05-04,0.8266661023512182,0.39376310722407387,0.3612379753061112,-0.07531574381727497,-0.2072663462648657,-0.3416250618109527
2022-05-05,0.8274064954257832,0.3993305881843729,0.3683765981649676,-0.07631496026424472,-0.2177878277575786,-0.34811971149599796
2022-05-06,0.82779449760151,0.4001213479806182,0.36917606162474265,-0.07687114872819792,-0.21958066757729058,-0.3483512194330744
2022-05-09,0.8480518125200954,0.443106252171592,0.4050284470561898,-0.06190357628079019,-0.2134604019493481,-0.38104922639273553
2022-05-10,0.8485809723633398,0.445210002015552,0.40948520816729994,-0.06452164811450649,-0.21044108417870028,-0.38841206250051513
2022-05-11,0.8508544699993875,0.4486764195889123,0.4092180232847516,-0.07531484035417821,-0.19793323183873696,-0.37402444344038066
2022-05-12,0.8496211128751113,0.44857215041806203,0.4113232194975599,-0.06878983963298552,-0.2039955278150777,-0.37782334382767596
2022-05-13,0.8533944452793603,0.44186856578253586,0.4062373619961036,-0.07639195115084978,-0.19786813944974754,-0.3693874774609751
2022-05-16,0.8471894994317568,0.45020479249255446,0.41418644111215797,-0.052924716110625575,-0.21041166891366808,-0.371935677694377
2022-05-17,0.84864992958756,0.45246508073959824,0.4180427765427957,-0.05226711544827146,-0.21139486499239546,-0.37574284732159846
2022-05-18,0.8472579562263599,0.4918640076173897,0.4498446226963009,-0.0363829023578312,-0.20394745560733565,-0.3987599499394663
2022-05-19,0.844567601058004,0.48597031850327727,0.44349523011062747,-0.031024859445868313,-0.20275710441809167,-0.39726999896865794
2022-05-20,0.8417175473968181,0.4897311429997549,0.4485629608733719,-0.034396622930039984,-0.20218837654064048,-0.40566835088310454
2022-05-23,0.8416327865347115,0.48635695404344675,0.4441515197101048,-0.03737553692820887,-0.19712322723601436,-0.40177211463801216
2022-05-24,0.8421444683736415,0.48379184354664506,0.44400119981968444,-0.038463258612323546,-0.19615462703275147,-0.4022458633463154
2022-05-25,0.8424357514670128,0.48097605265517374,0.4427457334555303,-0.03814430843631493,-0.20285421495132888,-0.3984986301206662
2022-05-26,0.8402947539309615,0.46730282829522807,0.42969149593611966,-0.039747005495851195,-0.1995798219910228,-0.39736698502546175
2022-05-27,0.8383878456186923,0.4612746028553361,0.42335387354701426,-0.03724423375207065,-0.19916937938786644,-0.39807614655861234
2022-05-31,0.8430454077796367,0.4568089597138257,0.41605456378850236,-0.04171904973977085,-0.19291381316274844,-0.39959014568024137
2022-06-01,0.8438073072708284,0.4573976220731722,0.41758628492145966,-0.04245665054896388,-0.20025674762561993,-0.39690452375528007
2022-06-02,0.8429036797658435,0.4597661359111149,0.4187314609519513,-0.033279133879501245,-0.2079257093100076,-0.39950201329657936
2022-06-03,0.842240300623342,0.4673170969825823,0.42521832728187475,-0.02563153692961869,-0.2157456189864119,-0.40637629797912567
2022-06-06,0.8457934663994151,0.46901963195807445,0.4257044325034141,-0.02578035749629324,-0.21515170594732172,-0.40569192562967277
2022-06-07,0.8460482772193263,0.46811521898943104,0.4237368617487388,-0.02717945424847211,-0.213840384617761,-0.4038250258232328
2022-06-08,0.8507604523103715,0.46879157322990694,0.42457426265222464,-0.02759227277479468,-0.21424511439240454,-0.40593631209655695
2022-06-09,0.8511723794187359,0.46951694156771573,0.42380786152167566,-0.027370721004199895,-0.21477691560200712,-0.41246361289017214
2022-06-10,0.854660239737771,0.4771355286871073,0.43206691943150355,-0.03787618770202414,-0.2203058457788518,-0.41647143740719683
2022-06-13,0.8729563063829529,0.5026582276039395,0.4693983360604882,0.026518447988434612,-0.25128228967749083,-0.4421287723350353
2022-06-14,0.8729198697624327,0.5040358155803876,0.4697337933752163,0.027007259958492912,-0.25023561762167745,-0.443564447572808
2022-06-15,0.8726242545702324,0.5061792983684974,0.4701512672277738,0.029694409720393295,-0.24346072365366767,-0.4421014483590839
2022-06-16,0.8754278528221069,0.5186565420777961,0.48442305675972297,0.01397017838275428,-0.19787794631133768,-0.4473215958993387
2022-06-17,0.8748187094372843,0.5183099980916565,0.4823419987856352,0.01148883779629219,-0.18943867967019315,-0.44417422261432193
2022-06-21,0.8706825930686781,0.5356514325665729,0.5075697355846429,0.021674644449200763,-0.20830730836652994,-0.47624643514330417
2022-06-22,0.8717742679847842,0.5347615569554585,0.5068171566838681,0.021638844656275386,-0.20450455738433537,-0.4731877035536113
2022-06-23,0.8722191112357343,0.5381931648874281,0.5102365853385261,0.016665826241551936,-0.20161934616971272,-0.4708216696884043
2022-06-24,0.8708737855250013,0.5427554588166975,0.5154457764369385,0.0168502097405375,-0.20433550701999814,-0.4727760822172863
2022-06-27,0.8695122439993072,0.5461150658761019,0.5204237482758522,0.017913178731278914,-0.20481899051172503,-0.4768126605682487
2022-06-28,0.8674380185424151,0.5484612997812692,0.5265647945677244,0.016965419632792564,-0.21091567574805986,-0.48475786400032905
2022-06-29,0.8666614235929885,0.5479243131231599,0.5265214714142841,0.02085372295109851,-0.21485272598840788,-0.48502890122845005
2022-06-30,0.8708100423948341,0.5497572116947154,0.5276059443573603,0.020086909168516003,-0.21649443407820265,-0.4854844798082272
2022-07-01,0.870026969388075,0.5518139483686217,0.530925441523504,0.021873975444734083,-0.2156361950951428,-0.487716992556371
2022-07-05,0.8707022779722501,0.5539847898283925,0.529570952969505,0.009114366311127466,-0.19475565972922435,-0.48391156191182344
2022-07-06,0.8729711376620605,0.5555499572684808,0.5329020113096367,-0.0007815862287428852,-0.1948084974836657,-0.49342111527343524
2022-07-07,0.8732475787476259,0.5572373991944488,0.5347405040805575,-6.106983087464894e-05,-0.19476847424996868,-0.4937373459995088
2022-07-08,0.8741451794837654,0.5577202854345102,0.533754629994294,-0.0008312112724674355,-0.20116456934397037,-0.4867846590230179
2022-07-11,0.8761904032169062,0.5614784792738688,0.5357165460127301,0.003503653782967168,-0.2135696490483064,-0.48951037996128316
2022-07-12,0.8767236348036481,0.5637586059442481,0.5390798066056798,0.0041385995633923065,-0.21298188091749892,-0.4911534420103988
2022-07-13,0.8777947685049408,0.561889865635613,0.535408737779284,0.008737147367099176,-0.21108837178120524,-0.48946530917914216
2022-07-14,0.8771040528523735,0.56092917289279,0.5326395188730856,-0.002729418636047288,-0.20243387277284625,-0.48822592170176043
2022-07-15,0.8767671824264822,0.5617256994863808,0.5337409688720632,-0.0021920816417809897,-0.20398662317600916,-0.48887684764916645
2022-07-18,0.8679509073200349,0.5318515927957636,0.501089432981577,0.0050760141623866295,-0.22377382799876236,-0.4605512039916279
2022-07-19,0.8646776471114437,0.5246057545685883,0.49173521597547276,0.004203492636297384,-0.21926110431016413,-0.4594855523080972
2022-07-20,0.8649119196178299,0.5247221913460217,0.49382357865766885,0.005017273928867235,-0.21969683475548163,-0.463179362936995
2022-07-21,0.8623034361126665,0.52555420796295,0.4938105285177323,0.01080991704791529,-0.21727882931871645,-0.4593358996944164
2022-07-22,0.862409067518716,0.5258648176596074,0.4942518105821179,0.009016611942179328,-0.21627772400290546,-0.4589789719499808
2022-07-25,0.8626333691967254,0.524441215293641,0.4910396527324904,0.011773525448507296,-0.21336185510568031,-0.45815682350319326
2022-07-26,0.8656034781965455,0.5240078808023266,0.49039559510506936,0.012315199980823532,-0.2103419109976654,-0.4595458248398506
2022-07-27,0.8680661279261175,0.536181494626083,0.5008866094021049,0.013018191738447843,-0.22146840964008674,-0.4649579559822303
2022-07-28,0.8687949132479257,0.5374555236779769,0.5027312742342711,0.020287061628565424,-0.2223973381727067,-0.4661705632339254
2022-07-29,0.8694085050503515,0.5365308310605623,0.501296944865695,0.015596717634349172,-0.21957076517548083,-0.4654333089045753
2022-08-01,0.8694431618222321,0.5373715392572842,0.5027468161562394,0.01698552144654062,-0.21652486458971174,-0.46848676838417863
2022-08-02,0.8829052691343897,0.538212997874727,0.5040644481896375,0.015648836592965468,-0.2141680639278625,-0.47290051703490527
2022-08-03,0.8827448558586087,0.5367479058831682,0.5047600534632851,0.01471610787957055,-0.21467615970498227,-0.4752578786874286
2022-08-04,0.8825344100746951,0.5384778157432071,0.5094032760950015,0.013872038202680424,-0.21569117801053275,-0.47699970200566383
2022-08-05,0.8820490322545969,0.5345417934886526,0.5063331365157987,0.009673160340187533,-0.2030130376370873,-0.47550524801273686
2022-08-08,0.8828110969214673,0.5348239610368146,0.5059113180555262,0.01605630845599916,-0.2066289640100861,-0.47456658676410735
2022-08-09,0.8815875135251281,0.5377754300836435,0.5093358302854716,0.030416956862259467,-0.20843198944790484,-0.4802565887212956
2022-08-10,0.8814398077967425,0.5423715972107027,0.5142974105500042,0.03090791402955309,-0.22041904319676206,-0.4839087089940283
2022-08-11,0.8813547718725314,0.5418566288246695,0.5141104569342063,0.029656365057704446,-0.2205597469829178,-0.48333210006187594
2022-08-12,0.8812675866229753,0.544352235397467,0.5170765975747486,0.030935857577094012,-0.21647690441100018,-0.48566222348182847
2022-08-15,0.8799046259058553,0.5457217411975812,0.517967673731978,0.022759836868753814,-0.2114242122373949,-0.4875640451311626
2022-08-16,0.8795732092410505,0.5462839871761006,0.5193510262061442,0.0257393815590356,-0.2110322265281262,-0.4865930944541284
2022-08-17,0.8794655693996325,0.5460672027073484,0.5190104669803701,0.02664440876976679,-0.2083671534455217,-0.4848061413122275
2022-08-18,0.8793642996194159,0.546490439715419,0.519990673923086,0.02648556601309553,-0.20582215811921373,-0.49044909445657053
2022-08-19,0.8816190271989551,0.5502297720937276,0.5230592563902932,0.030985850692585123,-0.21920196874616343,-0.4917370794191045
2022-08-22,0.8817817765214138,0.5463711909523534,0.5184803098739638,0.030304404974778237,-0.21644555640512053,-0.48682015468509926
2022-08-23,0.8816941459749829,0.5463327104777307,0.5178519921892573,0.03072797105050298,-0.2174828064396019,-0.48640702478699394
2022-08-24,0.8814053852016541,0.54797806754956,0.5188015662686973,0.03124026893917527,-0.2186849921895137,-0.4863582941102909
2022-08-25,0.8815313773563437,0.5484783586958648,0.519256321856747,0.0338475374856539,-0.21920206741587556,-0.48667447249660656
2022-08-26,0.8820984328078864,0.556204468599715,0.5284430561638573,0.04497158750097283,-0.2208006025219188,-0.49340005389231045
2022-08-29,0.8812834879882453,0.5531409403683182,0.5255822535129833,0.039397768784221666,-0.21762981784085897,-0.4893945964398731
2022-08-30,0.8820426501053971,0.5541535889754037,0.5261900995455351,0.03994063685649355,-0.21746992147260236,-0.48949571798978336
2022-08-31,0.8838974726209894,0.5548497133054784,0.5265494179698952,0.03720942818896868,-0.21754169788866579,-0.4918653998546134
2022-09-01,0.8851547413603729,0.5571373068261932,0.530521883818655,0.03640445016770855,-0.21008298444033294,-0.49361862160580233
2022-09-02,0.8855392731158427,0.5568581216947422,0.5302453624118044,0.036084452283828,-0.2104995983724689,-0.49354789219551354
2022-09-06,0.8832237827031422,0.5569917476351446,0.5308205296414168,0.032391317209187385,-0.20898829556368065,-0.4938994022703967
2022-09-07,0.8833858240227153,0.5662669549918697,0.5369434321514293,0.015615387961359351,-0.20452370528860384,-0.49118138220532276
2022-09-08,0.8843268723144283,0.5669756022792094,0.5371694647848794,0.015917613832944353,-0.20498934365919644,-0.4910932499694296
2022-09-09,0.8820350800811481,0.5688913310183451,0.5389821874517681,0.018502930339208405,-0.21039518950028419,-0.49140661928638274
2022-09-12,0.8797217845966041,0.5679310699781489,0.5374529414496039,0.016437311853268945,-0.20951698122815207,-0.4881358350838673
2022-09-13,0.8803116291428127,0.5726340020733015,0.5421012570092303,0.024162591379349105,-0.22104944090985618,-0.4920759192743198
2022-09-14,0.8793191467817003,0.5745302772704679,0.5444448694201243,0.02020052258509331,-0.22201858240335556,-0.4935547032156233
2022-09-15,0.876914726179357,0.5748206573661928,0.5448642356739087,0.03727743343672268,-0.21913115351650117,-0.4888325456446822
2022-09-16,0.8762790885978311,0.5752561131435697,0.5452159635959742,0.0354788231641596,-0.21866651512517205,-0.4885814506724281
2022-09-19,0.8766641360355731,0.5729203526839073,0.5421986556290079,0.03535887151044711,-0.21637989849061465,-0.4854695962184809
2022-09-20,0.8743137939386452,0.5704983727147647,0.5392943655172002,0.0446605610972317,-0.2210303639637958,-0.47319144759843124
2022-09-21,0.8731982502825034,0.5744367414371221,0.5427330477676997,0.04770524423895668,-0.22472296185316848,-0.47851938159399215
2022-09-22,0.8723285084706658,0.5695534774701541,0.5375216248849679,0.04933643593503327,-0.22355027882188092,-0.47040252583972086
2022-09-23,0.8722105796435818,0.567796339512369,0.5348868739398628,0.052621341501045284,-0.21633055905154136,-0.4681679696773021
2022-09-26,0.8716023823204484,0.5696853263684754,0.5365121948630442,0.052461067375832164,-0.21335407199976697,-0.4719492246888035
2022-09-27,0.8718003248189611,0.5697437348740472,0.5365776287080366,0.05242520615337833,-0.2133241091093937,-0.47256196858486615
2022-09-28,0.8714802613676407,0.5675846434592213,0.5336516638284993,0.05083498661413335,-0.20986052847361722,-0.47150157518009805
2022-09-29,0.8713364924375643,0.5650941687932941,0.5310011953362119,0.05215203771233507,-0.21179859688584812,-0.47070948918785543
2022-09-30,0.8708472101742974,0.5664063931769662,0.5349906475804105,0.04415662001967686,-0.2107900735451085,-0.47288914330274506
2022-10-03,0.868833295755966,0.564998498277553,0.5291564885694326,0.04317409379040156,-0.2076594019227514,-0.4682462651431095
2022-10-04,0.8688085455112687,0.5688719664327639,0.5316557209897704,0.046143890690730355,-0.20996188117176529,-0.47205908940864466
2022-10-05,0.8685860491778593,0.5678836635942057,0.530474524415922,0.04760097047023695,-0.21020997772305847,-0.47030577011630026
2022-10-06,0.871672231142157,0.567503292074392,0.5295639250826465,0.04751644398578473,-0.2090227194537348,-0.46933274557962307
2022-10-07,0.8725201593690826,0.5646159207937195,0.5270902449654941,0.048070751072572575,-0.20927768527384863,-0.4698784787170555
2022-10-10,0.8726976962902663,0.5650513013294554,0.5275406904622807,0.051852129703223726,-0.21018711051447544,-0.4706988129150299
2022-10-11,0.8774435295465384,0.5649942000329659,0.5276714690544498,0.051502816601866126,-0.21021112193605657,-0.47119333386698
2022-10-12,0.8775876241583146,0.5649657345595064,0.5273004337648637,0.05106961508701643,-0.2099614782304575,-0.4713208801920293
2022-10-13,0.8770663228006403,0.5626467051708527,0.5233203907004597,0.04578786844106749,-0.20622629982576293,-0.46969803377700303
2022-10-14,0.8782382734728787,0.5567723682123209,0.5168860914250195,0.04322294628882173,-0.20290214821076089,-0.4670274730936227
2022-10-17,0.8814596734556804,0.5565076349958542,0.5166325033395109,0.04885778653643943,-0.20555875431170859,-0.4668699788282711
2022-10-18,0.8825466741047101,0.5571502324999125,0.5159678183585857,0.04906244467662574,-0.2058752337389404,-0.46659181897200647
2022-10-19,0.8823358987575153,0.5568410601668216,0.515411135436002,0.04950246349784641,-0.2055365114499006,-0.46584333753264257
2022-10-20,0.8824794581141272,0.5585579797412635,0.5153825841731177,0.04481720759599527,-0.20307630905344382,-0.4664415545687862
2022-10-21,0.8838823681194581,0.5592261398534504,0.5151583318794526,0.046218084847631194,-0.2037311930651256,-0.46749645070254436
2022-10-24,0.8837252503915347,0.5596346648105328,0.5164073815914381,0.04702206512336249,-0.20470352946277032,-0.46670758350290487
2022-10-25,0.883385659884574,0.5623286531419854,0.5196649743188488,0.045726202859708166,-0.21652764930734616,-0.4685092696873308
2022-10-26,0.8842220567393602,0.5539061641066815,0.5153607388597979,0.04874830661549335,-0.2256593558451655,-0.4692746060183157
2022-10-27,0.8841234557533995,0.5556698590055156,0.5155427651168345,0.050370316318218034,-0.229145816293467,-0.4676864594922094
2022-10-28,0.8843243339799478,0.5547061738447265,0.5146774840791323,0.045673272721053926,-0.22306423662770739,-0.4689149359042193
2022-10-31,0.88398596956266,0.553751746187838,0.5138303593054353,0.04824272158878778,-0.2253566513265116,-0.4686226893234751
2022-11-01,0.8839408189653158,0.5540820175771292,0.5139401903697779,0.049607799573275935,-0.2264286984595048,-0.46861367859808173
2022-11-02,0.8833181598912909,0.5551869217876203,0.5150033696828972,0.05112251103530984,-0.22732256664918835,-0.46808583862751546
2022-11-03,0.8833763250220478,0.5536865063893872,0.5138316838897891,0.05116679124386303,-0.2219088565567234,-0.46829846336633235
2022-11-04,0.884215228692739,0.5557971150785099,0.5167741375553809,0.06844923569641001,-0.23482368351211946,-0.46849296406228
2022-11-07,0.8843046201907669,0.5532450199445922,0.5135814770707064,0.06845858003658142,-0.22932931160341893,-0.4676623308700903
2022-11-08,0.888197942462173,0.5413631204831126,0.5009938429314175,0.037166694586647,-0.21173761021929322,-0.4713548706024172
2022-11-09,0.893433291959969,0.5436235275304034,0.5060457355741494,0.037758963997376514,-0.22535948416907647,-0.46397927404891287
2022-11-10,0.8963852861597676,0.5630482874635209,0.5269891108782809,0.06751604021548699,-0.26080354658620525,-0.46975593829808626
2022-11-11,0.8960362192116876,0.5613775212887708,0.5264178845806853,0.06563401739162313,-0.25562581649906974,-0.4686399006990113
2022-11-14,0.8961177974908535,0.5625528295490269,0.5275850458503877,0.0647230178200686,-0.2565959019242497,-0.47105970673538333
2022-11-15,0.8961201549433802,0.5627122275411993,0.5278722603057254,0.06465743618384277,-0.25649341238786455,-0.4704014362837743
2022-11-16,0.8954356525759134,0.5674930729551851,0.5316190673550532,0.06144397401209343,-0.25274902259341975,-0.4718873439085685
2022-11-17,0.8953194581158347,0.5678333876670871,0.532022917010191,0.06044119564645131,-0.2526074575719624,-0.4730691670202671
2022-11-18,0.8947348614784736,0.5707422567431504,0.5348457862489703,0.05795830847559606,-0.2557753993742239,-0.47305706074060627
2022-11-21,0.8960158888235591,0.5714821609231234,0.5359002528311917,0.06576820692285294,-0.26804248266183844,-0.471094614636099
2022-11-22,0.8959268943172382,0.5713771063816393,0.536772124431732,0.05861675933585379,-0.2678817229606187,-0.47033001191175705
2022-11-23,0.8962924496503428,0.574473441740937,0.5380117304434577,0.06632943681306028,-0.27214864114726245,-0.47318114196740785
2022-11-25,0.8960501912218033,0.5746512978295436,0.538327886092718,0.06702354508165011,-0.2718888182672868,-0.4740512555324107
2022-11-28,0.8958546591655054,0.5735273297835735,0.5367895896585984,0.06836184013753048,-0.27863370271514626,-0.48816229173975056
2022-11-29,0.8943419893891305,0.569703290743028,0.5337548256730954,0.07156331678295055,-0.2824800097558897,-0.47809363765437424
2022-11-30,0.8969146990644714,0.576788507286511,0.5439034356790079,0.072501280366843,-0.28590496688378864,-0.4941182261875334
2022-12-01,0.897084219510882,0.5772226450577773,0.5442676223196264,0.06883938519372193,-0.2820568820121976,-0.496566345825807
2022-12-02,0.8971015822401959,0.577734199373878,0.5459045873053655,0.06758734818713144,-0.28235534994338496,-0.500446110261699
2022-12-05,0.8963809555959739,0.5763985139158068,0.5454090463878701,0.07570009038870174,-0.2843539434497338,-0.4978207575434489
2022-12-06,0.9035229179636184,0.5737867241597064,0.5425481340536126,0.07656920651254476,-0.284718240119208,-0.4946785121246989
2022-12-07,0.9035879458567927,0.577191752199057,0.5450772248573742,0.07473809583167794,-0.2826144327633335,-0.5059298417786507
2022-12-08,0.9043604269936003,0.5776523202054867,0.5456397813717925,0.07516337725357101,-0.2824288782134871,-0.5050697849200826
2022-12-09,0.903729216315783,0.5762822388866665,0.5454172787671281,0.07247951829079205,-0.28045404525790807,-0.502204599872547
2022-12-12,0.9046914982726667,0.5788368013659472,0.5488021222971189,0.0731878355098136,-0.28195401282989857,-0.5118318608277631
2022-12-13,0.9050474152285154,0.5789783712108671,0.5489238504025009,0.07843533449455613,-0.2844297001148795,-0.5125967610552618
2022-12-14,0.9049939800713894,0.5790435802312567,0.5489277925244216,0.078258818879102,-0.2841407373274541,-0.5121356966915989
2022-12-15,0.9044772890630542,0.5766592453478898,0.5464948148676421,0.0841311447469194,-0.2858751024169217,-0.5082845402529573
2022-12-16,0.9047850392044435,0.577436504328911,0.547671555868778,0.0816805767832158,-0.2867613765199453,-0.5059144467590878
2022-12-19,0.9047992951585849,0.576837371054325,0.5469675697908492,0.08216573648902481,-0.28623124153376134,-0.5056961319826219
2022-12-20,0.9050047921908548,0.5774957866352954,0.5481802713360446,0.08783345727629738,-0.289073079597304,-0.5087472356619391
2022-12-21,0.9055917146301736,0.5764833897877336,0.5467038616906984,0.08853182411783406,-0.288861267523705,-0.5072717363679187
2022-12-22,0.9055974529404264,0.5753643155393866,0.5460455748699176,0.08742640557546436,-0.2891420558977417,-0.5085009425783998
2022-12-23,0.9057885268779287,0.5748744212375055,0.5455187463200178,0.08633077893496058,-0.289053188108855,-0.5075326687470615
2022-12-27,0.9059146779807371,0.5759308468781258,0.5474101926384447,0.08589353604417456,-0.2889596122330831,-0.5076176546318517
2022-12-28,0.9056747068390577,0.5764595461078109,0.5485571150012455,0.08689923468762117,-0.28927137671806474,-0.5093247206101259
2022-12-29,0.9056791630840405,0.5763959619846487,0.549227495180419,0.08672038918020708,-0.29172449113202337,-0.5119432687545836
2022-12-30,0.9055904028991736,0.576675341692928,0.5497604944165733,0.08594860512238234,-0.2918149456454758,-0.5128788238701956
2023-01-03,0.9057323138560079,0.5760918906957083,0.5493397813880082,0.08745774480315995,-0.28879259505840676,-0.5111539381335701
2023-01-04,0.905752040813868,0.5760360166041648,0.5496072267427177,0.09265444046759895,-0.29205943827695574,-0.511468450280875
2023-01-05,0.9060974004657552,0.5765625634611463,0.5491222433141211,0.09187015062504698,-0.29131589397842705,-0.5117613179257207
2023-01-06,0.9056325034191016,0.5734540654797454,0.546075267019493,0.09651444604242909,-0.2935267614286383,-0.5084616269690024
2023-01-09,0.9059051074134621,0.5742149298170333,0.5457548047996775,0.0936668496543202,-0.29660172402331386,-0.5062605795739805
2023-01-10,0.9057216816576553,0.5741942933803782,0.546446919009222,0.09598826410781999,-0.30172001772478657,-0.5111970070529382
2023-01-11,0.9071638915349044,0.5758979538064357,0.5478430571690811,0.0965241927168981,-0.3011726896037396,-0.5088856491937296
2023-01-12,0.9059885062952676,0.575005321430083,0.5470345180388103,0.09439084003602571,-0.3006007610222067,-0.5073179886930068
2023-01-13,0.9045614525877562,0.5755340914809255,0.5472869185993723,0.09509641507124542,-0.29828614916301055,-0.506669785548355
2023-01-17,0.905236318361697,0.5730154668567824,0.5435660213945882,0.09027949853974128,-0.29688030002486043,-0.49898186535000266
2023-01-18,0.9052751047150756,0.5733189284427012,0.5443901108280089,0.09108275874522861,-0.2977439939936288,-0.4993193292252845
2023-01-19,0.9055858133666923,0.5706883585812631,0.5415797590862398,0.0920201704620689,-0.29651963383194513,-0.4982809647325422
2023-01-20,0.9058223957732686,0.5733010771699454,0.5441499837478933,0.09567784680015651,-0.29696210158445396,-0.49861933499378686
2023-01-23,0.9049698931071017,0.5702084743779814,0.5417785275256968,0.09558230757475862,-0.29659653443949013,-0.49772005377267536
2023-01-24,0.9018462214168026,0.5658506001803452,0.5376325114471878,0.08889795567555164,-0.30222619423238367,-0.4856449555254077
2023-01-25,0.9038265639053479,0.5672657376562462,0.5386370426906727,0.09169998815196125,-0.3021961935629767,-0.4844753843226748
2023-01-26,0.9038299986929393,0.5681713321133414,0.5389832697463325,0.09151734696136468,-0.30224138355760266,-0.4851815912807779
2023-01-27,0.9038410811977223,0.5678310671787756,0.5389903595819431,0.09245906284756157,-0.3031620798731303,-0.48553757647547047
2023-01-30,0.9043912972881911,0.5677101426112414,0.5390178151408965,0.09111550564640625,-0.3031109919247294,-0.4870174190209924
2023-01-31,0.9046479895552358,0.5655548770757385,0.5366006115577906,0.09359248047746707,-0.3038188622728043,-0.48461646756577315
2023-02-01,0.9051229020860206,0.564088108244584,0.5351531328894806,0.09116030855188874,-0.30252501824860434,-0.4828920960036984
2023-02-02,0.9054187767541475,0.5610103069192102,0.5337573411717876,0.0902379541792514,-0.30145334220316067,-0.48064268031923024
2023-02-03,0.90532331035776,0.5608400412363118,0.5352162857482219,0.08695264574865481,-0.30027345571711,-0.4810122262558675
2023-02-06,0.9054475199848167,0.5652825822791464,0.5383738267046654,0.08660154926432413,-0.3021627010007838,-0.4841567898945922
2023-02-07,0.9044885242413268,0.5650453516873044,0.5409916037199233,0.08644641394985605,-0.3061916283235762,-0.48354983335446555
2023-02-08,0.9042633991562071,0.5671340561237334,0.5429773270370984,0.08335178307991041,-0.30597369642642286,-0.48358882747626786
2023-02-09,0.9049362884128428,0.5682649308305068,0.5442924267632118,0.0860495407389876,-0.3034429728780389,-0.486747535838246
2023-02-10,0.9053428972014649,0.5671905744108806,0.5426839052771146,0.08502296508202549,-0.3034201661824778,-0.48491439706251016
2023-02-13,0.905565354311167,0.564805518968307,0.5400642082188233,0.0853750419570537,-0.3034912260480244,-0.48337991648482065
2023-02-14,0.905606695222522,0.5632338822080336,0.537758999021859,0.08662130672341797,-0.30172936583539184,-0.48239094484053
2023-02-15,0.9053588320933571,0.5635346557965814,0.536928596081405,0.07992943977434842,-0.294452266632779,-0.4838863957712615
2023-02-16,0.9048086206564252,0.5602997283321424,0.5343674902578346,0.08420199631473639,-0.29156203260791397,-0.4784335210991487
2023-02-17,0.9047941943814372,0.559131555701891,0.5336319866472502,0.08492615089961891,-0.2922315103216864,-0.48004423107738997
2023-02-21,0.9039549086958066,0.5552900295835582,0.5297101744993014,0.09628514082231404,-0.29327545434769653,-0.4720633987433086
2023-02-22,0.9040874095734716,0.5545927903476925,0.5292449852510165,0.0961369128391421,-0.29280079433502343,-0.4725100453147674
2023-02-23,0.903510322152624,0.5537247066202177,0.5281747360047493,0.09748543238053008,-0.29364070066947423,-0.4710967801345142
2023-02-24,0.9035671292342184,0.5545794294335097,0.5288493926962846,0.09856931835153537,-0.2944830048967039,-0.47146184700002697
2023-02-27,0.9043126754203739,0.5574172458354262,0.5296959462816104,0.09899051469060083,-0.29714187163269673,-0.4717900443052827
2023-02-28,0.9046737785262032,0.555630663559278,0.526507494550878,0.10922104023585444,-0.29425443499455617,-0.46776976191450637
2023-03-01,0.907402501143378,0.5543982520903326,0.5268679058537532,0.10778885964428887,-0.2966520153828266,-0.4767653658459729
2023-03-02,0.9075228755446709,0.5559992734083959,0.529060300543126,0.10552663690923249,-0.2992862424984724,-0.4810511252204434
2023-03-03,0.9077426552285416,0.5515983043975915,0.5254108749920492,0.10219051349025762,-0.29553206218971756,-0.47848983807572754
2023-03-06,0.9075302249230023,0.5506312647518402,0.5251110275971772,0.10453654295692344,-0.294262209156486,-0.4792351190553186
2023-03-07,0.9069396265594057,0.5485436365307357,0.5236292904553687,0.11478943098867785,-0.28650714740546257,-0.4764881719392112
2023-03-08,0.9067748862435117,0.5464551711886337,0.5216058029982323,0.12084353847566397,-0.28405764002491024,-0.4737228964529006
2023-03-09,0.9070722361746968,0.5493763745238281,0.5261699155358542,0.1108958897082312,-0.27964666392600906,-0.47725537991016526
2023-03-10,0.9079045044180356,0.545592361399478,0.5221664722875342,0.12452638940364126,-0.27271469427262357,-0.4725264113118719
2023-03-13,0.9092401779092829,0.538146793758651,0.5115387157738492,0.15692476532445587,-0.28350807091034147,-0.45481413449359076
2023-03-14,0.9090905933691069,0.5380131024010341,0.5112090686574593,0.1557628746823334,-0.28286265920153963,-0.45365828743018
2023-03-15,0.9092455672265695,0.5399801121458027,0.5124398690795345,0.1547944861690641,-0.28431217248328067,-0.4551333897271947
2023-03-16,0.9092507968603187,0.5405554086163782,0.5129909465994769,0.15684832041240607,-0.28461818680886125,-0.45342701281823006
2023-03-17,0.9080938507686981,0.5338741029648484,0.5042028324433817,0.17345856375671284,-0.2851497649135213,-0.43733446524533476
2023-03-20,0.9068344164403117,0.532704659720362,0.501819082582877,0.1710297404981844,-0.282543892074604,-0.43406870292102107
2023-03-21,0.9067066351294787,0.5322149429834128,0.5017933166662004,0.16529423112758854,-0.2840550798950392,-0.4341081011685303
2023-03-22,0.9068755210618512,0.5331514842928592,0.5031727403844258,0.16381500229361562,-0.27824487384854796,-0.43543882012885315
2023-03-23,0.9071467119546082,0.5332742958818488,0.5024762236003276,0.17102328177611104,-0.27697420088097674,-0.43345282111475536
2023-03-24,0.9072532134057434,0.5339902859113621,0.5029428731944324,0.17128994912955994,-0.27896849604269025,-0.4322063940628305
2023-03-27,0.9071913393719678,0.5334409138945747,0.5018514925888553,0.17059422524857457,-0.27887201995749167,-0.42936613024944487
2023-03-28,0.906891484718642,0.5324567070347935,0.5013376491669442,0.17292099486154297,-0.2801873369536377,-0.4303401359399674
2023-03-29,0.9052784401471168,0.5309480081780767,0.5005734512867112,0.17751530458777479,-0.2833026052538452,-0.4278500026256929
2023-03-30,0.9051734822318226,0.5304511039533427,0.499982027793067,0.18074958499404586,-0.2820447757538559,-0.4273334465687901
2023-03-31,0.9052361439061006,0.5309606444644176,0.5003224729338536,0.18042828738122763,-0.28182670189936193,-0.4275893456154824
2023-04-03,0.9047904911972876,0.5302692553298142,0.49932065651088225,0.18210131670158974,-0.28012221575728685,-0.4265197302237726
2023-04-04,0.9050802948120636,0.5294396761219722,0.49779415555454076,0.19334681988786837,-0.28428207942993106,-0.4234280456141568
2023-04-05,0.904889348180676,0.527644229776579,0.49689819947731234,0.1924110024947946,-0.2846974946483504,-0.42247751381029347
2023-04-06,0.9046883523159807,0.5260341245969445,0.49557787594585073,0.19226754252505962,-0.28339979556300277,-0.4207170179498083
2023-04-10,0.9025620713374548,0.523027161270658,0.49429804949782,0.18895266894607382,-0.2804676573673497,-0.4172676913841644
2023-04-11,0.9017992860769912,0.5231489209247135,0.49401990939420765,0.18724671803985332,-0.2803482677854011,-0.41694124962935053
2023-04-12,0.9018832431249807,0.5223105029405879,0.49346988406372627,0.1879552938960343,-0.28096965396576107,-0.4171921548213923
2023-04-13,0.9006541133059236,0.5214251433780557,0.49230064969148046,0.19350800349223699,-0.28289886439189227,-0.41381523418205696
2023-04-14,0.8996707249784264,0.5204479646256616,0.49163756785814866,0.18392417254116672,-0.28026399453355366,-0.4151009362322706
2023-04-17,0.8989138378469004,0.5193671090639617,0.4905137822792122,0.18333724693033276,-0.27942509473432897,-0.41385247054234586
2023-04-18,0.8983828573475336,0.5183895339760043,0.489632993823318,0.18290946847572045,-0.2787011024464919,-0.4130132668804438
2023-04-19,0.8991560816489172,0.5159416722175804,0.4874153629429565,0.18528119495104992,-0.28052907712223785,-0.4087422210541013
2023-04-20,0.8985603510008184,0.51564127687615,0.48701371792148546,0.1879793670970541,-0.28103514479701647,-0.4076738316461481
2023-04-21,0.8988496352724704,0.5146928765495254,0.48598765034798247,0.19190681057053177,-0.2814156867328709,-0.40659201251760063
2023-04-24,0.8985982214106931,0.5139525234491978,0.48514616670232946,0.19108476829230658,-0.28056404020594145,-0.40577683679535337
2023-04-25,0.8985099900317691,0.5129346832675983,0.4855440440162444,0.19120203662768176,-0.2794296233688937,-0.41064120313187064
2023-04-26,0.8984802605053773,0.5126301323776858,0.4851987163460393,0.19531897344638416,-0.28079842909309055,-0.41023428133784795
2023-04-27,0.8975883068564068,0.5085994930179896,0.4810835370195336,0.19841529660435248,-0.2775039467589103,-0.4047642527859951
2023-04-28,0.8974811324983171,0.5085577925867004,0.48044714224827606,0.20077761126414326,-0.28067072122741515,-0.4016587799428401
2023-05-01,0.8972953229568036,0.5089924538680273,0.48079047768215766,0.20131356282494067,-0.2840694077554142,-0.40165509795448995
2023-05-02,0.8971577295453375,0.5065700885158634,0.47783794391782963,0.206936934030242,-0.2884603305105388,-0.3936374686476248
2023-05-03,0.8973890396002872,0.5058441775812254,0.4765211813923038,0.2139741621655679,-0.2917156799743324,-0.3920945005965214
2023-05-04,0.8972824862203373,0.5064308916502788,0.4776441222722356,0.21344258404312536,-0.2927553902449004,-0.39707819523434795
2023-05-05,0.8965604311460368,0.5061272893131312,0.47723826444294876,0.20538369475284696,-0.28924412592106946,-0.39805930144174795
2023-05-08,0.8974227049353605,0.49941968357248495,0.47039381180899276,0.20457830035158853,-0.2833744047493472,-0.38942468812436365
2023-05-09,0.8973747409221404,0.4989244797879926,0.4699691267163339,0.20513550004075215,-0.28346447493112986,-0.3899251129017888
2023-05-10,0.8927413211042639,0.48216679217315045,0.45356108283199936,0.19163224896960981,-0.29001570069879407,-0.36846761350059987
2023-05-11,0.892698041531831,0.48093488083244473,0.4536857324017225,0.19687382373402598,-0.2930996816297663,-0.3665403438605208
2023-05-12,0.8913181390936357,0.4719204618572299,0.4484481698300155,0.2056169976303453,-0.2960784138549055,-0.3722093651166461
2023-05-15,0.8936025819571275,0.4730332086538139,0.4490187189791857,0.2002163232298589,-0.2916352884837169,-0.3746976749774556
2023-05-16,0.8936315348422197,0.4731417320619252,0.4480042387180539,0.20125407047913738,-0.29088589551319466,-0.3726098372016639
2023-05-17,0.8936918928604989,0.47334092103915976,0.4474791521168513,0.201135308251501,-0.2907557823712468,-0.3718576838260582
2023-05-18,0.8934647527921059,0.4706120720364788,0.44499711990142526,0.20106557196465488,-0.2887681442968779,-0.3691890407106271
2023-05-19,0.8924880059656786,0.461696901286471,0.4352126486213685,0.20111220423897497,-0.28592498451398635,-0.3564564308322231
2023-05-22,0.8921426244418236,0.46336972662689224,0.4381200176911276,0.19651646143627438,-0.28117552593493866,-0.3537568168366027
2023-05-23,0.8922715486851385,0.4613371048747346,0.43620813602934544,0.19632753613309117,-0.279141929430542,-0.35012508521466806
2023-05-24,0.8924115126309182,0.4621288466378532,0.437955196867701,0.19721869539007406,-0.28113421518970255,-0.35170296736540413
2023-05-25,0.8927116309788503,0.4638080872888376,0.43830048274373495,0.19653433318284294,-0.2808198683024036,-0.35195135883973944
2023-05-26,0.8928492858242808,0.46545720100102284,0.4398183880072497,0.1956090520769312,-0.28049950808746993,-0.3533541160262661
2023-05-30,0.8955362697093281,0.4785138917155909,0.45163096432494204,0.19847136386370337,-0.28399817688444273,-0.3590279202386043
2023-05-31,0.8955090784153658,0.48976299893662895,0.4621223470417835,0.19908749747965085,-0.285642103312518,-0.365093257974689
2023-06-01,0.8930489083156564,0.4966219630250668,0.470908807071718,0.2055826429605399,-0.2882987677622238,-0.36684269614187315
2023-06-02,0.8925828882840627,0.4966746073048698,0.4705271417598334,0.2027352833868351,-0.2818565002815737,-0.37060905993065846
2023-06-05,0.893242822650629,0.4976722188264115,0.4713659592495482,0.20126040569963924,-0.28147235814661137,-0.3706534069647052
2023-06-06,0.8926776716137543,0.4964236268995456,0.4699351049158165,0.19974814917091846,-0.2793984530566168,-0.37251152342432486
2023-06-07,0.892652892888132,0.49732173811394315,0.47023076985062234,0.20353633362057746,-0.28144476611486746,-0.37386172411304003
2023-06-08,0.8928144901763266,0.4988857986155308,0.4723633517656281,0.20473637949805099,-0.28185583864340236,-0.37594109074038795
2023-06-09,0.8932962106934226,0.4987044647557066,0.47229088709328315,0.20500125818560727,-0.28165719118474825,-0.3759969026530622
2023-06-12,0.8930894302062599,0.49558852177663865,0.4707533728826777,0.20613816111658606,-0.2819847358733277,-0.38147889963092124
2023-06-13,0.8930330935190791,0.48953916677294956,0.4641748849669188,0.2147974335924772,-0.27555587348462107,-0.3772484651832442
2023-06-14,0.871501060739694,0.4584733237420058,0.4277841485665321,0.1639735659277046,-0.2568152834338363,-0.3119556006550825
2023-06-15,0.8717652946472781,0.4584881213387952,0.42791601812604885,0.16488646357600759,-0.2572511136806471,-0.3109058135731125
2023-06-16,0.8718964005415146,0.4567736889447913,0.42622824830235895,0.16439669160284967,-0.2556432604183938,-0.31230402197252927
2023-06-20,0.8654879078777952,0.4370854205391269,0.4041906678591652,0.1856390508369583,-0.294007445052993,-0.29251750219044476
2023-06-21,0.8661044761248038,0.4312617681910662,0.4007682028545513,0.18551001034528194,-0.30074626156066125,-0.2945810093199361
2023-06-22,0.8662984020269011,0.4284995871865423,0.398301751599681,0.1865854070005438,-0.30031996451682796,-0.29311020180012853
2023-06-23,0.8653709467832364,0.42868302430723576,0.3983670480148107,0.18743098021266505,-0.30305479016743053,-0.2982071920561193
2023-06-26,0.8641547369896451,0.4259688687957744,0.39659051946448853,0.19202217026898333,-0.30714198387649777,-0.30212658305980356
2023-06-27,0.8672891331791722,0.41937700100155123,0.3887606802121778,0.19187918017204167,-0.3065926340725184,-0.2977907800960013
2023-06-28,0.8672641536606936,0.4177350591524184,0.3881571742709089,0.19130750317948483,-0.30952562098944664,-0.2968151241561937
2023-06-29,0.8670809409822151,0.41398215759856927,0.3846984155286368,0.19059364065786158,-0.30586950386271106,-0.2937874283036465
2023-06-30,0.8661751994567779,0.416296512598772,0.38711397957063354,0.19187641722846197,-0.30499063081807465,-0.2936813674856885
2023-07-03,0.8658410668884235,0.41485858781275387,0.385791509158295,0.19052667645984434,-0.30732012642064327,-0.2928562513152774
2023-07-05,0.866582979853124,0.41565239688965716,0.3872138696739151,0.19050074855081717,-0.3080786792211488,-0.29633700382737604
2023-07-06,0.8658200760386594,0.41316421010398274,0.3897468626183201,0.20837054837478178,-0.3244261211842981,-0.3046809735857576
2023-07-07,0.8660107485942897,0.4131044730518265,0.3892162206082401,0.2170297350547028,-0.32941724191768706,-0.3037170086898905
2023-07-10,0.8658759914832088,0.41036945293933197,0.38672352378249025,0.2168307516170114,-0.33023999228780565,-0.30263119210868533
2023-07-11,0.8660745393834398,0.41033160137595864,0.386334936062029,0.21691150281425142,-0.3303295427468159,-0.3044955688876255
2023-07-12,0.8626467317089945,0.4013844377048575,0.3813921408602551,0.2113172746688355,-0.31585954658696436,-0.2949596282254266
2023-07-13,0.8623799513607013,0.4028311382895972,0.3807691489558087,0.2093619604561988,-0.32136565492746355,-0.28977373689409824
2023-07-14,0.8617429966954927,0.40570864783669225,0.385227270019357,0.20637835197860832,-0.3226252608383488,-0.28798392982373255
2023-07-17,0.8631478366487533,0.406594759569934,0.3882871724569781,0.22102193146895283,-0.33038808882494575,-0.28809744013029787
2023-07-18,0.8633021734609566,0.40422477663892065,0.38529979835432154,0.21998669979913618,-0.32909875876743494,-0.28496196959227843
2023-07-19,0.8785894118834322,0.4466527225468369,0.4304942582889109,0.22650379897782805,-0.3273435441035958,-0.325856210730469
2023-07-20,0.8841496092436777,0.45297868579476336,0.43982600427667534,0.22646796011153453,-0.33001999616263106,-0.327479278089307
2023-07-21,0.884131912059722,0.4554356462284307,0.44081395517568495,0.22562537031230784,-0.3292927439647859,-0.3282076671751767
2023-07-24,0.8860404092614299,0.4533538601881876,0.43827632882227585,0.2239721400941247,-0.32979131821747204,-0.3276137121760434
2023-07-25,0.8858555371430186,0.4519526365183517,0.43715042736157944,0.2266654537252494,-0.3307349752472485,-0.32795258338674854
2023-07-26,0.8847465437740313,0.4520208036899804,0.4395399055418765,0.22453456317210674,-0.3347835840412612,-0.32773403337210966
2023-07-27,0.8847818350539937,0.453194176560261,0.44020481822075114,0.22463393495310013,-0.3348246461402897,-0.32744652203744584
2023-07-28,0.8826106532383837,0.435090531265435,0.4259712475823884,0.2288808461216269,-0.3276943377548672,-0.3205871484948251
2023-07-31,0.8819006985696168,0.43329631074034425,0.42294038107989484,0.2205512373234134,-0.3284402569233966,-0.3185849122407595
2023-08-01,0.8818618548680209,0.4340388046274386,0.42367568338381706,0.21804460393781208,-0.3276604400896307,-0.3184392738840326
2023-08-02,0.8824471380855397,0.4354927323614615,0.42464287708238724,0.22110660407018878,-0.3339041650108408,-0.31365120245843664
2023-08-03,0.8827530547505205,0.43549934592244915,0.4248469535056067,0.2211646986422653,-0.3348051114854005,-0.3139187657426062
2023-08-04,0.8827381699341678,0.43956570811311546,0.42750667531468756,0.22047599722785258,-0.33366088332723054,-0.3164280575533966
2023-08-07,0.8827265020727914,0.43966449104031285,0.4269426771927299,0.223281983408984,-0.3358030015887771,-0.31533950900455926
2023-08-08,0.8838554328113611,0.4442811759937953,0.4303572195780158,0.23167749530976484,-0.34964329701479124,-0.3152894692310563
2023-08-09,0.8835908287486842,0.4443676270756728,0.43075960171802435,0.23004748472138262,-0.3492876501233874,-0.31589799336526986
2023-08-10,0.8832029383219988,0.4424551486306088,0.4302130338682558,0.23242705810315065,-0.35048307608401785,-0.31485176694836836
2023-08-11,0.8845022812573532,0.4333653131741305,0.4216458831541229,0.23398222865453994,-0.33961683479318044,-0.3032144516048795
2023-08-14,0.8848154853006004,0.4338075615358257,0.4216624976088567,0.234778508933844,-0.3393120394824845,-0.3041671273069677
2023-08-15,0.8849905596003609,0.4308828840367924,0.4184220237967137,0.23359981440149352,-0.3443857326827221,-0.3020501248345216
2023-08-16,0.8850605337248278,0.43290987161855515,0.42019005926165953,0.23169059549705878,-0.3423079634824394,-0.3016115329355338
2023-08-17,0.8863911443246335,0.43520278564374965,0.4222401919147825,0.23457056374386656,-0.34072470519464576,-0.3076782005557792
2023-08-18,0.8860854646286064,0.43413891091463386,0.42126985724852684,0.23283878107072226,-0.3404472218272615,-0.30626469695154607
2023-08-21,0.8863615483841547,0.43360030165419244,0.4211399707022891,0.23328913799034806,-0.3433761449248016,-0.30614496918955764
2023-08-22,0.880800067409239,0.42624261781685385,0.41701776220962467,0.23142029205498146,-0.3368042847748181,-0.300143514841262
2023-08-23,0.8813947612226724,0.43160896292293416,0.42263648905661644,0.23495027557617615,-0.3397025083214207,-0.3082924110833257
2023-08-24,0.8817967422359184,0.4320838069954595,0.423755498532368,0.23347608818900015,-0.3390168312134603,-0.30972499104869433
2023-08-25,0.8818203802915217,0.43163645090409697,0.4233730330150436,0.23358781264384273,-0.33904078817639854,-0.3081838211895265
2023-08-28,0.8819424234677161,0.43002356601180647,0.4217120144415414,0.2324134245557716,-0.33858381403090715,-0.3064690884562729
2023-08-29,0.8813329648924444,0.4133905463640448,0.40313003977695155,0.22395897541647997,-0.3408600553600199,-0.28229209583529385
2023-08-30,0.8824064346023418,0.41591351322809195,0.40520232939241213,0.22351820543717354,-0.34020229040981,-0.2828958364083077
2023-08-31,0.8822856891058373,0.41411480031162956,0.40407963454347,0.22317506364181053,-0.34264360874263655,-0.28090926780013353
2023-09-01,0.8822457536676844,0.41537084118481166,0.4060177330820828,0.2249241065833565,-0.34303375850690143,-0.27969467832899736
2023-09-05,0.8825614286210841,0.41611777116722004,0.40554723269278425,0.2274627206013652,-0.3477313779821627,-0.27809094337759765
2023-09-06,0.8825656106406415,0.4158782539648385,0.40546586090973774,0.22819847279673255,-0.34792926607296915,-0.27796806643364247
2023-09-07,0.8867418307586741,0.4145372430603333,0.4047650304712331,0.22760415176296436,-0.34715298815590945,-0.2774821243326684
2023-09-08,0.8866346627223798,0.41078097437375194,0.4005639801098441,0.22436882675000294,-0.34570847208248057,-0.2714537604349193
2023-09-11,0.8868616205480784,0.4045349252681733,0.3956426759641806,0.22244900926455907,-0.3389327323268921,-0.27033243208805924
2023-09-12,0.8911248439617584,0.39707897383351015,0.38926731655382135,0.2182051107905311,-0.33377612232014897,-0.2659471790195372
2023-09-13,0.8951895034409411,0.3979918486680792,0.3901997777246257,0.21842298337830623,-0.33469467123927443,-0.2666168359250301
2023-09-14,0.8941515623281884,0.380440548989882,0.37165223034797407,0.20798339825248532,-0.3177981197395126,-0.2508234334338296
2023-09-15,0.8960428636182443,0.3773263892788274,0.3691972114732879,0.21116107792019265,-0.3175743446565197,-0.24638299113002743
2023-09-18,0.9017149808195657,0.37214613723883627,0.36363993725196386,0.19158274458949115,-0.3209166299958796,-0.24906317045478388
2023-09-19,0.9026916873121648,0.37071760695394096,0.3621370843763721,0.19292714019434545,-0.3210774990091723,-0.24904876122383957
2023-09-20,0.9032514380554795,0.3745172165373713,0.3664094931452918,0.19023290580913674,-0.3217152561323742,-0.25223582017319357
2023-09-21,0.9029493444933951,0.3746090917270117,0.3655284056141099,0.19178077154574574,-0.3199229671576414,-0.2522966403381074
2023-09-22,0.9040327658189735,0.3693670952357694,0.3588507990999656,0.19454140026884467,-0.3169273850414887,-0.25008531654119265
2023-09-25,0.9030376815016117,0.3784257728840699,0.36625000567888844,0.19343904005798193,-0.3271448376096871,-0.24872948149465865
2023-09-26,0.9030477359461888,0.37837309565408983,0.36632441577434716,0.19394003629552026,-0.3329878126410067,-0.2472112111988715
2023-09-27,0.9032073192924758,0.37881592526537794,0.36759300447732907,0.19412283605246333,-0.33475599376308013,-0.24889458537012463
2023-09-28,0.9034588186543057,0.380005769547458,0.3685045033973716,0.19095565333528744,-0.3365314065699055,-0.25125455553583476
2023-09-29,0.9033654984323715,0.3807769830971346,0.36947236956570545,0.19075310778446197,-0.3393473277084889,-0.2512572968915771
2023-10-02,0.9023063641113006,0.3833903710325348,0.372071588491628,0.19065513710632828,-0.3389910771812556,-0.25159214464640967
2023-10-03,0.9023114219458102,0.3828314729902213,0.3720148859227829,0.19100234249256298,-0.33924732863412055,-0.25046877588249095
2023-10-04,0.9019989943992976,0.38415437294697985,0.3763646089500737,0.1937663513327964,-0.3394636343476921,-0.24985187746211526
2023-10-05,0.9019657772959139,0.38152051604384957,0.37407505861365903,0.18972496984419412,-0.3336293495208644,-0.24807833952870698
2023-10-06,0.9020941966085178,0.38272972185667636,0.3752850106238275,0.19084199392701073,-0.334992856805025,-0.25006026647752955
2023-10-09,0.9016625588148814,0.380732391199917,0.37214145988456554,0.1844117542258576,-0.33720056523197095,-0.25134114548576497
2023-10-10,0.9017402791248919,0.3819949342018593,0.3728754920607592,0.1825894425878481,-0.33580569175776653,-0.2497907356255354
2023-10-11,0.900822937369554,0.3798928547396492,0.37092702679910505,0.17624423528581332,-0.33434526927441105,-0.24729292306243694
2023-10-12,0.9006747377169579,0.3802402465788056,0.37140675893548214,0.1776936189464161,-0.33552897453339137,-0.2478657098698418
2023-10-13,0.9006926380962569,0.37891504984057245,0.37135822777253,0.1772537351249121,-0.33568696706386963,-0.24198835861935836
2023-10-16,0.8996760104797388,0.38350442462717144,0.37945022041111603,0.17545535124497902,-0.34006646791652995,-0.24740368264488555
2023-10-17,0.899924601924192,0.3900269102660964,0.3856561530837273,0.17809577391352743,-0.3431182377717772,-0.24889507100889374
2023-10-18,0.8997818148761124,0.38711143944695103,0.38255305117019617,0.17429209348536848,-0.3403968789110087,-0.24762178097902554
2023-10-19,0.8994913973917759,0.3880880612774002,0.3848165352840466,0.17330397612170778,-0.3400956818527148,-0.24645225098014661
2023-10-20,0.8994315251436197,0.38258124345883787,0.3788687574532061,0.17230412220006572,-0.3385414435858198,-0.24527736716750184
2023-10-23,0.9017491090625555,0.3788926976576711,0.3716608763057884,0.16536896433945666,-0.34466929104239225,-0.2531463026114291
2023-10-24,0.9015119083660919,0.3792399751073063,0.37305392656598074,0.1640862973055536,-0.34146852285655427,-0.2534997906534883
2023-10-25,0.9018840294803558,0.3751355459980538,0.3687282298501148,0.16520419805993328,-0.34182991958358583,-0.25365670984761796
2023-10-26,0.9024111116064351,0.36333634126452535,0.3575254180789893,0.16517489945929253,-0.3308298952018326,-0.24855913833967908
2023-10-27,0.9032271767031597,0.37962228843080986,0.3670867203105534,0.1612102438721114,-0.31916917743723827,-0.24562083070542554
2023-10-30,0.9030389311924476,0.37742523034357583,0.3665296067849528,0.16088181435103105,-0.3160237522964871,-0.2471431746308049
2023-10-31,0.9030988946124044,0.3750215170413129,0.36403754344203776,0.16596861368210872,-0.31585764109615777,-0.24422048836010055
2023-11-01,0.9036523605036947,0.37752829852876446,0.3664311976493421,0.16547839709705414,-0.31831432922905023,-0.24579962642056108
2023-11-02,0.9037941968192185,0.3728258631337135,0.3584576960783426,0.16424125860307254,-0.31262397880340204,-0.24100082637180895
2023-11-03,0.9030039344436092,0.36821780240499163,0.3536248411729119,0.16486648957651068,-0.3153990753249189,-0.2424217902533613
2023-11-06,0.9020650871548859,0.3707437240151041,0.35527007551664364,0.16351647578146947,-0.32053264208497545,-0.24170253470109568
2023-11-07,0.9011600696222177,0.36627988290495495,0.348455014434243,0.1434889973846484,-0.302206823389846,-0.23973346925974767
2023-11-08,0.9010151626948517,0.3710660021166661,0.3554536917041539,0.14488552152218745,-0.31218008421715904,-0.24114885707517078
2023-11-09,0.8872573289290788,0.3741833522524606,0.3613872462572128,0.20490025886730012,-0.3283852183731042,-0.21628308317622158
2023-11-10,0.8700614157597475,0.34833355007560035,0.33008731177725786,0.21804083485793777,-0.30952300952177736,-0.21699539400305345
2023-11-13,0.8653982688419324,0.26728839179981156,0.24493121430072098,0.17393907962343855,-0.23952310463508855,-0.19329258473724004
2023-11-14,0.8671408495259376,0.2582575083911607,0.23351919738829047,0.1700817920963347,-0.23013301742632084,-0.190201787319364
2023-11-15,0.8665851644680095,0.25366510647771195,0.22943485603930852,0.17165799786171998,-0.22323133622972582,-0.1854930082006412
2023-11-16,0.8681951920799579,0.2521056454279376,0.22730206621892174,0.16091307630088658,-0.22153857428042967,-0.18651780505559734
2023-11-17,0.8679927723295705,0.2480211057387798,0.2242294467437845,0.16084603970094757,-0.2221152638394524,-0.1877623561335948
2023-11-20,0.8685235068389067,0.24989901765724315,0.22582074901482183,0.15818037772534377,-0.22300835431381488,-0.18934356034838695
2023-11-21,0.8699209118503933,0.25213128320412026,0.22615560426350365,0.15070808674215147,-0.2243464346767296,-0.18789788207190614
2023-11-22,0.8690298596195687,0.24553829832808047,0.22563779090836583,0.13562988051116712,-0.19898330309944684,-0.201430249111725
2023-11-24,0.8687675978046753,0.24322095239230246,0.22273877288308236,0.1360984414494661,-0.19659874669156238,-0.19983554143405372
2023-11-27,0.8686796084164257,0.24053307536993757,0.22114748330940281,0.1324700494892522,-0.1853141718542124,-0.19774889477680802
2023-11-28,0.8695361791143087,0.24160722184626526,0.2213586696159212,0.13294175524652332,-0.18576209789103704,-0.19797851571328093
2023-11-29,0.8690709773511095,0.2382544304899917,0.2170371863159198,0.12942700140013974,-0.18157141076808764,-0.19458588637052626
2023-11-30,0.8695026817131288,0.24159334335804372,0.2192142574231332,0.1266866659279594,-0.18082972530718944,-0.19412648781769595
2023-12-01,0.8686741677017034,0.2211716688234069,0.1994176937501794,0.13224236124874011,-0.16954930592561565,-0.1881566969065774
2023-12-04,0.8714739705153822,0.21143259218452742,0.19072220892770267,0.11491363959867464,-0.16821037781612305,-0.18164338934841615
2023-12-05,0.8706394919724942,0.2121922851518392,0.19060582752497485,0.11445742914652807,-0.16488819092486295,-0.18137860055079086
2023-12-06,0.8706997041681991,0.20882765664921663,0.18597091368158253,0.10514939887364617,-0.16034233119198515,-0.1770219356413799
2023-12-07,0.8618142210795673,0.21776580661347558,0.1932406231966796,0.10379617489153128,-0.16872764363494372,-0.17655832525698015
2023-12-08,0.8611194727157742,0.2159184141736646,0.19230157515472826,0.10851894014207675,-0.1739709677661638,-0.17449682733255648
2023-12-11,0.8634510911981919,0.21034554487486956,0.1847043044627095,0.11681830595246524,-0.1715075210659413,-0.17581165622988024
2023-12-12,0.8630520254553394,0.20823689778570775,0.18237096647365164,0.11815815665914775,-0.17045753723982635,-0.17353065915440036
2023-12-13,0.8634199892642598,0.21057854135520387,0.18572291125546214,0.11998055862433865,-0.17617270584014444,-0.17487695483035093
2023-12-14,0.8618909303828749,0.20791063657587766,0.18350994576512972,0.11814953325085244,-0.17220980647606543,-0.1669691773118831
2023-12-15,0.8624783693158524,0.204989786447956,0.18240202641997352,0.12038937782829555,-0.17936130844389656,-0.16679673985251997
2023-12-18,0.861346845493968,0.1950430416808079,0.1718489152914761,0.11209263842637014,-0.17280714665282337,-0.16138909117322212
2023-12-19,0.8612233912920485,0.1860009510928043,0.15758293007226115,0.12061695873995955,-0.1695026641836166,-0.16500913438272166
2023-12-20,0.8608696456499862,0.183736734721156,0.1543659564298316,0.12018342340114375,-0.16872442078671138,-0.16236847494058462
2023-12-21,0.8603221693699628,0.18640146148869344,0.15644437821906157,0.11225758482363817,-0.1634775165682773,-0.15913265284180916
2023-12-22,0.8578052890306218,0.1876796997540714,0.1586219067873673,0.11634235852350441,-0.16412130340394385,-0.1636969621475842
2023-12-26,0.8588833320510693,0.18674253210321234,0.15694012382722153,0.11709934712619278,-0.160702275111668,-0.16409378228318663
2023-12-27,0.8562966737223325,0.18539268710817558,0.15639708753223497,0.12630691907631855,-0.16756682093130265,-0.16909222574635016
2023-12-28,0.8563591102537863,0.1847829661786568,0.15590330458304522,0.12898393737465533,-0.1688862754376527,-0.16859524904767734
2023-12-29,0.8564430811739446,0.18335509098193423,0.15352031347023926,0.1296051638728631,-0.1679312579422345,-0.1674132974945631
2024-01-02,0.8538133098542782,0.17751474032780537,0.15041378765588764,0.1291277399074029,-0.16045930738824257,-0.16343316703666227
2024-01-03,0.8557518726698826,0.18547819157702128,0.1576593177245453,0.14254634292118332,-0.16449449844574818,-0.17125801665364154
2024-01-04,0.8562658173108871,0.1845796685193439,0.15676290465133358,0.14241408448779216,-0.169196576064256,-0.1724060497048294
2024-01-05,0.8571432785910972,0.18301044491244034,0.15395027710158318,0.13965344644330882,-0.1673071382483704,-0.1694581573791667
2024-01-08,0.8558932648402566,0.18703538270669165,0.15752145778841908,0.1352628534015858,-0.16785292856194298,-0.1699880211619969
2024-01-09,0.8548609400849003,0.18532010103485333,0.15535917221655354,0.13319621478403454,-0.16543210128112806,-0.16877002333328175
2024-01-10,0.8431586928090828,0.18706309109240501,0.16094791702789393,0.12499921906656293,-0.1602674108411997,-0.17077504990472386
2024-01-11,0.8422289698312181,0.1862198733846987,0.16000016300979758,0.12433141939050195,-0.1611838831877735,-0.17038970888033045
2024-01-12,0.8402608763450709,0.1807969198550155,0.15399712553827496,0.1132896601925233,-0.16189958468112056,-0.1745531628821657
2024-01-16,0.8407139175291293,0.17884862077789287,0.15153503705814994,0.10660123288099174,-0.15031777908464547,-0.16555045242059158
2024-01-17,0.8416911793562512,0.17939762808332893,0.15276756981641149,0.10734414174101822,-0.15054144517339108,-0.1678201031857231
2024-01-18,0.839431750179353,0.17671449025562225,0.15387267255359208,0.11215098668207452,-0.15687368076646005,-0.1764646992754677
2024-01-19,0.8389813815864939,0.17250560618215607,0.14687235304877982,0.11186621110295063,-0.15806440037064556,-0.17351079787293153
2024-01-22,0.8410203374746504,0.17219322077924706,0.14699438198754056,0.11191235723491676,-0.15530766490240808,-0.17103463243590245
2024-01-23,0.8352970703657091,0.15473177184676457,0.1296381182685322,0.10974971873068318,-0.15779773463343374,-0.16357463038385175
2024-01-24,0.8368353185361563,0.1601955768615723,0.1338484726402292,0.11015450096532985,-0.15645729135437542,-0.16396252151710297
2024-01-25,0.8379239525262773,0.15869482659040982,0.13262576884732127,0.11287627879982613,-0.1609457731232595,-0.1684269565733297
2024-01-26,0.8373415387757676,0.15892794407957467,0.13285017495656304,0.11115012737900168,-0.1590856727985389,-0.16889272830602908
2024-01-29,0.8374657271485256,0.16300896144592628,0.13632347058766042,0.11172849162138412,-0.15781726126552895,-0.1677131662847571
2024-01-30,0.8366568171329221,0.1623281998529233,0.1362063729484885,0.11211105736369921,-0.158262831978595,-0.1682534554531662
2024-01-31,0.8363087946857742,0.16462656612169804,0.13875503206549156,0.10731105061681033,-0.15504164148581207,-0.1694681484425488
2024-02-01,0.8362743622191936,0.16405086195102173,0.13809519763340136,0.10705770658983647,-0.15496245152096735,-0.1693770612178954
2024-02-02,0.835898941068078,0.1573500437892364,0.13332544597967902,0.10758561552699819,-0.1465931340168016,-0.16421990214443002
2024-02-05,0.8360769982352179,0.16041736778175839,0.13451249781307548,0.10800351849823199,-0.14734216614204507,-0.16424977570723726
2024-02-06,0.8358162519838315,0.16335227455393708,0.13771294200956538,0.11754447033389759,-0.15570847239454494,-0.16640580408854597
2024-02-07,0.8353982012632382,0.1615096112252014,0.13677336701030024,0.11838539924204568,-0.15102986966673151,-0.1633429521496074
2024-02-08,0.8342290787772162,0.15559316132706633,0.13132306874792293,0.11740718795889213,-0.14962642771600856,-0.1608586271420572
2024-02-09,0.8344828102819587,0.1564496803069407,0.13101043914325924,0.11592973810992878,-0.1501362460314721,-0.15842770360786698
2024-02-12,0.8346048064619739,0.14394230023214197,0.11889755619095953,0.10656777161909689,-0.15253161643926352,-0.1377804861131707
2024-02-13,0.8346919190956119,0.14312303602117157,0.120677535163019,0.10705584491526182,-0.15108363266578453,-0.13925376143394597
2024-02-14,0.8360885194449073,0.1508102705872636,0.12841469465519714,0.10477501180535234,-0.15450842244830462,-0.1486025137891468
2024-02-15,0.8356780088958085,0.14968429044799866,0.13018439177337107,0.10568641604595407,-0.15512296460061228,-0.14505267915246944
2024-02-16,0.8317906738445374,0.14513029902680397,0.12993847717457538,0.11879203282622798,-0.17201166618216882,-0.14111352024227472
2024-02-20,0.8227949688096283,0.13013728378895825,0.11621419083103504,0.1272519392094904,-0.1749809606688452,-0.12154855050488139
2024-02-21,0.8221591620083997,0.13391960323096042,0.1180748003924107,0.12877261681375526,-0.1748466819122463,-0.12109200198042606
2024-02-22,0.8221828139845837,0.12513597205283244,0.10926364984376276,0.12736214213079539,-0.1728974541447666,-0.11450735593120474
2024-02-23,0.8222631538260666,0.1260098798163055,0.10895253998943542,0.12415960654479154,-0.17163666794516289,-0.11246457687491858
2024-02-26,0.8269218815717947,0.12158068722347051,0.10095335194018318,0.11601315751788072,-0.1718830119854937,-0.11064027188466526
2024-02-27,0.8255826550776256,0.1164155360478405,0.09625358714103552,0.11436046376657806,-0.16750771488984267,-0.10984843429149099
2024-02-28,0.8235769208858406,0.11187337133748389,0.09381337733183699,0.11267193516467744,-0.16360517376755276,-0.10558671441567533
2024-02-29,0.8233951774512693,0.10969579035562517,0.09139270561917373,0.11322442645734244,-0.16331278467914287,-0.10491512939375004
2024-03-01,0.8235021471394136,0.11596465785598138,0.09726675238770113,0.1173375375693524,-0.16203963860465928,-0.10583231720442196
2024-03-04,0.8244125102306438,0.11272827146151582,0.09635211791010367,0.12677921111032145,-0.1600715639122141,-0.10311556710113015
2024-03-05,0.8194628763580031,0.13028515875417546,0.11434396307306163,0.1304477561720632,-0.1687933294715455,-0.11427581796979529
2024-03-06,0.8189279065267219,0.13269045794592063,0.1178883271448261,0.13651829426614967,-0.17583076953088653,-0.11255418889965457
2024-03-07,0.8189914620709723,0.13328902803598686,0.11833931569581735,0.1363566123692822,-0.17748660667171995,-0.11196616458491883
2024-03-08,0.8182463626703117,0.13355233316954784,0.11825261360837336,0.13584834269590437,-0.17733532176252875,-0.11322175857291454
2024-03-11,0.8160000640126308,0.11417192331211891,0.0968037017907244,0.14642799080944924,-0.18378272143830252,-0.08542526857640385
2024-03-12,0.8159775342863903,0.1074915259737993,0.09010046694340346,0.15412994774101743,-0.18775030264897732,-0.07728218465727067
2024-03-13,0.79281298515741,0.10676388842510567,0.10225604294068247,0.09814209003755539,-0.1502603310164279,-0.10945447696642507
2024-03-14,0.7936347289856204,0.10661927397011657,0.10244751844989482,0.10197002223643759,-0.15575311249284754,-0.11133399910047471
2024-03-15,0.7944735649738911,0.11192695212153664,0.10345166884680772,0.10955966615853034,-0.14777263969471796,-0.10433901984078807
2024-03-18,0.7949482564753942,0.10351014874612527,0.09487302671332758,0.10823446824222767,-0.1490318329017455,-0.10106356364536624
2024-03-19,0.8001942216861997,0.10528513749557498,0.0984204368712879,0.08599251012478316,-0.1410231450969096,-0.10769214499561762
2024-03-20,0.8116270446365116,0.11876978695005955,0.11498736573218413,0.08751466658531913,-0.1561539838043227,-0.12445630704305574
2024-03-21,0.8107183263494139,0.1126275159395653,0.10788602944670174,0.10046919663326874,-0.15723428919308688,-0.1147189256420075
2024-03-22,0.8102887429026324,0.10366837670304169,0.09830051429716409,0.1120724915890121,-0.1770021510648381,-0.1118667075128912
2024-03-25,0.8134621155040436,0.0948145247592868,0.0910595945336658,0.10573215582111092,-0.18269030873795683,-0.11081235130434017
2024-03-26,0.8124429222006319,0.09619951487317979,0.09465882181460074,0.10217198024759394,-0.17685460423839985,-0.1149330294988477
2024-03-27,0.8120509334305467,0.09304238685979892,0.09108279659083914,0.09368816510646111,-0.17943276473571343,-0.11584543020361951
2024-03-28,0.8135686902374453,0.0949844576058031,0.09263443092438864,0.09163652601067912,-0.17494739710527826,-0.11312330685309184
2024-04-01,0.8149558807160602,0.0936934559775912,0.09218974428897628,0.08944388823764629,-0.1777305019760864,-0.11440788829869936
2024-04-02,0.8187824074077497,0.10241733002415243,0.10132215050506546,0.07679736105801012,-0.17240731647487856,-0.12485158439810622
2024-04-03,0.8186682631501481,0.10026973952288377,0.09884920412511874,0.07966489029760852,-0.17505357772000535,-0.12469271378995536
2024-04-04,0.8174959814380909,0.09878746036447732,0.0979126777474498,0.08063018107893836,-0.17678967758244993,-0.12215614866536753
2024-04-05,0.8178490076650727,0.100435866935047,0.10043387828739068,0.07025817962214849,-0.17293313387551656,-0.12396986383589857
2024-04-08,0.8185797141916623,0.10018910983090777,0.0970965196421591,0.0725691968820987,-0.17636055207730442,-0.13470669463657534
2024-04-09,0.8200129849432997,0.10008886536925073,0.09714376055602784,0.066506005506418,-0.17578199008432818,-0.13426780748609296
2024-04-10,0.8216100807852694,0.09926854175657485,0.09528930996608385,0.06931149931503995,-0.17591144040288562,-0.13436376924551924
2024-04-11,0.8232346221112228,0.09543054269316133,0.09348418588300979,0.06845819099444486,-0.17783242221066664,-0.13199361947018592
2024-04-12,0.8249870983066917,0.11256744452457519,0.11316586635052797,0.06724932109477225,-0.1906800585677195,-0.15602278012224907
2024-04-15,0.8284609952041075,0.1132359537097948,0.11385918224687944,0.054775634235652876,-0.18620089184969948,-0.15931497547559176
2024-04-16,0.8309383947510469,0.11615092525241233,0.11650285697403702,0.06792067054393161,-0.19429655096783072,-0.15502114275240933
2024-04-17,0.8324854451019456,0.12113377154136942,0.12041267038964243,0.07149084221177841,-0.18877399638493575,-0.15411212133455124
2024-04-18,0.8332159626137607,0.11921180216737527,0.11901146571421893,0.0718750164668298,-0.18608957114517607,-0.15444980076030865
2024-04-19,0.830831034416022,0.12005896629124142,0.11968684231117714,0.0630225596722923,-0.18322407797095722,-0.16123321858899356
2024-04-22,0.8332343837530115,0.12507458089725698,0.12506532847159593,0.04112113665572877,-0.18368257784434033,-0.16988496355709629
2024-04-23,0.831710297602935,0.12583355216949124,0.1258748463799854,0.029360220676358746,-0.18523672016341355,-0.17347979119102666
2024-04-24,0.8324307329571462,0.12541886338201846,0.12597729098979077,0.030627148363307672,-0.18772903988248657,-0.17424155945027092
2024-04-25,0.8326188498162025,0.1288917337550432,0.12988950899791196,0.030398626670140726,-0.19017385322828576,-0.17841669369217153
2024-04-26,0.832695156761253,0.12569328568714663,0.12778623753384202,0.029992541877091397,-0.1916218995460768,-0.1777784969378825
2024-04-29,0.8314588400122488,0.12195588298925238,0.12399171463860013,0.031037260173885778,-0.19415183437896052,-0.17553727661388283
2024-04-30,0.8337726085778876,0.1381528134146461,0.1417190801365168,0.05522244278055663,-0.20377964079445035,-0.1862697509522076
2024-05-01,0.8321284117094623,0.13831056435501432,0.14234787680825073,0.052413535308679066,-0.19684229755279847,-0.18446547680204126
2024-05-02,0.8318189613311416,0.1417137186690267,0.1474125546732534,0.048285956578911556,-0.19593410720031265,-0.19063921873812462
2024-05-03,0.8320778971748497,0.14967552564282935,0.15571980313565123,0.04626175212744031,-0.19631576668932507,-0.19762030433016434
2024-05-06,0.8316287326451205,0.14634941082779307,0.15109193182275496,0.04633756349409655,-0.19612371438658247,-0.19542384938407598
2024-05-07,0.8331415893950669,0.13399164674966543,0.13638141967216982,0.06268951341194086,-0.1953672239051169,-0.1774013719001346
2024-05-08,0.8296483307394199,0.13652247258561995,0.1375145261217524,0.06853780466889961,-0.19447988228744917,-0.18097545200783527
2024-05-09,0.8298535943181221,0.13672557318721384,0.13861593662728955,0.07081813313101532,-0.19601367821906415,-0.18185929950214574
2024-05-10,0.8310403119034228,0.13783463569689655,0.13794300053241926,0.05959383067736324,-0.19653445713245013,-0.18092813249866627
2024-05-13,0.8300935276638413,0.1384565780797077,0.13669476733987473,0.053218407278748395,-0.19304797596228723,-0.17791932004462876
2024-05-14,0.8309489890981161,0.13654876155478135,0.13502042305676457,0.05040075347097572,-0.19279021799614865,-0.17701378541006044
2024-05-15,0.8325457706692214,0.14314707814203834,0.14277800683134803,0.06112466070154815,-0.20112352035713513,-0.18441775162633817
2024-05-16,0.8329419584577202,0.14442250180460128,0.1446237019846849,0.06409057732462103,-0.20182889546797103,-0.18452696346769237
2024-05-17,0.8332555923004499,0.1435429124869032,0.14538903332813632,0.07270142965788912,-0.20117795299432212,-0.18844051859151117
2024-05-20,0.8246722881475383,0.14965374149406227,0.1405985715170052,0.08708707768488622,-0.18435324562438943,-0.1757992089630475
2024-05-21,0.8199780417334147,0.1499791561420434,0.14128076349699126,0.08397321650894551,-0.18327403967277495,-0.17769059892121086
2024-05-22,0.8202087351074939,0.1505057042667526,0.142118895497719,0.086938008328325,-0.18435469182533865,-0.17889669830014515
2024-05-23,0.818700220826073,0.1533664609775083,0.14494682875458823,0.08323564813732337,-0.18564358325543312,-0.18177925056934552
2024-05-24,0.817274479886531,0.1488716391814363,0.13941837010461447,0.0811858833712502,-0.1802063346273431,-0.17394886848607255
2024-05-28,0.8154695410242917,0.15077186628215664,0.13920368063304892,0.08477396017846943,-0.18111463455402502,-0.1680823573758165
2024-05-29,0.8156056634269285,0.1513869131930894,0.1407585786863298,0.08701277159047488,-0.18373023548733705,-0.17109142983001963
2024-05-30,0.814409631135148,0.1513552118709922,0.14209201194032786,0.08388917675495489,-0.18252416670684568,-0.16955920100219957
2024-05-31,0.8137110343591017,0.15012195334443126,0.14032315498528342,0.0841854021907327,-0.18192881462819804,-0.16726864253652374
2024-06-03,0.8132922828044546,0.15170043817591167,0.1420867748247468,0.08478670639593427,-0.18456438597193744,-0.17245896744172387
2024-06-04,0.8130464746390148,0.14976237459769048,0.138621963794127,0.08799985799573133,-0.18815992055528072,-0.16977510898144468
2024-06-05,0.8109154191403218,0.15057018765539765,0.13803364057783918,0.0915671464646961,-0.18883435865679005,-0.170208147453422
2024-06-06,0.8102182120322388,0.1501411143193356,0.13771269336468892,0.0885061784036589,-0.1897075776770954,-0.16629915092289235
2024-06-07,0.8100315921968438,0.14699505815385872,0.13657325061494024,0.09687478452878345,-0.19723282256876,-0.16360522818405704
2024-06-10,0.8100092963727173,0.14653481046795744,0.13612292315307117,0.0964350819798832,-0.1979230455478346,-0.16378211464136577
2024-06-11,0.811135005091241,0.14130385628020584,0.13409719589184568,0.09644527397649728,-0.19790012193150075,-0.16394489225066197
2024-06-12,0.8112612411550151,0.15402311977932767,0.14454894608367602,0.09559888824742266,-0.19950408459389365,-0.15645679810952826
2024-06-13,0.8117810242521563,0.15359533180935742,0.14433708759294372,0.1009715284342948,-0.20369550409839643,-0.15611897717091977
2024-06-14,0.810347371079019,0.1562985225736105,0.14503538271482952,0.10491437363663687,-0.21034276841226704,-0.16322436684918176
2024-06-17,0.8104200067315175,0.15626028252718976,0.1450309492149789,0.1038710567348962,-0.21123614231026425,-0.16398192401251468
2024-06-18,0.8097436052893614,0.15927222482825867,0.1470451184659234,0.10288627951460995,-0.2127113421452343,-0.15937996808364685
2024-06-20,0.8093413462102309,0.16021430183492402,0.15103531273944013,0.1112646312690994,-0.21551381384940896,-0.16059884107185496
2024-06-21,0.8070739883174014,0.16964817246550018,0.15720648666414433,0.1125190601638092,-0.2095000837920115,-0.15564484871016096
2024-06-24,0.8088479688892147,0.17713826879188896,0.16038108021589953,0.10674404334550845,-0.20223337686476892,-0.15680224480586932
2024-06-25,0.8090472665002589,0.17971215182071737,0.16251225617923232,0.10530025143325401,-0.20370559347531347,-0.15854166797824468
2024-06-26,0.8087601219992158,0.17681747677845805,0.16085831392811797,0.10679599756824852,-0.20611086371985315,-0.1557084446386752
2024-06-27,0.8087034368299476,0.1755156679878111,0.15909270915110027,0.11052838385388937,-0.20610418129647073,-0.15571195894841924
2024-06-28,0.8086555360242687,0.17846942900411317,0.16034699859494897,0.1096362102989436,-0.20197679472815683,-0.1587042801240983
2024-07-01,0.8081535283622326,0.17984694102611337,0.1602298225447628,0.10978403073432362,-0.2036843984966383,-0.15953843240331614
2024-07-02,0.810763278035887,0.1734901799050799,0.15274721222512685,0.10738373961053911,-0.19863067693303008,-0.16000087521005252
2024-07-03,0.8117791785001807,0.16910466815546418,0.1494441229952831,0.09827986346460822,-0.19418638407590216,-0.16007064748615607
2024-07-05,0.8145246446429766,0.15583624006073346,0.13811722969024584,0.0799094236156917,-0.17198027082587206,-0.16249879718583615
2024-07-08,0.8138729846553111,0.1527377150704948,0.1337081457762911,0.07435124325468281,-0.17415873243760294,-0.1570219311225114
2024-07-09,0.8138624474655105,0.15306639363071178,0.13435266665668003,0.07357692968294023,-0.17296670160502411,-0.15591589170198208
2024-07-10,0.8133595221614569,0.15396680109459018,0.1353872958909275,0.07421493057417922,-0.1730960180672948,-0.15529824818875007
2024-07-11,0.813385728038252,0.1534483600305623,0.13577206057128535,0.07312788087876584,-0.17211491252413355,-0.15546628154981462
2024-07-12,0.8134390343889077,0.1548685728327298,0.13711749099637952,0.0741313700179969,-0.17865682406448988,-0.15819774328477368
2024-07-15,0.82079762037993,0.14599045016161122,0.1309331406922649,0.07673947243340688,-0.15906680180387966,-0.14442238544516955
2024-07-16,0.8195675729724251,0.14490437240300075,0.12849128736876347,0.07296262394617502,-0.15823980973486262,-0.1465826043068244
2024-07-17,0.8197380252012387,0.1503384627909309,0.132624820485825,0.07286908603224244,-0.15502366814313118,-0.14908351345862314
2024-07-18,0.8193643705198,0.15024538694471343,0.13220699568744473,0.074436966272135,-0.1533450703434228,-0.14649446044928274
2024-07-19,0.8192516138960123,0.14775617780875328,0.1293541309294449,0.06656819764873186,-0.1513390168208707,-0.14419995589668863
2024-07-22,0.8177723733322599,0.14441809926757698,0.125463456657635,0.06709504604919016,-0.15105321204166505,-0.13797897069209644
2024-07-23,0.8153773229764262,0.14418061289943032,0.12503680149379276,0.06756876107355055,-0.1505931364164721,-0.138426510707099
2024-07-24,0.8139105016591882,0.15928606458465402,0.14048392864719453,0.06478405730298337,-0.14727387941501402,-0.15274300637614283
2024-07-25,0.8097540904992403,0.16409237749275463,0.14439589570811703,0.0812722891199458,-0.14594165834099032,-0.15447020625980165
2024-07-26,0.8103453234261428,0.16679189052531385,0.1484258883657187,0.08495537464526422,-0.14588322264914555,-0.15990981722659167
2024-07-29,0.8087131411977199,0.16628685375572658,0.14775321964396493,0.08359200875972994,-0.14429764989240754,-0.1588395136953903
2024-07-30,0.8088723035090228,0.16785234389396955,0.1485399676407215,0.08083587952682489,-0.1439306437458814,-0.1601478550885192
2024-07-31,0.8089282732701457,0.1613418039588512,0.14353221152550952,0.07964553345181961,-0.14029311624034485,-0.15603927496654052
2024-08-01,0.8083233734820297,0.16301965828637066,0.14533807908659852,0.0810738254754002,-0.14242390023114973,-0.15766212413449002
2024-08-02,0.8112509150469279,0.17617211765929064,0.16000113783827197,0.08414674378192762,-0.11038310065156166,-0.18116133616086302
2024-08-05,0.8234904356862737,0.23550585094074464,0.23518562582457575,0.106060250864037,-0.07126736071940519,-0.32427196475281556
2024-08-06,0.8231330838797533,0.23641486378116155,0.23633654029266352,0.10497273425830413,-0.07096768638247401,-0.3160147549326889
2024-08-07,0.8228380632514722,0.24088093461990784,0.2415562736418278,0.10470476784880552,-0.07396550569390639,-0.31625614266062074
2024-08-08,0.8309473409009819,0.2689898281473161,0.2726952458732233,0.12246418182319277,-0.07405070266419782,-0.33870689712339913
2024-08-09,0.8310867179522827,0.2676081086538884,0.2707477433655853,0.12099320256288137,-0.07330190142287536,-0.3267541753745975
2024-08-12,0.8238102345944106,0.2674535825453906,0.26959969635537684,0.1262293235185363,-0.0731113725482803,-0.32482154214652753
2024-08-13,0.8227383967223074,0.2630804962885087,0.26541040560462453,0.12607489081197892,-0.07107968533859392,-0.3213736961146696
2024-08-14,0.8224787780977932,0.2637564386472269,0.26498862049350536,0.12782975067541752,-0.07093823515958309,-0.3166939496016912
2024-08-15,0.8227575334097034,0.2530379634204907,0.25495694058036494,0.12502661815866362,-0.07476228078946145,-0.31209725784711284
2024-08-16,0.8225241914794695,0.25227628830269466,0.25424120191963345,0.12499371747081138,-0.07484516007238455,-0.3120225586237431
2024-08-19,0.819929357629059,0.2471577222414109,0.24955095221007487,0.11988789470288572,-0.07686764928505363,-0.30785365680919957
2024-08-20,0.8199035565194143,0.2476154953943103,0.25012982055774396,0.11897418696010241,-0.07360152846778681,-0.31096809339212433
2024-08-21,0.8199582589861998,0.24884564987610255,0.2509018708271559,0.11830866129873753,-0.07561387184699776,-0.30993867308293876
2024-08-22,0.8199224792551335,0.2484196244537842,0.2499544483151824,0.11877534536180061,-0.07471189170340846,-0.3102632860766779
2024-08-23,0.8212362113734105,0.2508063918064863,0.2528075559070986,0.12163534862189936,-0.08343557366999456,-0.31397103857885905
2024-08-26,0.8214964373959035,0.2521911616379421,0.2532870723223017,0.12031313317176354,-0.08274715788708074,-0.3136898806828226
2024-08-27,0.8237928942264985,0.24994484209866438,0.2507485415376182,0.12060562207380844,-0.07472330274218529,-0.30626461588911114
2024-08-28,0.8219942024886435,0.24646615047657613,0.24814317879511988,0.11832181544921498,-0.07038494197211016,-0.3009205026108838
2024-08-29,0.8211524581278487,0.2414909844486524,0.24251780127490738,0.1141635089000443,-0.06499843957429212,-0.2978927702133558
2024-08-30,0.821001567697387,0.24162329275123096,0.2422822957373724,0.11464795641052963,-0.06691002018461487,-0.2987418184351135
2024-09-03,0.8213788809361702,0.2506440487544318,0.2496805467086758,0.11413725696410672,-0.06406562344750893,-0.3076190311846842
2024-09-04,0.821356585384955,0.25014075706336536,0.24949999924161634,0.11416675568406882,-0.06346898930335092,-0.3079850890400031
2024-09-05,0.822028297385399,0.24920178669249843,0.2510032986703821,0.11175181998030768,-0.06156965616255856,-0.30405915980899617
2024-09-06,0.8233074300429795,0.2606710263148615,0.26200313624892535,0.11681740388879305,-0.06268011900127608,-0.31128565923660395
2024-09-09,0.8249058233101586,0.26573763241256193,0.26821786120643526,0.11791211738956212,-0.056818611753982076,-0.31883900834593554
2024-09-10,0.824986833501209,0.26626531136324927,0.26868048074899015,0.11822505865903507,-0.05641777495079699,-0.3197703435450926
2024-09-11,0.8242964269429522,0.2666956173632231,0.2702508905218062,0.11979456871373621,-0.06445320925719365,-0.3179614718865636
2024-09-12,0.8240324829888399,0.2701581423990077,0.27307177824756146,0.12266777733844193,-0.06603791806600184,-0.3195185457978403
2024-09-13,0.8244723509990015,0.2711381297710325,0.27431605295543493,0.12612723731938935,-0.06818100209970424,-0.32013163719325466
2024-09-16,0.8256754410877712,0.2726718242819661,0.272211140167584,0.12666698436205767,-0.0641354072204061,-0.32093733067043395
2024-09-17,0.8256661150859249,0.2750753702258143,0.2746643816296618,0.12452970811215783,-0.06320483720445072,-0.32145119040148745
2024-09-18,0.8256802121261496,0.2745613851051959,0.27399712824543804,0.12482250091075003,-0.06402032008559788,-0.3207377108366128
2024-09-19,0.8258810697898098,0.2796701721659659,0.2789730192280022,0.12684758706307867,-0.06363090054182048,-0.32444756168844086
2024-09-20,0.824578000038648,0.2767344203623703,0.2762425144951222,0.13177662361553905,-0.06233828632591504,-0.32377195265978315
2024-09-23,0.8231162350744188,0.27385955851823984,0.2737524312186931,0.1286180383437039,-0.05897417064536608,-0.3217122645027534
2024-09-24,0.8229845384479153,0.2738776652234534,0.2739969931639577,0.12836139352688458,-0.05902088121347994,-0.3215514759979214
2024-09-25,0.8233984571535927,0.27397751343706056,0.27500541949571466,0.1274027868742785,-0.06295784794835771,-0.321416150010227
2024-09-26,0.8235265741475503,0.275987583116888,0.2779701413688915,0.12830783655912786,-0.0646303193914291,-0.32315907459655857
2024-09-27,0.8233564680024272,0.27469523895000564,0.2771002547590379,0.12615710843460728,-0.06551590112608519,-0.31891478175660926
2024-09-30,0.8236932961072495,0.27193736551937875,0.27377138872478857,0.13067903121145485,-0.06582837879695946,-0.31618615440615816
2024-10-01,0.8252275195377246,0.2786511484773921,0.2802222916981915,0.12343005085480666,-0.07248683449836088,-0.32445218466701564
2024-10-02,0.8253046690720091,0.2786543720794503,0.28017647853400185,0.12648612540445667,-0.07678377944036109,-0.3229230387816184
2024-10-03,0.825250747725392,0.27954711067129395,0.2813516668624835,0.1260537178292474,-0.07719925871248,-0.3237579623575427
2024-10-04,0.8258572486144673,0.282694085369002,0.2841195696835343,0.12393013022286657,-0.07343621417231816,-0.3263415514582093
2024-10-07,0.8256625188119603,0.28147050302623366,0.2823917900147438,0.12333111922284086,-0.07641077474041391,-0.32315690401592756
2024-10-08,0.8253567829730024,0.27992923244570006,0.28090845636388206,0.1208885683017653,-0.0751172020374082,-0.32222416777055607
2024-10-09,0.826007529748881,0.27985039964740166,0.2815149445499744,0.12712050530644695,-0.07768767851121726,-0.3205519263548954
2024-10-10,0.8257318577627142,0.280259611181755,0.2818686515607453,0.1278734872052746,-0.0782183737589869,-0.32123956927629915
2024-10-11,0.826274448595096,0.2807818491191896,0.2829454810293971,0.1303219355874639,-0.07863841222634528,-0.3222655013310936
2024-10-14,0.8280751523974327,0.2826521479037656,0.2855506286369825,0.12468740430970707,-0.06669912582472103,-0.32317362896354096
2024-10-15,0.8274605328910224,0.28467845602451575,0.2868124455613431,0.1249362487461732,-0.06676450352885822,-0.32734593192546135
2024-10-16,0.8280544560668293,0.28276150670791905,0.28443373356540025,0.1265521294940585,-0.06396964764230052,-0.32446198330595777
2024-10-17,0.8282253242454385,0.28225220458608985,0.2843256286865876,0.12616824822070716,-0.0641329104415699,-0.3233853842430734
2024-10-18,0.8283033238945424,0.28356204855301703,0.2860405419573789,0.12827396659703375,-0.06489717047564267,-0.32421609960459635
2024-10-21,0.8275135989540778,0.28420916821278164,0.28658903835899013,0.12850055103741215,-0.063736641874878,-0.32546659844497633
2024-10-22,0.8271861331697561,0.28866111045727855,0.29264013973185204,0.12569944768462907,-0.06369267258390611,-0.32573433642494953
2024-10-23,0.8229329518194121,0.295673938471695,0.3036434761151177,0.13715150407715773,-0.05382681514023882,-0.32383520283893164
2024-10-24,0.8228505167276499,0.29561474645858626,0.3033844822371608,0.1378422594761796,-0.05672790984366928,-0.3236475422447276
2024-10-25,0.8235749868498433,0.2967446984621387,0.3061274171034345,0.1371649929387158,-0.05889823024232175,-0.326584029630932
2024-10-28,0.8253299587907442,0.2995869540654237,0.3092005221345722,0.13641237631199157,-0.05797387588308593,-0.3276743117480984
2024-10-29,0.8254528650735037,0.3010364217892109,0.30832141119895834,0.13836419920518908,-0.058271320655098796,-0.3277817657480817
2024-10-30,0.8250762079972364,0.29960489503151705,0.30692257449722415,0.13825471376871404,-0.05711394487693239,-0.3262699738370838
2024-10-31,0.8257115850017659,0.3088916805219842,0.31606701244189217,0.1487864922617511,-0.05741729768602308,-0.3335087862516969
2024-11-01,0.825467859368177,0.3076589940408411,0.31504868228948635,0.14970585896078015,-0.058534814878799274,-0.3320874689635256
2024-11-04,0.8256927124628166,0.3142067201797981,0.3260122242226907,0.1512088531676148,-0.05908913468709193,-0.3351704499379995
2024-11-05,0.8263753095856889,0.313464323933551,0.3250737754712432,0.1509706165372698,-0.05633502842668387,-0.33469608049498845
2024-11-06,0.8315253778070326,0.33264809981729676,0.34836251756250125,0.11356992608832207,-0.006201629086549645,-0.3586012960616184
2024-11-07,0.828525667240296,0.3381288019190249,0.3512354905424811,0.11878772802804817,-0.014093895461003073,-0.36192838906545827
2024-11-08,0.8283986293665656,0.3378644949224881,0.35163180354689616,0.11759023694406658,-0.011451601318382543,-0.3623009268074173
2024-11-11,0.8404532913706924,0.3469313800989569,0.36383439377315474,0.0685277954752072,-0.003217096661474878,-0.36929740417185175
2024-11-12,0.8414613091594177,0.3528541339189695,0.371540305356267,0.06721270275286044,-0.008215231864408479,-0.3708121044975941
2024-11-13,0.8390912722490007,0.35300328738270575,0.3714028068310951,0.06950934072602995,-0.010866392453478252,-0.36880009070075814
2024-11-14,0.8393641008235998,0.36601200500005415,0.38726657920523666,0.07525209023398988,-0.028780881299115834,-0.37214625340862495
2024-11-15,0.8384885833578395,0.36072681220728225,0.3826725782828576,0.07587571298538394,-0.03148229250427129,-0.36879432067183776
2024-11-18,0.8355476003516408,0.3624014419439829,0.3844910238228636,0.08693982590075133,-0.035114866893303044,-0.3701682482987257
2024-11-19,0.832919614870881,0.3588768696678797,0.3827634247639498,0.08500202406800156,-0.034826945682034344,-0.3717051641562151
2024-11-20,0.8313709709097546,0.3574649912448881,0.3814595599696617,0.08489314491097662,-0.03379641091805684,-0.3715652156812243
2024-11-21,0.8304806809420722,0.35206637115069267,0.3817838664019108,0.09601021962224444,-0.026299030880766964,-0.3714726852053644
2024-11-22,0.8293751079056856,0.3517104842012025,0.3808347938155578,0.09793804246491011,-0.032690225815059676,-0.36724621466279117
2024-11-25,0.8193498168812745,0.3519541526345416,0.38116182857338865,0.08672907260406966,-0.03553845228383567,-0.3679423665476419
2024-11-26,0.8193406083143714,0.35015778419181437,0.37836808706844455,0.08773029586976265,-0.038292035524364394,-0.3659015082750719
2024-11-27,0.819011514204878,0.3407471585390919,0.3688658701842962,0.09194551034487011,-0.05788288903005893,-0.3624297973640031
2024-11-29,0.8178899225796906,0.3389293550072709,0.3671757898581522,0.0911042808784778,-0.05603519729433887,-0.3607109925479107
2024-12-02,0.8169240806069956,0.3396887375480164,0.3671200524687993,0.09036260249503623,-0.055664538586702714,-0.36080684611433916
2024-12-03,0.8168667143457775,0.3390656677767024,0.3666732334920868,0.08840524351182563,-0.054639039339670556,-0.36046869130932
2024-12-04,0.8146734664947505,0.35094856775845223,0.37664656466302354,0.10806229896814346,-0.061728504857325894,-0.3636076091864106
2024-12-05,0.8150327247735102,0.3509827461562551,0.3774942419957776,0.1097523927392991,-0.06202051440201232,-0.36338925577230524
2024-12-06,0.815748119485004,0.35139606394099365,0.37614882355806784,0.11276428498057432,-0.05824021787789821,-0.36560989248917053
2024-12-09,0.8199213912097594,0.350110124342136,0.3771991574517263,0.10610125003670039,-0.05336607365539223,-0.37360701157097237
2024-12-10,0.8203520008700143,0.3506860303427325,0.3781400469179391,0.10336643378722261,-0.054787107805029676,-0.37382392264554143
2024-12-11,0.8199272356611569,0.35709878336804735,0.38458977378282827,0.10279083277544727,-0.04978023833979511,-0.3752260436262299
2024-12-12,0.8192898499325233,0.3568149190981752,0.3838953744869886,0.09986872157352557,-0.04990348836623452,-0.3758346547960661
2024-12-13,0.8190544356881322,0.3553768496176485,0.38237898705997475,0.09865106732813235,-0.04442144332740925,-0.3764112677226005
2024-12-16,0.8189477494558447,0.35624741102762214,0.3825382587904067,0.09420083006977609,-0.04028353003238026,-0.3753691060710166
2024-12-17,0.8178609358377543,0.35860903067612826,0.3838569843378069,0.09287974524971725,-0.034330747216885164,-0.37882606171962246
2024-12-18,0.8204319911143435,0.37170851098367846,0.39705263190814233,0.09532824710578522,-0.05255381336440808,-0.3873799331869289
2024-12-19,0.8206606806445493,0.37250498980251345,0.3983366520277606,0.1058687077916572,-0.05931770330190714,-0.3746129318800791
2024-12-20,0.820933681918326,0.3757898880417825,0.4035150486910196,0.10755069515187017,-0.062095821635867694,-0.3725225504197343
2024-12-23,0.820853026581014,0.37332300245630173,0.4010154976374749,0.10853633476215194,-0.061730840324844334,-0.36973048309135403
2024-12-24,0.8218571888189588,0.3746575099744254,0.40225345230161125,0.10635625231541772,-0.05929046487807716,-0.36938874847078595
2024-12-26,0.8217737648998286,0.37675587364674773,0.4046102787924524,0.10303656793022792,-0.06029257732048836,-0.37093925558312313
2024-12-27,0.8222922224792445,0.37687994515300216,0.4044234214008252,0.09721013289729726,-0.05246370384429658,-0.3691973783211205
2024-12-30,0.821378840346606,0.375082086415961,0.40176438536244913,0.09617804632586936,-0.0515235639694173,-0.36783370063605
2024-12-31,0.8209994437892334,0.3744520449264391,0.40136279900800526,0.09410560964161281,-0.05175550571805488,-0.3680240725094467
2025-01-02,0.8234021582143474,0.378420748991258,0.4019887164818959,0.09723675235120299,-0.04953553890899162,-0.3682267144025945
2025-01-03,0.8211468371841634,0.37756667867311383,0.4012723454846853,0.0850555935715709,-0.05036766750789352,-0.36902565887013783
2025-01-06,0.8207900576828921,0.38047986174985254,0.40369570832218665,0.0836118374455018,-0.053268413879257216,-0.3693815842990472
2025-01-07,0.8226715355164039,0.38949961443403663,0.4109245897739289,0.07763883133302647,-0.0581971937946375,-0.37568194233262386
2025-01-08,0.8238545931296242,0.38793958515232785,0.40907828390552725,0.07978982021892775,-0.05878764928616993,-0.3750964267946417
2025-01-10,0.8245826198112226,0.3887313161189897,0.409357409644345,0.07649890584694566,-0.061365752572090995,-0.37599201975195834
2025-01-13,0.829901704466542,0.38856221952809633,0.40715977163330924,0.08598749244572158,-0.0588937166529768,-0.37734067117178444
2025-01-14,0.8306819175730358,0.3876519360116023,0.40728522809200135,0.08672542104785282,-0.06271828729122167,-0.37756294401601725
2025-01-15,0.8334513972116224,0.39562975745076534,0.4156103110097466,0.10002724956933721,-0.06496106501932142,-0.3842135745276511
2025-01-16,0.8331331296889899,0.39857813127325786,0.41791595551185245,0.09772706296265134,-0.06965920010889619,-0.38786080981949744
2025-01-17,0.8339525559930069,0.40098013946093186,0.41979408219398384,0.09386044939813444,-0.06484408141323812,-0.3877262293505639
2025-01-21,0.8304506486016089,0.4017850236076759,0.4175419681735417,0.09435588928580699,-0.04937248204242391,-0.38547152041302896
2025-01-22,0.8307496705246334,0.3985287700708983,0.4158004782233644,0.09315516448960974,-0.0494446889510974,-0.385101093852211
2025-01-23,0.8281034236976426,0.402330990981869,0.42038574405120654,0.08948409241342788,-0.05020902220101054,-0.388130472020582
2025-01-24,0.8292953040999358,0.403900890395751,0.4218555847240084,0.08941913260366016,-0.046556617228801084,-0.39046032865589425
2025-01-27,0.8299079632354721,0.4079370520726838,0.42546206231635547,0.09502203184817785,-0.04586597720385169,-0.3945209082947698
2025-01-28,0.8296768324087483,0.40020260866138363,0.4215077929432927,0.09160258556563376,-0.04916119621638285,-0.38986971581917435
2025-01-29,0.8300894872856796,0.4004965343985057,0.4210048137405271,0.09186295566486347,-0.048313338949662665,-0.38959548660521554
2025-01-30,0.8291899489840175,0.3993771133936339,0.4212476073536899,0.09775575125064627,-0.05093610180174793,-0.3914496594255176
2025-01-31,0.8276764745846338,0.3999702556133512,0.42001949750018275,0.09682415981557424,-0.04838825098092137,-0.3905341015734516
2025-02-03,0.8160070252571008,0.4033566110188026,0.42242862589076796,0.08875117106548729,-0.06661201884798601,-0.397763120885822
2025-02-04,0.816972566452274,0.396006040366718,0.41735384848894636,0.08549934251620427,-0.052409953750494336,-0.3911948458009738
2025-02-05,0.8155476552395723,0.39740585288875085,0.4188293269549098,0.08658358089466188,-0.05467196372948748,-0.39195876272136454
2025-02-06,0.8148485424561025,0.395490878507352,0.41694413430228805,0.08856984719082009,-0.055022145657879364,-0.3907682034158005
2025-02-07,0.8148651114359291,0.39734097498230914,0.4181965922750941,0.08709718963669578,-0.05490277183176824,-0.39090397050778136
2025-02-10,0.8147054174679977,0.39699372800596044,0.417745848982475,0.08894725979154113,-0.053258902935223174,-0.39110174729558245
2025-02-11,0.8155050592286159,0.39748907026906516,0.41762840660624184,0.0892929835475495,-0.05119059596791411,-0.391179698955809
2025-02-12,0.815234476197015,0.3948627935933367,0.41353635583100273,0.08943645157040235,-0.050959473005605736,-0.3912192463177427
2025-02-13,0.813617569580343,0.3948985505801296,0.412898260852968,0.09136345381400494,-0.04877910607792975,-0.39699658012771216
2025-02-14,0.8135708854326877,0.3963693092741701,0.41423804250841756,0.08757965552159669,-0.05086143337081424,-0.3981591325608891
2025-02-18,0.8127963559843554,0.3933691925170953,0.4107081375325985,0.08570508572184259,-0.0502519987157728,-0.3955682609181431
2025-02-19,0.8130971679450649,0.3930895432801807,0.41033916710485785,0.0840416722068285,-0.04824507994038816,-0.3952627444505253
2025-02-20,0.8131677286870743,0.3924497067200508,0.40938955682679024,0.08470034123092467,-0.049620817969371775,-0.39484899000221796
2025-02-21,0.8181037744515246,0.40300310535920164,0.41949471994303306,0.08136549333058625,-0.0480675850028056,-0.4057682749739821
2025-02-24,0.8193629223613783,0.40614506959300045,0.4214799554966351,0.07953001422321618,-0.04792243760645849,-0.4068161953704508
2025-02-25,0.8187945343960403,0.41035379115960857,0.4266318445031085,0.08025646500532985,-0.04735202869781921,-0.4071802886256727
2025-02-26,0.8203699319334387,0.4071801476170103,0.42507753192151104,0.07943130558088675,-0.04875814781062006,-0.4053796177668143
2025-02-27,0.8173274433653352,0.4089465358403143,0.43119092081412136,0.08623417766596764,-0.04819191431620615,-0.40829566943798307
2025-02-28,0.8175309426787685,0.4034384886384002,0.4229483391062729,0.09007088529646025,-0.050291956387688484,-0.40479709342521714
2025-03-03,0.8157679240380855,0.4101925606543685,0.4283990259543433,0.08377015318176174,-0.043397172387508176,-0.41032339345584284
2025-03-04,0.8159784010590884,0.4108166029082055,0.4252962823362351,0.08491472707831953,-0.04541075289135183,-0.4103394922919317
2025-03-05,0.8162268366824701,0.41149836591132877,0.42607264124361327,0.08057567465797329,-0.04346738007670472,-0.4115602808839534
2025-03-06,0.8165100433737699,0.41415287965693187,0.4276258089797542,0.07402715657298514,-0.03591825573650538,-0.4149930982364849
2025-03-07,0.8203899855047085,0.41153510149802847,0.42476398496987156,0.07650538231899719,-0.03468850316417892,-0.4116858658384637
2025-03-10,0.8265044950229817,0.4357780094396783,0.44713366041143876,0.07842885566204362,-0.02934639435047181,-0.42724338184363514
2025-03-11,0.826235632075681,0.4341907129753049,0.4424637814717416,0.07993151276577658,-0.030761326386922926,-0.4278831368678315
2025-03-12,0.8262307080969037,0.43464087464645396,0.4432146126988851,0.07917022034415641,-0.030725576900519313,-0.4265248967085009
2025-03-13,0.825442227497515,0.4379596838181649,0.4455569918755179,0.07593325124632744,-0.033086802307613926,-0.4291517083102886
2025-03-14,0.8255949772700759,0.44257045688956864,0.44979240473415555,0.07468482222939046,-0.03340382093710912,-0.4336475449834027
2025-03-17,0.8256845282346627,0.4433418191304761,0.4503886583934934,0.07429306041782612,-0.03393500831096063,-0.4338982458581615
2025-03-18,0.8246747216767738,0.44052638453748344,0.4477690304517821,0.07294970284509907,-0.030682159641693487,-0.4325281598737245
2025-03-19,0.8256473478094798,0.44254817186942746,0.45017358309743893,0.07073874184695964,-0.027295437208558808,-0.4362381994747322
2025-03-20,0.8257898075122443,0.44801774790490795,0.45603261777476817,0.0710125210426487,-0.02864366988856532,-0.4373633613392043
2025-03-21,0.8213481104357271,0.4558523300379453,0.46772697758150134,0.06892059721962512,-0.02397216052324442,-0.4465471345077467
2025-03-24,0.8175130620482567,0.45775524919050053,0.4699809911609475,0.06849210586936984,-0.012297883088012088,-0.44920724515322197
2025-03-25,0.8192199449190455,0.45763484206130345,0.4701481684465928,0.06892924194717058,-0.01180505550936996,-0.44916319052137776
2025-03-26,0.8185130154908726,0.46030628512371036,0.47165128542586393,0.06446769346532089,-0.009744323787227588,-0.4506958155803571
2025-03-27,0.8164654931251623,0.4649393516913487,0.47752621530492556,0.059934518810583495,-0.0062229316628306325,-0.4542830347429132
2025-03-28,0.8173420022959681,0.469998879101786,0.4824945431440843,0.0560942201745637,-0.005881493860862386,-0.45846754967489134
2025-03-31,0.8177380767694995,0.4709290717087122,0.4825102675368153,0.053550744492528064,-0.006957031764806747,-0.4599853478505267
2025-04-01,0.818267852594496,0.4727224667405119,0.4829809411031182,0.05035076037120354,-0.007307031352253386,-0.4605874309755918
2025-04-02,0.8189929710171885,0.46731269289913113,0.4767438699827601,0.048214123318760106,-0.00020591017455296186,-0.4578108637147064
2025-04-03,0.8171900952567208,0.43863663083869087,0.4398964096961154,0.05224241538427051,-0.008083046014958021,-0.4395486100664606
2025-04-04,0.8171000893190253,0.4207696045042562,0.4048753641082353,0.04932778276290267,-0.006036847741099073,-0.4224484387539721
2025-04-07,0.8178882664319482,0.41099990280286197,0.40016331958606177,0.07759910795816664,-0.013517920234887223,-0.4191414092927768
2025-04-08,0.8190579204096474,0.4158893996587763,0.40540261254428694,0.07547890995982333,-0.010250752437964368,-0.42212320981279094
2025-04-09,0.8219450097141155,0.45170339563239525,0.4420039562389663,0.10473015856507027,-0.008126003872795225,-0.44950492319676105
2025-04-10,0.8214244346463547,0.4652948303729075,0.4559257542061933,0.08044828905951314,0.028504108524563292,-0.45957551025643517
2025-04-11,0.8214186613982117,0.4680356215174344,0.45946465559436106,0.08628091025121676,0.018252390294779472,-0.46182193783464826
2025-04-14,0.8212762178784336,0.47033401950629466,0.4614284581999719,0.08467394211320857,0.0173736090033628,-0.4650866940540009
2025-04-15,0.8200599159585691,0.466889423068564,0.45713461019686,0.0842052628955852,0.026717632687384373,-0.45920770316776455
2025-04-16,0.8199396963072763,0.46167137351295245,0.4523293163110351,0.08277664511498463,0.028839806419810522,-0.4568391484768616
2025-04-17,0.8200069286765121,0.4615964767182127,0.4523437687168766,0.08273248329545242,0.028911879171009115,-0.456754948928589
2025-04-21,0.8186964744123568,0.45796002631993443,0.44786910269545915,0.07958934071920061,0.02679291289859508,-0.45596816085970915
2025-04-22,0.8214997505363756,0.46753036372729406,0.4596219615145151,0.07520401283381514,0.039961083394512965,-0.45953043891335227
2025-04-23,0.8211227911004552,0.4699542429570881,0.46109708252412634,0.06573155234675152,0.0441297339467335,-0.46045881307420217
2025-04-24,0.8200407683441582,0.46411797261041926,0.45534877927416983,0.07654387118681992,0.0458035426106779,-0.4567939283558251
2025-04-25,0.8203971031468843,0.4645074212592657,0.45575513291611486,0.07483116147815702,0.046868124034076114,-0.45704967559212795
2025-04-28,0.8204301769777038,0.46472063301842154,0.4559570578823208,0.07514267468770787,0.04687264825898926,-0.456860114352917
2025-04-29,0.8202623233242741,0.465177801585526,0.45632133988078133,0.07494637977723166,0.047320066635748885,-0.45669466463538444
2025-04-30,0.8203265038185229,0.46725674473379136,0.4573594046615375,0.0749852660397051,0.04773179835043579,-0.4568749894592523
2025-05-01,0.8213418434843202,0.4682959215729922,0.4578264592343908,0.06638923963435797,0.053651887175867156,-0.456451858165197
2025-05-02,0.8197478272153358,0.4638958875541649,0.452860502345475,0.054711308191852305,0.061769047053042744,-0.4548080962392804
2025-05-05,0.8208869579047776,0.463947763366879,0.45286811595870746,0.052504970776190284,0.06116524610163992,-0.4552906225134663
2025-05-06,0.8202823128378227,0.4637971195956001,0.4524617323660274,0.051830328059516574,0.061812621979775,-0.45502829822726326
2025-05-07,0.8205696126910889,0.4615283829610172,0.45040933275076894,0.05234221871265734,0.0637341758980113,-0.4531195515251224
2025-05-08,0.8161146035050642,0.45587369392662835,0.44220546615004924,0.009689663731936974,0.10036782246123914,-0.44395284147984737
2025-05-09,0.8122194788331544,0.4541056855528681,0.44036726438830387,0.013963574735810143,0.09795900744139642,-0.4442404506068386
2025-05-12,0.8087384841538171,0.46038423049545485,0.4469390742540169,-0.0037157177377219784,0.11298820693769113,-0.44959272513548126
2025-05-13,0.8067715002148754,0.4631848928205827,0.4475478718841396,-0.0021138911828172033,0.10307394548019433,-0.4478742852761786
2025-05-14,0.8060262128871116,0.46239243502269944,0.4482495513678722,0.0059253039501240825,0.10362808904734862,-0.44919194647233246
2025-05-15,0.8061426278483785,0.4623660606668628,0.4474774849946066,0.005469824504247102,0.10438027961243188,-0.44942727145948647
2025-05-16,0.8059602223748259,0.463420808870472,0.44807928633402266,0.0068535888380684175,0.10349355526537148,-0.4497248392055984
2025-05-19,0.8052504293780147,0.4614967693446375,0.44581561253353424,0.0012459496880323445,0.11003944099429916,-0.4478609026643619
2025-05-20,0.8048132569420907,0.46137697975786396,0.4456207449711125,1.7213818954654575e-05,0.11080385353760983,-0.4483327499730171
2025-05-21,0.8039740672060918,0.46105949400177243,0.4433354798369963,-0.0038438416050054548,0.10949817667086063,-0.4447733279702552
2025-05-22,0.8034629924235333,0.468275291141193,0.4540946650936969,-0.01608918572077441,0.11141918089783599,-0.4592275509432694
2025-05-23,0.8082326047951955,0.4698394440160347,0.45527415869575844,-0.02219588198801126,0.11795452668182005,-0.46121245097846236
2025-05-27,0.8076998700995099,0.47341948697527947,0.45915785383724855,-0.03185943285631675,0.12257500114710905,-0.46498315517959354
2025-05-28,0.8084220849857601,0.47343362468553835,0.45964126441263653,-0.030129743468595257,0.1226615467743517,-0.4653609552504789
2025-05-29,0.8088922930711527,0.47406747588273623,0.45986872084858826,-0.031086345785034688,0.12349934883855088,-0.46629886019588396
2025-05-30,0.810372608673916,0.4737576506880881,0.45983350613560947,-0.03017263104306538,0.12343016602985925,-0.46750682029603535
2025-06-02,0.8104662133177207,0.4738856950987733,0.45960384200717985,-0.02553293086202101,0.12130768223833235,-0.46680922060187374
2025-06-03,0.8107027214769686,0.4738090999097975,0.4594062637090907,-0.02530170658973541,0.12047728976064459,-0.46653517371932235
2025-06-04,0.810938893326496,0.4738955483606589,0.4594392998298906,-0.024648890484918348,0.11968935267570371,-0.46721957342503856
2025-06-05,0.8118965253827223,0.47463787030557497,0.4597975973587917,-0.0201159243029959,0.11997296558519335,-0.4675476648134301
2025-06-06,0.812316578129571,0.4754902407079232,0.4607461592348721,-0.020976034935606132,0.1220239117092807,-0.4687297873096699
2025-06-09,0.8145136624390167,0.4734515264400824,0.4577735060779964,-0.02123887205205658,0.11735196197068123,-0.463968169365217
2025-06-10,0.8123028870332275,0.4737390363101846,0.45831161794144004,-0.02242250647656655,0.11796001308091969,-0.46356514302228224
2025-06-11,0.8119528424346562,0.47397657059498377,0.4586177428681043,-0.030165767162952363,0.12439996304235994,-0.46513660018434483
2025-06-12,0.8125611949702107,0.4727407576936782,0.4567520276868104,-0.03533148824331794,0.12937189258612003,-0.46575860775837863
2025-06-13,0.8112529696674824,0.4768888166545116,0.4594785766044746,-0.038458068514048156,0.128915589265171,-0.4675118967123127
2025-06-16,0.8107724973919723,0.4744190190133024,0.4575298692334638,-0.038729308231760955,0.1314094859321015,-0.46521833703118814
2025-06-17,0.8102974556481173,0.4752616749326473,0.4582863361316356,-0.041659896852864316,0.13177027084663195,-0.4654648418847325
2025-06-18,0.8107234240095063,0.4752625688813555,0.45826821659489647,-0.042175498700045375,0.1317501208949173,-0.46589527343607956
2025-06-20,0.8107384710176465,0.4753775128147498,0.457962535650707,-0.03862732786954672,0.13334564667308668,-0.46584862370591895
2025-06-23,0.8109057789843714,0.4754387855470245,0.45806235037161436,-0.03826748453850033,0.13286047476455445,-0.46628359892311055
2025-06-24,0.8111739493045573,0.4762860972126346,0.4585132588389512,-0.040461355818008124,0.130872566539099,-0.46722542703298614
2025-06-25,0.8110260734775419,0.47612920638969247,0.458564049712773,-0.040379904669178956,0.13106112745899637,-0.4666351286858646
2025-06-26,0.8109787499600521,0.47442975210899885,0.4581081254197495,-0.038911280094830115,0.12872996871186093,-0.46725944900632715
2025-06-27,0.8110380785295166,0.47412750987819463,0.4579271899019142,-0.038604154794533135,0.1284901498418019,-0.4670417814975985
2025-06-30,0.8106103971831661,0.4745754737450624,0.4584325100915873,-0.038047727966008894,0.12643050098732522,-0.4663328171769464
2025-07-01,0.8107246848921418,0.4752860933203624,0.45850866191466744,-0.04236849757258432,0.1269451507434564,-0.4657996118296324
2025-07-02,0.8109963359458149,0.4757149556242887,0.45807219740041355,-0.041223592695341676,0.126362024920502,-0.46441657798286207
2025-07-03,0.8115931317577788,0.47535634028375245,0.4580593989342315,-0.0413993011961833,0.12665837273662905,-0.4643718446897051
2025-07-07,0.8118809981944262,0.47626171268786954,0.45897163151226245,-0.04138001946811663,0.12529498489523364,-0.4649842153145269
2025-07-08,0.8110082068662491,0.47825674152823683,0.4601763470420731,-0.03959749319712665,0.12399671016023245,-0.4661922871262682
2025-07-09,0.8076417859614868,0.4884184834400076,0.46863844518938347,-0.03186072193466522,0.11652282919244629,-0.46895844247673873
2025-07-10,0.8091079964550724,0.4865882725720195,0.46780112340806684,-0.030191335559653764,0.11820310654721981,-0.46766511550977824
2025-07-11,0.8089612084487462,0.48657838988346525,0.46775682824206843,-0.03014275746201761,0.1178766469363225,-0.46774480839382043
2025-07-14,0.8095733970966317,0.48640583289798267,0.46750976901197305,-0.030874933260122184,0.11876313217782836,-0.4670707098299881
2025-07-15,0.8054100565438711,0.4873418043122928,0.4658550417746633,-0.03327760104970412,0.12276419858843057,-0.46599593065806977
2025-07-16,0.802548423148719,0.4856433671531335,0.46478898881155767,-0.030042769035228484,0.12016002807862042,-0.46443406292241274
2025-07-17,0.7978442345567919,0.48950145535174433,0.4686128603467393,-0.03343589193444428,0.12098488460900884,-0.4747503011085709
2025-07-18,0.7966251607255277,0.4895031843051036,0.46919664757435386,-0.03162009298481619,0.12028867202408666,-0.4747175940609037
2025-07-21,0.7926673500687591,0.4895369446519431,0.4677913314300206,-0.02615851551799824,0.1118403168747458,-0.472090794870735
2025-07-22,0.7920719485600579,0.4902595911628772,0.4688753868445515,-0.026225604492221766,0.11134954466241485,-0.47373299701104016
2025-07-23,0.7926720966455746,0.49029580378031684,0.4682426423702843,-0.018531830368713302,0.11123820539700814,-0.47191509006202925
2025-07-24,0.7930086546144478,0.4927785908522741,0.4702216764021076,-0.02023529316937489,0.11176491720725559,-0.47441201355613727
2025-07-25,0.7950250608622833,0.4929474619047888,0.47051905044376174,-0.021001663420986704,0.1116409051925475,-0.4743940546911513
2025-07-28,0.7951169758374237,0.4904933752867936,0.4674256817472494,-0.021285917142219817,0.11345699753111023,-0.4712856634907813
2025-07-29,0.7976102834317542,0.48917969820296975,0.4665786450374761,-0.032009565190805854,0.11364585320905567,-0.47107023624146643
2025-07-30,0.7971708096608864,0.4883799829886457,0.4653164676753418,-0.03478282002337226,0.11341000997559628,-0.4696316792628491
2025-07-31,0.798930691124309,0.4882176171336412,0.4657776703536091,-0.03403379248313378,0.11222760674571533,-0.4709097041007532
2025-08-01,0.7992485836800122,0.4918069743076641,0.46920809259215196,-0.0395737386472118,0.12385080356253883,-0.4754007223216511
2025-08-04,0.7985301974249122,0.499659801901952,0.47562165194415684,-0.03536439698772051,0.12374196782469574,-0.4812611439939096
2025-08-05,0.7990318866246038,0.5012562531333994,0.4765288431442884,-0.03538428727444244,0.12420438856425538,-0.4817527347068278
2025-08-06,0.7969473212180439,0.4968427710701362,0.47194864253520746,-0.038584490084042314,0.10953566095367713,-0.47557498494909856
2025-08-07,0.7790687408472659,0.4797135840093872,0.44775907792932024,-0.05723762375094666,0.09790757125366584,-0.42217837114559115
2025-08-08,0.7785382580457951,0.47992790118728557,0.4479778293475334,-0.054616246680520474,0.09626609459348028,-0.42834618640090344
2025-08-11,0.7779528583397224,0.47573738435460644,0.4437932460465203,-0.06503336252536243,0.10198967492820327,-0.4241218008820766
2025-08-12,0.764805590694179,0.4682360732835148,0.4352503013140473,-0.08055674413523474,0.09630888904349774,-0.417925566735664
2025-08-13,0.765028709038359,0.4692228972705773,0.43697707043483036,-0.07937388330011283,0.09446103452252408,-0.42567060392668504
2025-08-14,0.7735502590143162,0.469150297775771,0.43729131661043613,-0.08030166438930596,0.09030244993060618,-0.42744651274316375
2025-08-15,0.7750016725414688,0.4729077109290577,0.4404165761844127,-0.08000860542089182,0.09126138653805584,-0.4305470615736557
2025-08-18,0.7757980778900141,0.4726188558279641,0.4407602745817712,-0.08119933039293419,0.08921053426364116,-0.4331473513814282
2025-08-19,0.7765264197844132,0.4829276492903376,0.4483704167552788,-0.07651721048272364,0.09071080414078252,-0.43683376324191764
2025-08-20,0.7757535097481559,0.4782140002487015,0.4451886742520621,-0.07369918297940863,0.09081214340158263,-0.4346416752038149
2025-08-21,0.7760645521586284,0.4780793849543813,0.4452525560172488,-0.07296987367873298,0.09016520733867185,-0.4354586654786684
2025-08-22,0.77492461860514,0.481815536709444,0.4503466068990025,-0.0606796702041884,0.06445338713254932,-0.44376145658177374
2025-08-25,0.7797564547585337,0.4782415737998617,0.448937259812067,-0.058648161139587804,0.05157126201425711,-0.44354378914800213
2025-08-26,0.779800379645544,0.47880808683914183,0.44930719900451394,-0.05800211612960092,0.05032273508350777,-0.44321202075903443
2025-08-27,0.7791281336575994,0.4763235925999702,0.4465181276524566,-0.0630074172725731,0.05759982535778818,-0.44063298488702773
2025-08-28,0.7784240190827793,0.4753097608266991,0.4461021223496838,-0.062467654869251286,0.058492469277543285,-0.44044860212960724
2025-08-29,0.7751601711310173,0.48082551165777965,0.45130186471324396,-0.0671238461158629,0.05450275153733064,-0.44912120513192877
2025-09-02,0.7748759477693354,0.48367796021313125,0.45331089482868986,-0.06694120051273315,0.05072311110907572,-0.45280906530225307
2025-09-03,0.7745651478140521,0.48442139289699065,0.4537558932295884,-0.06448884152583588,0.04958180803211391,-0.4544652385040344
2025-09-04,0.7746395081095729,0.48218692447731226,0.45143140414307237,-0.062285454172131854,0.04826180076964991,-0.45139535260346864
2025-09-05,0.7736246398239242,0.4789906813297517,0.4479197472342553,-0.06336406343761783,0.04941650897853425,-0.44925651127052707
2025-09-08,0.773305378142153,0.47922153405355183,0.44811295774550053,-0.06341986589744152,0.05033357973443386,-0.4496546678911017
2025-09-09,0.7726176256782716,0.4801222490547576,0.4477194137112636,-0.06192967042597951,0.04871453380354301,-0.4531049513075328
2025-09-10,0.7702201463610043,0.4747604160600358,0.4427971596360326,-0.0667529429352283,0.049907159045886676,-0.4487463614069432
2025-09-11,0.7687803418017998,0.4736624247664799,0.44105612055652366,-0.06832979717827292,0.045226936705156956,-0.44504990870891326
2025-09-12,0.7669409017958627,0.47315259971626844,0.43914885079214205,-0.06756471669662968,0.045179302174087485,-0.44345347657074263
2025-09-15,0.7664744244436494,0.4746878506748383,0.43954980175849073,-0.07024237883130398,0.047273269241507,-0.447455347013605
2025-09-16,0.7660519927128876,0.47471942002644185,0.43957825874314865,-0.07120656842909327,0.04842335139501872,-0.44747880314964944
2025-09-17,0.7652975127091295,0.4736483160333032,0.43866641049388005,-0.07429118669740323,0.0505998478135946,-0.4474572148135069
2025-09-18,0.7631089514671222,0.4729817471482834,0.4406130166893763,-0.07503146145651218,0.04657451412690456,-0.4472539188351417
2025-09-19,0.7640235446081309,0.4714016866303363,0.43937432282269534,-0.07537961338883106,0.04444177950981155,-0.447090044658303
2025-09-22,0.7654313232364434,0.46736858824203537,0.43599841078216467,-0.08344729841005147,0.04826205040677651,-0.4481811516963336
2025-09-23,0.7650064744624944,0.46525458885934606,0.4338798265515592,-0.0857855025318299,0.04828433309184109,-0.44626230733714417
2025-09-24,0.7654810069997073,0.4669908575999121,0.43526031126479003,-0.08829744776369818,0.04683474896920652,-0.44624069645211856
2025-09-25,0.7685334164956248,0.4672868362886153,0.4357955169505918,-0.08812658737205961,0.036106621800013394,-0.4461383723225482
2025-09-26,0.7680687279185405,0.4673887387128074,0.4365584100548493,-0.08520230106149336,0.0332378215322151,-0.44824406829043484
2025-09-29,0.7684803358560591,0.46781787496042015,0.4362824227211803,-0.08115866044530878,0.03454525034275523,-0.44533422706225095
2025-09-30,0.7687477016010805,0.4670963818173663,0.43528525180863264,-0.08206511532616545,0.03615988524307678,-0.445445307530154
2025-10-01,0.7698631744218047,0.4678989838407775,0.435830532346062,-0.07818638139813303,0.03619132953727932,-0.4478521543386521
2025-10-02,0.7696870192681186,0.4693070141503312,0.43717169524863475,-0.08143604030758322,0.039498305364044625,-0.4479705011394428
2025-10-03,0.7675474711968474,0.4659808323723904,0.4346939835182414,-0.07647078751971405,0.04440962913491671,-0.44307328489524284
2025-10-06,0.7683757256260723,0.467147193255979,0.43536919471939217,-0.07466526104872155,0.0503972609276745,-0.4444048150682645
2025-10-07,0.7696219495086758,0.4679717711633748,0.43571689281103504,-0.07657867475974153,0.04591125911690951,-0.4456281680006446
2025-10-08,0.769406525940992,0.4674789359057116,0.4351624818817627,-0.07358826666834963,0.04438194516442742,-0.4451474982110483
2025-10-09,0.769769322850282,0.46790763198463814,0.4361617260953159,-0.06524141044206241,0.03930783824002928,-0.44791434290224724
2025-10-10,0.7770095890650789,0.48299086963184595,0.45150028848643914,-0.06948985821255374,0.05116623724583722,-0.4671538903821388
2025-10-13,0.7737562407171543,0.4900150620310265,0.4589659365852622,-0.04692065812688259,0.0581174012152763,-0.47438952421132996
2025-10-14,0.7744480479298859,0.4908167605646621,0.4591380056632176,-0.04823424936014767,0.05910761563628719,-0.4757111094219051
2025-10-15,0.7754785096864744,0.48881817909674424,0.4571378253185713,-0.05198890166041558,0.06086019015178017,-0.47464289680161936
2025-10-16,0.77302222906257,0.4886867007452284,0.45664149552084843,-0.053046479102791526,0.057480041495649226,-0.4745744473101881
2025-10-17,0.7739979363226537,0.4879251302986273,0.45559827509389783,-0.049429915748119516,0.057247786942591965,-0.4667449453357158
2025-10-20,0.7746069038658805,0.48929192659659293,0.45716576159075495,-0.04021429393651293,0.05834498524518378,-0.46904665866480244
2025-10-21,0.7749926243200165,0.489294361639502,0.4569179838268386,-0.026529489554715145,0.05667395542493965,-0.4683016994826062
2025-10-22,0.7750487148944503,0.4896171650134861,0.45719712558190306,-0.025455876211039685,0.05743051175898185,-0.4684307895869914
2025-10-23,0.7759205791713587,0.4897565260477737,0.45758762859308855,-0.024081000463495088,0.05696908811339161,-0.46875962367861973
2025-10-24,0.776115972310841,0.49055828380118177,0.45810646903811497,-0.023736826728656367,0.05735627926319175,-0.4695574402624265
2025-10-27,0.7766546005066848,0.4905234985269265,0.45839823564606524,-0.03634227278025215,0.05905545422944659,-0.46889648917763027
2025-10-28,0.7773663679150506,0.48819152553760664,0.4573482235610993,-0.034073947667435524,0.059951912744648866,-0.46945813670724196
2025-10-29,0.7766288111876439,0.4892991903814258,0.4577112527341947,-0.034341882504684076,0.05931377426579703,-0.46850076881374153
2025-10-30,0.7758535765151265,0.4911144916050608,0.4591790208821391,-0.03467789178317519,0.05710602751780605,-0.46815864215517955
2025-10-31,0.7761698839331206,0.49073370822267504,0.45937481826585785,-0.03649699732890917,0.05768158198608039,-0.4675332119560789
2025-11-03,0.7775913366526604,0.48760139692146987,0.45715769329338213,-0.037980291459845814,0.05672183223735982,-0.4651479115725871
2025-11-04,0.7794541091037818,0.4887455715939911,0.4567285870956292,-0.03626096202646571,0.05068304434750868,-0.46543612025307723
2025-11-05,0.7802007355921166,0.4894428740875031,0.4570197876874416,-0.0344862244203408,0.05076124146767355,-0.46684535761337653
2025-11-06,0.7799235967725581,0.4911338536606825,0.4584538398504669,-0.03492544783614649,0.05053225461246429,-0.4689944420049003
2025-11-07,0.7807207270677791,0.4899941196088903,0.4582075773910688,-0.0340886674011087,0.050555826285744496,-0.46905446108979065
2025-11-10,0.7748620677235032,0.4828231496197232,0.4489824331164192,-0.005642781539801622,0.018840840576125742,-0.4571109812820431
2025-11-11,0.7780864984772868,0.4803192350814232,0.446388486306268,-0.00877072480148714,0.025801286465764926,-0.45358799763599444
2025-11-12,0.7776756292354158,0.48050677590668106,0.4461330441824134,-0.008048893503873642,0.023905866480544616,-0.45345924046108643
2025-11-13,0.7751299349655101,0.4923803685042674,0.4569440383850438,0.02160863888784135,0.014293767489615828,-0.464865756603725
2025-11-14,0.7746264591604409,0.49181078955399565,0.45626049341524755,0.027008173294142103,0.016849957699364197,-0.4651398161997768
2025-11-17,0.778760319453588,0.49236211549899983,0.457314925621069,0.02712093242011281,0.016604966268036665,-0.4674011415621154
2025-11-18,0.7779611337152104,0.48812488452118247,0.4532608722558816,0.024403278966554424,0.018154464172582232,-0.4631178390876556
2025-11-19,0.7807245820523051,0.49084158533609334,0.45471355571872296,0.024167698975340025,0.013750832263493027,-0.46425244253387354
2025-11-20,0.7842858796964787,0.49478382188245756,0.45870800874897133,0.023699469322051598,0.01646962788482752,-0.46724981509949115
2025-11-21,0.7882501031251151,0.4956793760940056,0.45756044802242013,0.024139485811312512,0.016059958839552982,-0.4620723298683898
2025-11-24,0.7921609025126266,0.5004987447525376,0.46149506578571575,0.02547527308808147,0.016882323854917204,-0.4662686811475247
2025-11-25,0.7891466675449555,0.5046641921377434,0.46175735324490125,0.021296688028402722,0.011902442461268325,-0.46766805121857913
2025-11-26,0.7888455736122679,0.5052442584609435,0.46263920308286516,0.02277683748114169,0.01257600750968289,-0.4704512051134717
2025-11-28,0.803645531376003,0.5052201014490056,0.46241609182903715,0.02965465721871708,0.015294125424803087,-0.46973958460482357
2025-12-01,0.8061144065117302,0.505360507477878,0.4642297769102354,0.02769886676825362,0.016481442821614182,-0.4717272134284426
2025-12-02,0.8056255530093673,0.5133688624443272,0.470411216414137,0.017101111633878882,0.03130933269034079,-0.4760838720164775
2025-12-03,0.8079878629003823,0.5127876795735734,0.47062673237809866,0.018120864992715455,0.024549045007233955,-0.47702908737865973
2025-12-04,0.8097394603385817,0.5121867122679653,0.47031856558455787,0.019036868116603316,0.022219697921215305,-0.47645655322349484
2025-12-05,0.8102468259169042,0.5112434353252031,0.46937903479970283,0.019478691461510676,0.02195850673188903,-0.47505471089283136
2025-12-08,0.8094513813917046,0.5084797453641418,0.4671460123943924,0.016980357638469595,0.02281021999377561,-0.47373170954597976
2025-12-09,0.810648933112143,0.5067537273644218,0.4647237461149378,0.017536928340415887,0.0238185486133419,-0.471064924941903
2025-12-10,0.8094239020414326,0.5061113668218662,0.4649880279003553,0.016567738821531425,0.021167956657367298,-0.46938062539931025
2025-12-11,0.8077940297504456,0.5061903150514453,0.4634601676766784,0.017217480584865656,0.026004645367362574,-0.4635430524701078
2025-12-12,0.8085031195322222,0.5084781190788298,0.4653182156495943,0.018359334107994653,0.02638829020898431,-0.4650215771876213
2025-12-15,0.8074016802665747,0.5063934468511176,0.463826597367691,0.014089103727966743,0.02475942290815539,-0.4651228919715532
2025-12-16,0.807719276656368,0.5072964191186191,0.4646885097655642,0.016010429542284148,0.024084588441078577,-0.46559495150920926
2025-12-17,0.808329871153055,0.5096336860312105,0.4669055709915992,0.014291877846522643,0.02177880266241918,-0.46697154903503074
2025-12-18,0.8102806963274092,0.5082818604725399,0.4662807274125112,0.01483899511487781,0.022159972931207306,-0.4685318341566303
2025-12-19,0.8120060761827183,0.5098397856650961,0.4674280952957049,0.015163651913020128,0.024696934161716564,-0.4709327133926038
2025-12-22,0.8101723849463256,0.5032320462137935,0.45988867277181467,0.013917311921076621,0.0381427581373686,-0.470110047278571
2025-12-23,0.809390349079612,0.5036668750696501,0.46013322254227196,0.00576838179541118,0.043242934154778534,-0.48145136377942466
2025-12-24,0.8093584456742721,0.5032084353891403,0.4595082858831431,0.004497455757303048,0.04551411430521595,-0.4859964667893467
2025-12-26,0.81032100357442,0.5045569225454947,0.46073858411968355,0.0031777342403860403,0.04678943505015349,-0.48867666666158516
2025-12-29,0.8117762433695683,0.503551750158095,0.45966834033653114,0.0017411772535013813,0.045831151621065186,-0.4881518475444211
2025-12-30,0.8108607418134645,0.5039822843081365,0.4600510296490962,0.004157742336632033,0.04578250689653024,-0.4875684523540616
2025-12-31,0.8113494366984747,0.5047794052225576,0.460577727979543,0.004224874682777247,0.04576378100392257,-0.48820926265545705
2026-01-02,0.8135282100046518,0.5044917741277086,0.46147463360457974,0.0029377532056093806,0.0471573128652539,-0.4902494459332825
2026-01-05,0.8133069137662401,0.5050118402251756,0.4621059345538153,0.008954772895308721,0.04695192898138269,-0.4887555244060152
2026-01-06,0.8126541967460396,0.5064884846125456,0.4639948361476242,0.007950706964859524,0.04289517738935945,-0.49073760049105736
2026-01-07,0.8133004790064359,0.5033715823594603,0.4622537551709918,0.01270190634146621,0.044925282582104986,-0.48907000795034333
2026-01-08,0.8143940016122438,0.502909297746217,0.4616892441076969,0.01370371833488819,0.04666521376964192,-0.4891203591888538
2026-01-09,0.811439939563527,0.49769544093244006,0.4577324015273863,0.016373117579316917,0.051644626571755496,-0.48358371762530883
2026-01-12,0.8114340835676905,0.4977229692028979,0.4579849049851574,0.01689066887750972,0.05331730483730625,-0.4834066341667763
2026-01-13,0.8136100410623045,0.49396998813929627,0.4537993401362431,0.015911783185273986,0.059374772356956616,-0.4757958551555365
2026-01-14,0.8145036931596508,0.49257357194796575,0.45413649068920986,0.01206386350695792,0.06219152075247439,-0.4765890536543317
2026-01-15,0.8141447715483745,0.4933166971846244,0.45413576559320756,0.012537304811994953,0.06504331949489996,-0.47516074532716845
2026-01-16,0.8122672161254213,0.48847794238164893,0.44910754515985807,0.007871506107904939,0.06690513180528597,-0.46947930816174593
2026-01-20,0.8182798806563295,0.49518552695167933,0.4589851848622706,-0.016212750997786487,0.08108770021891856,-0.48425348172645344
2026-01-21,0.8177758499109858,0.4934370719937553,0.45750088386270843,-0.01391443297150248,0.07805646413670689,-0.48227213803284164
2026-01-22,0.8223789659041041,0.4951256016685863,0.46090965174273774,-0.01429538695629679,0.07019060525055408,-0.484634869789508
2026-01-23,0.8221806362045622,0.4979763718682629,0.4625600253207385,-0.013763304926705794,0.07037212177537101,-0.48474725360064663
2026-01-26,0.8224358819921154,0.497859342070581,0.4615652111711914,-0.014002127586741494,0.07153269268608696,-0.48499010240801227
2026-01-27,0.8229367082559418,0.49857783887095813,0.46179217574430326,-0.01437594173546876,0.06541677322858265,-0.4841731042568262
2026-01-28,0.8222578219571816,0.49620369967809874,0.45942377528352235,-0.019972976051736157,0.06482162485655196,-0.4817076830998455
2026-01-29,0.8239121319856347,0.5028817042906445,0.46153427029545074,-0.01844856758801831,0.06977225234988946,-0.48620315934673275
2026-01-30,0.8236549809328104,0.5047380353897225,0.4628713874625482,0.013334452538680262,0.06271065828574852,-0.4868378902986671
2026-02-02,0.82899171551302,0.4912934979412315,0.44802914797316545,0.026012462266178385,0.04456560170429728,-0.46643803986857685
2026-02-03,0.8324301245051143,0.49405662478529305,0.4508399174242594,0.010391473653164854,0.04404402530736419,-0.469998620489133
2026-02-04,0.8433910260130699,0.49497090538688127,0.4515566832998642,0.014271803877925466,0.05883507664085186,-0.4633525180193926
2026-02-05,0.8473441564294792,0.5029073979124197,0.45875762426207134,0.027656518041800672,0.04158574839282495,-0.4804848624073091
2026-02-06,0.851564648788346,0.5087091395849365,0.46691922701697874,0.03759259858615523,0.038570530716951656,-0.4807635369894743
2026-02-09,0.8519701641081198,0.5107326939434574,0.46864502369362776,0.03803318375778183,0.03632428130060635,-0.48169601821889996
2026-02-10,0.8526950827568599,0.5105204949473453,0.46816009828931177,0.040628255003001414,0.037797676846421296,-0.4811310571154691
2026-02-11,0.8530482025874084,0.5099513432215892,0.46733369021276183,0.03710758159271586,0.036357942867486615,-0.4797986660838695
2026-02-12,0.8525554857895163,0.5071696434371148,0.4651513219734504,0.03579118996412974,0.03539082063971384,-0.47551172370595146
2026-02-13,0.8529231044076613,0.5063492345703631,0.46640666431194905,0.041430487438551475,0.0350733135049175,-0.47561093030769425
2026-02-17,0.8530275139295561,0.5087843731847423,0.4684021191912162,0.04576740481123705,0.03133656063308608,-0.4764879231797384
2026-02-18,0.8530313680822275,0.5074840682909333,0.46765571112233423,0.04568078975133306,0.031783249625819535,-0.47534604275043
2026-02-19,0.8527276908916901,0.5076659467652901,0.46810270885793226,0.04728189629638143,0.03353658881998238,-0.47489675518001107
2026-02-20,0.8525209768597988,0.5079875292198692,0.46823243678148074,0.048740033524791566,0.032823544733653814,-0.47512836312542467
2026-02-23,0.8536144381888133,0.5101892151193199,0.4711564990196951,0.04025967183584149,0.035065870137724865,-0.4783344782527642
2026-02-24,0.8532843735730141,0.5087922692981492,0.46963657085299526,0.03979320944149987,0.03663113121453541,-0.4766789253545379
2026-02-25,0.8552774735161993,0.5082712083077102,0.4696102427166646,0.04388804250607134,0.03372123919681847,-0.47920679460873117
2026-02-26,0.8564369677723831,0.5087562752299799,0.46978723547884693,0.04384757312827607,0.033110675351282585,-0.4793568613303376
2026-02-27,0.8555755982185013,0.5127032572603313,0.4720273415130148,0.04258298685647091,0.03619781029327091,-0.483928880016436
2026-03-02,0.8564058179658606,0.5144959681748327,0.47158746399003315,0.04425212930938087,0.04517915751541939,-0.4786999945247203
2026-03-03,0.8567745783169409,0.5191705132632369,0.47747641688999704,0.04537662053711345,0.044227676415824424,-0.4825765457717848
2026-03-04,0.8625286422671682,0.5188239077517094,0.4761821925523141,0.04890050294763509,0.03509327390439573,-0.48391521589110514
2026-03-05,0.8626528097879216,0.5194075066768528,0.47915114649723184,0.050291245998292156,0.034387224817132744,-0.48537808420756245
2026-03-06,0.8633646536496579,0.520292257286619,0.4802428980826719,0.04707810299733804,0.036763412773928444,-0.4868992243115299
2026-03-09,0.8633762882768786,0.5210152417420755,0.48048045287572755,0.046378324409319466,0.032778041569017376,-0.48525667534789074
2026-03-10,0.8636375072992687,0.522263793057765,0.4813182506437532,0.048030863556259,0.030296184652811368,-0.48807806384710384
2026-03-11,0.8583379750234699,0.505692187553413,0.46614200544466206,0.04327057563817657,0.03367079070122454,-0.47657208660705586
2026-03-12,0.8603945623735006,0.5037789600741298,0.46585495488137413,0.04179278029333277,0.037286944040810725,-0.47306240503299185
2026-03-13,0.860911247228867,0.5037047531871528,0.46536301732087454,0.04127315031703983,0.038448073940397995,-0.47510703800914583
2026-03-16,0.8632675791578004,0.5038047425485933,0.46618618703620784,0.0343741553920195,0.025002211105831264,-0.4830298380513968
2026-03-17,0.8639662429273156,0.5030448802834802,0.46545803915750145,0.03426791038652308,0.025739318809065853,-0.4812044218058777
2026-03-18,0.864678193230944,0.5053293607365164,0.4682781556563694,0.04037506995470207,0.021077256768297113,-0.4841167692772657
2026-03-19,0.8655580517761283,0.5073657683615388,0.4697163322274517,0.04872615980260401,0.025885437985151312,-0.48271017942676175
2026-03-20,0.8645228732030127,0.5024650043236477,0.4650632635562291,0.04913894497053366,0.023929883425831754,-0.4781898000992386
2026-03-23,0.8641455401856059,0.5016464785639795,0.464289691570421,0.04823487169625984,0.026566230941603982,-0.4790195537293189
2026-03-24,0.8641153769627637,0.501524875400271,0.4641633810192467,0.04785820656574855,0.027066104894611556,-0.47925804285432005
2026-03-25,0.8631637375431999,0.49803114756003286,0.4604641480358132,0.04940194563264141,0.025447970610152207,-0.4762501310221779
2026-03-26,0.8639019242081947,0.5016167247022154,0.4640534747975509,0.05884200798986046,0.02225682395103897,-0.47844037073117135
2026-03-27,0.8641180215268447,0.5020891487823025,0.4646154034124109,0.05427179738802037,0.02257697072163455,-0.479166512179413
2026-03-30,0.8642304989057096,0.5009643736073865,0.4638525185960175,0.05493636145393479,0.023424325082314616,-0.47926139222957603
2026-03-31,0.8638874143066145,0.4983329276292203,0.4616577079454091,0.061304373513931046,0.01935159937990087,-0.4774473186430601
2026-04-01,0.863296784648678,0.49886525544829613,0.46426340175933434,0.06501557474176616,0.019833931807394307,-0.4773697498769005
2026-04-02,0.8629676048966651,0.4971177647880971,0.46330551922143537,0.07082061936415936,0.016351455842349587,-0.47540578385001164
2026-04-06,0.8619906075031467,0.5020603195258043,0.4681717319148459,0.07244523305754275,0.011580389376805044,-0.4771793555843457
2026-04-07,0.8629647105486639,0.523966973849516,0.4897432035990654,0.07263409633844302,0.011400625888920149,-0.48896598292734933
2026-04-08,0.8632718839763273,0.5364426796253626,0.5136526954297401,0.07065879970705748,0.013960837253011314,-0.5017868519114377
2026-04-09,0.862504475596337,0.5479062732829003,0.520668463677352,0.055535696036795514,0.022020244279464717,-0.5060613078447409
2026-04-10,0.8617712967465239,0.5443099059169209,0.5161522478935078,0.055763177402246074,0.01831697945679772,-0.502723524778248
2026-04-13,0.8576081839459652,0.5453287679585721,0.5150603149144104,0.03833796286735313,0.016708868570695725,-0.4787067973253285
2026-04-14,0.8568318831856778,0.5278770374224538,0.49827712197409674,0.05115881453263226,-0.019941727105310787,-0.4664376717913548
2026-04-15,0.8584179831290956,0.5269044204426585,0.4980168963329399,0.048154260544697985,-0.014113274885800182,-0.4652865956805335
2026-04-16,0.8580921888354587,0.5262035451034852,0.4966345913055303,0.049537432573224245,-0.013395085650008786,-0.4641319913001719
2026-04-17,0.8581912065444706,0.5272965461461364,0.49758205458901505,0.05172366234056313,-0.011281522401475196,-0.46543179995201617
2026-04-20,0.8584397163818407,0.534710143309823,0.504240819669222,0.05604295142744874,-0.012390407530036505,-0.4680996439036143
2026-04-21,0.8586289179639762,0.5340580206803982,0.5030646615753888,0.055409331338958125,-0.012055318537810765,-0.4690625501369316
2026-04-22,0.8610379291772242,0.540275428382854,0.5121192323056892,0.056684111875657396,-0.012277342502860045,-0.47188501382509757
2026-04-23,0.8573220022701595,0.5306584592590564,0.4993123914522687,0.05957338306582368,-0.028509245134352365,-0.466460719798909
2026-04-24,0.8574619650863904,0.528809823291543,0.4982635793268466,0.06423335504231799,-0.032582943789158963,-0.4652567967641901
2026-04-27,0.8578579784480169,0.5384311052052156,0.5075874325801872,0.06593741980137124,-0.034608687274514084,-0.4670568829070672
2026-04-28,0.8577386734569029,0.5384037834343675,0.5075354007747362,0.06730378948819975,-0.03519068761466806,-0.4669945441178876
2026-04-29,0.8577535716274206,0.5385742172614602,0.5076753978201018,0.06788440707075047,-0.035776787696325904,-0.46761839796442034
2026-04-30,0.8577015552391926,0.538249682614571,0.5067445651561965,0.06781750128679083,-0.035516691404784126,-0.46602198820568647
2026-05-01,0.8573480738086658,0.5385812987358198,0.5069335534200564,0.06786415657060317,-0.03482271576635201,-0.4657311149989024
2026-05-04,0.857342379605857,0.5369443263311287,0.5043396686334733,0.06900974722607749,-0.03802423477159193,-0.4628316884383133
2026-05-05,0.8571255246171728,0.5382463731132968,0.5068429589338097,0.06915784004183988,-0.03798065851818468,-0.463713053386907
2026-05-06,0.8571694122004073,0.5338687015934294,0.5028456642521317,0.0699838271219401,-0.03783762583596805,-0.4633985134078854
2026-05-07,0.8588326029078341,0.534724190592512,0.504500273441272,0.07047772313828711,-0.039845525525242745,-0.46265782007692946
2026-05-08,0.8589009955021449,0.5332797828346766,0.5043934487798348,0.07046382865843094,-0.0401402153930474,-0.46314962513588925
2026-05-11,0.860777916028522,0.5403976605864935,0.514844419324892,0.10228314409197556,-0.09037679432517551,-0.4695182719609004
2026-05-12,0.8648947478765175,0.5444124919301719,0.5186673150579398,0.10073557516024069,-0.08886799142217033,-0.4683758694716371
2026-05-13,0.8686447623466002,0.5383951641214474,0.5129083297788499,0.11466700292389087,-0.11420506665177398,-0.4615110919435401
2026-05-14,0.8700012060180935,0.5341095676444543,0.5110129037595134,0.11305565445349842,-0.10075819612593949,-0.4635728685883119
2026-05-15,0.8703764653695125,0.5369215033797098,0.512095787101256,0.11379142627033888,-0.10272160483420201,-0.464331854096503
2026-05-18,0.8717388384422944,0.5376827703164666,0.5133206920695637,0.1156592564907095,-0.10024655466944926,-0.46325724478535185
2026-05-19,0.8717117236026714,0.5377074364271845,0.5139608685940659,0.11594901501600349,-0.10063884878859794,-0.4636843402711825
2026-05-20,0.8729969718397118,0.5367994531977621,0.5132882493894432,0.11642247384194267,-0.10189646364391076,-0.4641401039171105
2026-05-21,0.8734389671672252,0.5369773022040405,0.5136208551847101,0.11670084393174053,-0.10205382471674117,-0.46401404984966127
2026-05-22,0.8746088635691092,0.5403786997665241,0.5197010113024687,0.11705203065797196,-0.10175088475219699,-0.46927643962707366
2026-05-26,0.8743688993587286,0.5402548382576485,0.5214300027740297,0.11874243361286488,-0.10672355245017037,-0.46866354133946514
2026-05-27,0.8736875040915314,0.5375726694442169,0.5189712997352369,0.12680349284795597,-0.11956114578362935,-0.46331454237693126
2026-05-28,0.8739112636170918,0.5321302153184317,0.5134788221820666,0.13332210136722092,-0.12551992935843614,-0.4574628790402748
2026-05-29,0.8744679765813658,0.5331116098163526,0.515026051063918,0.13356737628423446,-0.126603252920584,-0.4577644123504073
2026-06-01,0.8729676905302627,0.533607810275289,0.5159266936461366,0.13421829977562577,-0.1300777952016828,-0.4578741703340815
2026-06-02,0.8744029084280597,0.5304676013955162,0.5127674252318513,0.13079757599841982,-0.12937339319427954,-0.455851773941522
2026-06-03,0.8731318834443953,0.5306502791520538,0.5131977629585439,0.1288085108498037,-0.12677530767546552,-0.4561725594154384
2026-06-04,0.8727439871533167,0.5314693372604421,0.5125393115766478,0.12763334188654052,-0.12600048412980652,-0.4548345962563932
2026-06-05,0.8734404203430503,0.5490873598654075,0.529961934349618,0.1445795264700586,-0.14146030726846698,-0.47697335931873924
2026-06-08,0.8743809787339759,0.5481700192786738,0.5272266963588063,0.1410946963457817,-0.1431010461505451,-0.4816107241054051
2026-06-09,0.8746836487139833,0.5483923769380444,0.5266903702260683,0.14524346471098423,-0.14536916043519085,-0.4813162103289717
2026-06-10,0.872648231735022,0.5482971516676438,0.527078713399404,0.14593027357936364,-0.1413485449828193,-0.48631908870601825
2026-06-11,0.8748172206611358,0.5487465455507796,0.5274480692506962,0.14633912487776227,-0.14375977361158299,-0.4888930226622022
2026-06-12,0.8747685301542191,0.5484520019616906,0.5268038985995364,0.14513838442553004,-0.14542530251493213,-0.48695778600694745
2026-06-15,0.8757981286761383,0.5579981798247104,0.5363451606477251,0.158656497774866,-0.15643149565095182,-0.48979284656057515
2026-06-16,0.8766649920039322,0.5556800804919584,0.5348267415623307,0.1609363591717425,-0.15491302045127212,-0.488991766876642
2026-06-17,0.8775924133893038,0.5597873164497366,0.5378720729065573,0.15947662129984755,-0.1580878931737554,-0.4924709882029756
2026-06-18,0.8778792961852068,0.553575742059333,0.5338375949610592,0.16174165646083172,-0.1601035982128491,-0.4879674115444308
2026-06-22,0.8776459913687489,0.5501699743003967,0.5329182746825932,0.16093123171172544,-0.15972188174716542,-0.48690382609121863
2026-06-23,0.8782598376465692,0.5506251864225372,0.5342847668780027,0.16165303514962528,-0.16549753218500857,-0.4888656950848605
2026-06-24,0.8791654274334672,0.5512640788572886,0.5349275491406406,0.16509441043554604,-0.166178869509068,-0.4866123019763161
2026-06-25,0.8793857534167695,0.5521564804567798,0.5349800583051363,0.16480789809012322,-0.16326319355061544,-0.487367789627297
2026-06-26,0.8805387893328118,0.5520210594351764,0.5347477970667156,0.16534820907936093,-0.16405903954100662,-0.4883990373731374
2026-06-29,0.8803358991723506,0.5527303634540217,0.536231426382057,0.1632456647404819,-0.16605522966120895,-0.48902859910075996
2026-06-30,0.8803762823448691,0.5477516754323765,0.5330867091860417,0.16408552110868627,-0.16678565293789666,-0.48573703593594597
2026-07-01,0.8809254021225923,0.5448109533375403,0.5309453371446717,0.1646850295578028,-0.1623269015624199,-0.48641049353314636
2026-07-02,0.8813855924669637,0.5369375899543591,0.5285677428540982,0.16929824277399735,-0.16965012426880818,-0.4867715809710204
2026-07-06,0.8818012484139173,0.5375588201074843,0.5301133999327953,0.17144276373849732,-0.16927001447521606,-0.4889224722040636
2026-07-07,0.8818482985394215,0.5377129057203207,0.530643662422147,0.17197543539186264,-0.1714296778677903,-0.489153353755017
2026-07-08,0.881773635220715,0.5370648358070799,0.5305519722912441,0.17287747179866697,-0.16998458276142617,-0.48900889050998364
2026-07-09,0.8814094823924059,0.5367970489532138,0.5309292104015377,0.1744350922439347,-0.1703237379592833,-0.48744323892875885
2026-07-10,0.8815202217538209,0.5351831066177635,0.5302452041769772,0.1735260299348585,-0.16985105099775763,-0.4869446417572241
2026-07-13,0.8794198357537542,0.536899383266296,0.5310966252687219,0.17474935230856983,-0.1742753618103478,-0.48726898557337
2026-07-14,0.8810524948901934,0.53837938372962,0.5311783669283735,0.1788653218614352,-0.1792861027148071,-0.4882541592004103
2026-07-15,0.8807131007952703,0.53868531641645,0.5315508816140834,0.17867173632881356,-0.18197473440383866,-0.4905195348589599
2026-07-16,0.8854060630021715,0.5404739743899151,0.5363226499403361,0.18249663603121696,-0.19044538839852376,-0.49318043211581586
2026-07-17,0.8880933169653825,0.5420424362430565,0.5367330343041509,0.18089909624686631,-0.18712443953091062,-0.49417152276317833
2026-07-20,0.8888279057215871,0.5400369947914619,0.5338834093112068,0.1814092166313598,-0.18801782781535953,-0.4930250816828471
2026-07-21,0.8900171606380951,0.5406163060272263,0.5346582519686446,0.18203205338234243,-0.18588656676026907,-0.49335340332974476
2026-07-22,0.8942613026896145,0.5408409317655768,0.536227300421952,0.17867507839572128,-0.17734820676827556,-0.4966491160122257
2026-07-23,0.895827752091091,0.5413994252088504,0.5371561539340288,0.18160900136908983,-0.17972674929785154,-0.49789087345238237
2026-07-24,0.8959286644839114,0.5434517407032221,0.5410919081959187,0.17962819929441295,-0.18164260086236816,-0.5017993411107882
2026-07-27,0.8959715906301294,0.5429391965432566,0.5410982116742089,0.1808021604984505,-0.18265298485012726,-0.5018437984196443
2026-07-28,0.8960835629095366,0.5421821027338327,0.5410956092410548,0.18029977710450856,-0.18396851751336515,-0.502016571384675
2026-07-29,0.8961125069440543,0.5398080955725003,0.5378174709234154,0.18129084135613652,-0.1906422279063258,-0.5002394879986541
2026-07-30,0.8958939611459917,0.5359672978485461,0.535424207813959,0.181553341141266,-0.19078653101397394,-0.4969219084181289
2026-07-31,0.8959626408136372,0.5327256717665458,0.5324881005497598,0.18357372682051534,-0.1940207385906596,-0.49347412502360577
2026-08-03,0.8955101701954885,0.5299990798127533,0.5289892396507249,0.18343432000317347,-0.19339400126868966,-0.49230387136980797
2026-08-04,0.8957892233450805,0.5223407435754854,0.5213744299574744,0.18935993910771992,-0.2211398819864764,-0.48612971289981266
2026-08-05,0.8970610129418494,0.5147568102403104,0.5150538666342642,0.19060255514951147,-0.22496374283098433,-0.4803864004028074
2026-08-06,0.8973134639097428,0.5139407420876415,0.5140752810018802,0.19094336435973192,-0.224871260479831,-0.47992739324608974
2026-08-07,0.8972282512481464,0.5128286790725003,0.5133559159184714,0.1916509343385049,-0.22290896767373589,-0.47917891726153394
2026-08-10,0.897590553492474,0.5142742017169307,0.5171089039772472,0.19039008061028054,-0.22895189063724994,-0.48101943698128447
2026-08-11,0.8986571978830415,0.5124327629708801,0.5153604807058361,0.1893152911181748,-0.22755765098786088,-0.4797319202679205
2026-08-12,0.8989802167490671,0.5161508043701628,0.5196204824838363,0.19877509511321304,-0.23406931389918995,-0.4870248626512873
