date,n_observations,r_squared,adjusted_r_squared,coef_const,ols_p_const,hac_p_const,coef_BTC,ols_p_BTC,hac_p_BTC,coef_NASDAQ,ols_p_NASDAQ,hac_p_NASDAQ,coef_GOLD,ols_p_GOLD,hac_p_GOLD,coef_USD,ols_p_USD,hac_p_USD,coef_VIX,ols_p_VIX,hac_p_VIX
2020-12-31,252,0.7715820772528958,0.766939436546654,0.00044070897727597536,0.824674756550148,0.8221285051601555,1.111216995353236,3.877435710106294e-65,3.4563214822401596e-196,0.28418241822897655,0.03982811265488147,0.057179531963765365,-0.23161949904839374,0.14936066157921005,0.08227307860179726,-0.2531824889962423,0.5842966091579148,0.5355610079807409,-0.007270568471053087,0.8284715399568889,0.841030396857771
2021-01-04,252,0.7439277298009688,0.7387230088619641,0.0009768208230316322,0.6594884987102554,0.6264516927220831,1.1631371549255696,3.5927567003143554e-61,5.269819416995032e-80,0.28018220910684066,0.06858802668826902,0.06311890592753691,-0.12003522671495656,0.5004779403558651,0.49082973668601393,-0.08792141896783234,0.8644403423842533,0.838655014612289,0.024520730284366413,0.5104428797262994,0.5934827060101411
2021-01-05,252,0.743281176992914,0.7380633147366724,0.0008935737581145338,0.6869936219147488,0.6558503022486786,1.1609385407486428,5.018828777370798e-61,5.358092766012446e-82,0.28343107737048695,0.06546415335931369,0.05996170806042429,-0.11955500714239703,0.5024946439121993,0.4957598858119937,-0.07073111267337007,0.8905779637922506,0.8713039912706326,0.02536301339797601,0.49582505443306624,0.5848563105214459
2021-01-06,252,0.748274234457992,0.7431578571095772,0.0011264773329130013,0.6091789101018587,0.5734413417835916,1.1667156618764611,1.8194407952271282e-62,6.048894068010079e-85,0.27485931536706326,0.07187143965638984,0.06734376072029219,-0.11251747423868323,0.5214544196583313,0.5216227132568381,-0.01571881635151029,0.9754835311040467,0.9714492542822529,0.02492170521019685,0.5004378875806974,0.5906459481515138
2021-01-07,252,0.7443062232382494,0.739109195255287,0.0009002936594090247,0.6852313250815727,0.6523262751514807,1.1610905273343957,1.1667508133509323e-61,1.1505292508390604e-89,0.2773564150444827,0.07149452867564703,0.06701179257674983,-0.11593825388418824,0.512282258360909,0.5067419107359881,-0.06441664970758176,0.9004622389535,0.8798267640323053,0.027915714464358178,0.45348129626364997,0.5564175920222636
2021-01-08,252,0.7422661069070203,0.7370276131449679,0.0006644553029035163,0.7659024721255921,0.7413935973668079,1.15681248954462,3.343607726156274e-61,2.081372724457046e-89,0.2697519972894209,0.08048853389844055,0.0773965051846139,-0.06462834852414835,0.7098087365156619,0.7293715186528733,-0.05901220846994448,0.9091197267796103,0.8892280892771371,0.027402428766376948,0.46408094739142813,0.5630726302511424
2021-01-11,252,0.7440220871209671,0.7388192840136696,0.0009075649998892268,0.6846480055402067,0.6498561043429535,1.1454986525934125,1.713429033634778e-61,3.778706092143223e-86,0.2803710977421674,0.06975812051103433,0.0669851733420177,-0.04531169324422968,0.7939194003739567,0.8143064335030922,-0.0068794320724672176,0.9893761668913735,0.9870789377353297,0.029618786880553197,0.42955625688220345,0.5346412468407744
2021-01-12,252,0.744524370900677,0.7393317768132924,0.0009434126230241514,0.6728047511499388,0.6372037206249863,1.144406668170515,1.1998722659339511e-61,2.3219123839022526e-86,0.28038814616785923,0.0699206608885848,0.06743814794581704,-0.04620419299504405,0.7900386422142375,0.8102813362067619,-0.018748670638260023,0.9709474178447638,0.9644390393756535,0.029208263108410622,0.43569076380936234,0.5388614618923584
2021-01-13,252,0.7431241379359542,0.7379030838289614,0.0006783788677090798,0.76072080209319,0.7328915992760605,1.1311887670121554,5.1823634959731476e-61,2.802757451493326e-81,0.2960367458788248,0.05483471783432779,0.053819147557908315,-0.0403464028404559,0.8157680666907969,0.8325610152749245,-0.04806464496286811,0.9252970607021164,0.9081026585053407,0.029964052415423666,0.4224654584494525,0.530723606243536
2021-01-14,252,0.7438516892929478,0.7386454228151622,0.0007214087236756565,0.746339829731671,0.7166757126247489,1.1331028328108317,2.84060504094688e-61,5.124540908232964e-84,0.2967418933725961,0.054375891512281276,0.053175672365982043,-0.04347056748788264,0.8018573463795252,0.8198954331236927,-0.049415131141463675,0.9232438064545972,0.905530844282957,0.030855983356415463,0.4085537519182485,0.5170088787135606
2021-01-15,252,0.7434259693645254,0.7382110500426662,0.0008868458538657475,0.6911523524674614,0.6570101884228078,1.1297973362360854,4.3884645165932486e-61,1.508719572278231e-82,0.3003376640665379,0.05205234737883795,0.05073851892436411,-0.046223149668151275,0.7899145645788108,0.8083330796678034,-0.014615330106861224,0.9772419800520007,0.9720261875016704,0.031554670214252144,0.39879249693618035,0.507957652491535
2021-01-19,252,0.7211377489617956,0.7154698170301248,0.0015902659710214954,0.49862633719969496,0.464758788512855,1.1127542035925169,1.4810104629509255e-56,1.1103258664301471e-69,0.325126214430394,0.04570972936364682,0.038054910972657625,-0.03362821628272741,0.8539831141670636,0.8611754314956199,-0.12841571507869487,0.8119361771536935,0.7626210502582391,0.028108514089044363,0.4750675887879975,0.5556882753522787
2021-01-20,252,0.7210829366293882,0.7154138906259204,0.0015989849290325613,0.4960695553864951,0.46562099274084023,1.1118928242848876,1.2361820446315012e-56,2.9034382848228166e-69,0.32373891452698567,0.04678099903358293,0.039244062652230106,-0.02777890228508742,0.878887186387934,0.8851680542679239,-0.12398968810009736,0.8183016577008718,0.770466364554328,0.02677547287051081,0.4964451180367162,0.5754480685725327
2021-01-21,252,0.729398112138142,0.723898073766966,0.001346470556536529,0.5676832527821031,0.5286959427385858,1.1281952740363215,5.391934250018429e-59,8.63436533389616e-84,0.31009890361081704,0.05735927738329426,0.04575197138803016,-0.03203444540643226,0.8610654653686854,0.8678713422290351,-0.07630078585359912,0.8878224897883333,0.8556140567452142,0.028087512658779488,0.47731399698398835,0.5547294604990685
2021-01-22,252,0.7305471035791211,0.7250704186925179,0.0013981520846741001,0.5534611392706148,0.5155754858839652,1.130814523049263,2.389244441818725e-59,2.106897198232176e-85,0.31006491895746835,0.05751933880068786,0.045632162030454566,-0.036159138070890384,0.8434710366394965,0.8513836250039618,-0.07251817710968078,0.8934432434059609,0.862894602691483,0.02882600892587456,0.465704403101903,0.5428712142703676
2021-01-25,252,0.7255401670919219,0.7199617152035463,0.0017392737993813217,0.4657984474534014,0.4290851383359805,1.126976136468199,2.1758922247354562e-58,3.3982400542646043e-85,0.33850004108132375,0.03991361924140349,0.030557235482195258,-0.03757913950450664,0.8391278146258965,0.8458334168313395,-0.03391500105375811,0.9505953183742488,0.9363983336221692,0.03615489910144187,0.36591663784788653,0.4513342922626865
2021-01-26,252,0.7252886977716675,0.7197051347182462,0.0018469913217388052,0.43817269568632944,0.40395549153625243,1.1297021069239492,3.941403621483555e-58,6.204932348443033e-82,0.34195435479811653,0.03825875090882328,0.030022640265265275,-0.0399223710878048,0.829213444479436,0.8359837192143035,-0.032413480663253225,0.9527849485005397,0.9393820123948424,0.03921293977574955,0.3348645664844796,0.43355247236787964
2021-01-27,252,0.7273029182117818,0.7217602945982002,0.0019332105159134234,0.4174892998854395,0.38240182128548994,1.1315059163038192,3.034587807255969e-58,7.548966522163798e-82,0.3238357247051092,0.04301148564861006,0.02813564573593225,-0.04174083925610897,0.8214129166861098,0.8301951219027754,-0.04789833707635549,0.9299387795759502,0.9090390642577411,0.03171558415303332,0.39715234269235167,0.45719249345088164
2021-01-28,252,0.7264697861131614,0.7209102289203395,0.0017561052386472651,0.46222568365252925,0.4267865134414247,1.1255169165254673,4.933560793270555e-58,2.7928899918491407e-80,0.350649481746696,0.027226857815077977,0.01718800882170171,-0.03695274321704439,0.8419687240988973,0.8489062034272044,-0.03003543388854024,0.9561266232206206,0.9428499619956037,0.039286614032134445,0.2878576652516912,0.35092134713441625
2021-01-29,252,0.7268535860663355,0.72130182968557,0.001667244441990116,0.484815164196321,0.44761357166633553,1.1261587133231357,2.8604187200567034e-58,1.536626459678532e-81,0.35463433130651156,0.025381140537149936,0.015601559589475796,-0.04160492725223103,0.8222519595362361,0.8295064329476776,-0.02378437724750393,0.9651872027079147,0.9545742074730182,0.04132797769740194,0.26366981795596345,0.3240365367863166
2021-02-01,252,0.7266979958369939,0.721143077053193,0.001741108397330863,0.4650558281167525,0.42690670139337616,1.1252752407881963,2.0479384243641962e-58,6.474137553173309e-82,0.35897678174002384,0.023867214194234387,0.014865894477608988,-0.04071042345053569,0.8258465682106587,0.8326808684146341,-0.022914995364682778,0.9664321667022969,0.9559483920470447,0.04240405858056881,0.25573106597668727,0.3194660923805277
2021-02-02,252,0.7295237405575038,0.7240262556094856,0.001663284904825973,0.48408353042774777,0.4429227009565644,1.1299767730475976,5.922006416369851e-59,1.5507610055355456e-82,0.3457317984821544,0.028895764554296266,0.01878066472123321,-0.05292832980185952,0.7737116217493296,0.7814956791982044,-0.06273399505357524,0.9081890935243951,0.8783027256934633,0.039410437884531746,0.2869153742401757,0.3501413670461502
2021-02-03,252,0.7301181634082863,0.7246327602255278,0.0017825754967283058,0.45411997101289603,0.412936554862097,1.1327417675002232,4.798699897491682e-59,3.023600577713401e-82,0.3317901096966292,0.035482316920363376,0.024160960229947053,-0.0497827318774372,0.7877204347002444,0.7965589449117727,-0.06484714839758898,0.9052607739728614,0.8743660631032734,0.03620007862198205,0.32659408697756653,0.39375166396477057
2021-02-04,252,0.729444187478663,0.7239450855981481,0.001561465476236526,0.5120154706970476,0.46884750343346004,1.132173741499155,6.234813746357345e-59,4.3791708118206526e-82,0.3318103663358666,0.035603674900852915,0.02513554701767152,-0.039753399113898746,0.8290936878353532,0.8352587342548681,-0.09831744872092785,0.857024484930322,0.8090800173169723,0.0374409779529056,0.31099204943830683,0.37676314411756984
2021-02-05,252,0.72956609478147,0.7240694706916626,0.001604736539351418,0.5010256468782763,0.4557146236823847,1.132883358880906,6.669614306540899e-59,3.593962785494517e-82,0.3273788463258839,0.03827045040549585,0.028278967888696167,-0.03687253935954039,0.8414590896190712,0.8473090963286195,-0.14232077462201642,0.7943576774239525,0.7257463720004103,0.03625102446803433,0.326860856048247,0.39413229427375807
2021-02-08,252,0.6992530701590902,0.693140327682649,0.0010162577290007125,0.6863205247842549,0.6330545753055481,1.0656447188393787,3.80929285305524e-53,2.0525842737593392e-36,0.3459126418915206,0.0377613691992848,0.02200757396333549,-0.038115104465868854,0.8444869070603804,0.840408412871942,-0.19919154084474777,0.7293878773189992,0.6290776088556299,0.022686786666165814,0.5593349458729966,0.6207116743768011
2021-02-09,252,0.699283165287792,0.6931710345009585,0.0010537985448111288,0.6755136791880418,0.6219444594367072,1.065505182377307,3.9129891646544475e-53,2.153463926414689e-36,0.34654945543450466,0.037411528649366886,0.02170242021033567,-0.037666235439827375,0.8462943876260128,0.8424245976125837,-0.19906351643542386,0.7289764179480804,0.6292875765504394,0.022699600086844178,0.5590460656595326,0.6202132086224337
2021-02-10,252,0.6986709912674876,0.6925464179192657,0.0010979485568290291,0.662651531425064,0.6035065186992006,1.063062248441995,5.642000458087986e-53,1.6921784553336613e-35,0.3466629208234744,0.0374212657848808,0.021860130897315488,-0.032506157898578025,0.8672822014408959,0.8641124316715195,-0.19670882363335773,0.7321964316829683,0.6341566238960148,0.02232676858298798,0.5657145904582708,0.6267163821696102
2021-02-11,252,0.7028684396851973,0.6968291803292054,0.00043722185405011037,0.8605843051159697,0.8293780147598464,1.0594819899518888,9.658845098915295e-54,5.7891375660352604e-34,0.36909287964352244,0.025147734823165676,0.014890429181065663,-0.034564915658750944,0.8571790268119661,0.8545786221127156,-0.2825134376246333,0.6195448768482013,0.4806703120268806,0.03099501251311089,0.4213431419741448,0.49274861034734585
2021-02-12,252,0.7019923548219933,0.6959352888630908,0.0005376190996012871,0.8292419014493283,0.7897543024340982,1.0584097940495865,1.4187131930859674e-53,1.4178370292273214e-33,0.3647128452157173,0.027138258239480496,0.01587663578212021,-0.036539818015000614,0.8494191628686432,0.8465671817744131,-0.28031027255156127,0.6228906921801132,0.4848054912346199,0.028515873263674253,0.45954322571932005,0.5295770829982946
2021-02-16,252,0.6994488927658853,0.6933401304237286,9.239381108215811e-05,0.970573198329008,0.963489375041211,1.0522502500830986,4.553380315140076e-53,1.7664426335879087e-32,0.3606318880291257,0.029491931248504806,0.01735831872207797,-0.014939074074443948,0.9381978029955489,0.9382113221656225,-0.2855282579349371,0.6178687811316999,0.4777331404440437,0.02507492128621002,0.5162379830393169,0.5855452349892075
2021-02-17,252,0.6993186757904162,0.6932072667617661,-2.169371598448105e-05,0.9930940998549068,0.991471056168492,1.0499720487191277,3.771900963092908e-53,1.3147274044029536e-32,0.3621992060981564,0.028908405720276545,0.017193836792456275,-0.011701686782834425,0.9516073422669875,0.952047030510792,-0.31190787273704124,0.5862101067832948,0.43893995923495166,0.024555858913550842,0.525931331659989,0.5957594968861
2021-02-18,252,0.6959144024436605,0.6897338008673122,0.00033607195981831474,0.8937672073689795,0.8678349371562908,1.045466682873812,2.1451380105296952e-52,1.0280003372038021e-31,0.36445515632539927,0.028437842461310422,0.017050688263277297,-0.007747936496840163,0.9680692825699454,0.9682852121758541,-0.3412804530906173,0.5523242663230101,0.4002735160036339,0.0246519121250884,0.525658789512998,0.5933530624653681
2021-02-19,252,0.6918699499046863,0.6856071440084401,0.00012046074347520758,0.9620980925318368,0.9528637256918475,1.0366644155825726,1.0716111836634752e-51,1.0082331151686176e-30,0.37555756761983844,0.02482681320715839,0.014129252020399264,-0.0014600862015039795,0.9940234456606092,0.9940557914228421,-0.3116624543954427,0.5901497902938864,0.4446167422455657,0.0255280667498269,0.5142555886478455,0.5825118187467013
2021-02-22,252,0.6922880384377432,0.6860337302759087,-0.0002168916960608655,0.9319842294583738,0.9164935907423404,1.0387825398585637,1.2197117547608682e-51,2.843349339654481e-31,0.3964456198326045,0.018043337485007346,0.00908603623689924,-0.03318833204186619,0.8649676674022517,0.863856715006912,-0.27380243694781237,0.6376243637917197,0.5033520112524761,0.02686316992296506,0.4938539758381201,0.5651910484774706
2021-02-23,252,0.6964763406422416,0.6903071605739945,-0.0003206777695539454,0.8993532530019804,0.8782975038501655,1.0409060833465729,2.6563025282157523e-52,3.474591807729496e-32,0.39407921560192005,0.01911193488101518,0.009922939313166703,-0.03816417669003522,0.8452309903344468,0.8466892367374224,-0.28425335818730535,0.6251039695854068,0.49177427989453026,0.025470283045756274,0.529985621286353,0.6164740674658958
2021-02-24,252,0.6957196868783433,0.6895351276685535,-0.00015328618171541017,0.951751994541742,0.9413258570931526,1.040898494006342,2.4064275064408015e-52,4.131470330245798e-32,0.3901947974912724,0.02024782516820651,0.01080002299672561,-0.04927792157509192,0.8013460960417745,0.8029150954551687,-0.3087396248629023,0.5960645291047513,0.4557911758795249,0.025473621121576136,0.5292689498675647,0.6154501698268329
2021-02-25,252,0.6958906068980588,0.6897095216724096,-0.00011691137837102974,0.9632324820808967,0.955102585137621,1.036819265136649,7.33953607144153e-52,1.238894865582023e-31,0.3814277784175829,0.022832767704256986,0.011856358949305005,-0.039903160791325304,0.838271699702371,0.8410624628203635,-0.300773858980931,0.6055367151887504,0.4712086032508416,0.0178894811402701,0.6523110058065277,0.7179568757562129
2021-02-26,252,0.6963737836068844,0.6902025190460488,-0.00018858464384979888,0.9406056602463404,0.9280539344985689,1.0347572993173442,1.4541794354998335e-51,7.594886499605721e-31,0.37801888167476794,0.0240678964392663,0.012576320200215818,-0.035633448866949025,0.8548567973361733,0.8558223014632151,-0.28519148008924344,0.6235328926359478,0.4899735541939152,0.013529107487119281,0.7391994448147606,0.796551103068184
2021-03-01,252,0.6976645811900337,0.6915195523524328,-0.00022606331786577936,0.9287918097311446,0.9137324987021233,1.0345299536640065,1.3721562978323363e-51,7.158090726978301e-31,0.3751074807785415,0.025417989576551628,0.013539429955925627,-0.021998782138727246,0.9127924482358435,0.9151163477776799,-0.2660851082139619,0.6492272129796843,0.5263907679800413,0.013016276832867279,0.748028500464495,0.8024885376675086
2021-03-02,252,0.6985717136779155,0.6924451224925072,-0.00020935683669804175,0.9339716368401888,0.9195743684474653,1.0331493858373026,2.0318610974556068e-51,1.1790028261481496e-30,0.38228316887608943,0.022657731213777954,0.01180793295828684,-0.02018577918263731,0.9199379512387729,0.9218967314116685,-0.29112365116953454,0.619979558600673,0.49654191643818557,0.011707242901301082,0.7730930284450903,0.8230275087545907
2021-03-03,252,0.6985685335098393,0.6924418776868686,-0.00011181541476355632,0.9647519985211871,0.9571980867514527,1.035678315146227,6.95947710569704e-52,1.8994106370134507e-31,0.37531558126196435,0.025706458020978342,0.013922164260646049,-0.01857400585542124,0.9272486702902591,0.9306633640195795,-0.2822203468201443,0.6309298588734114,0.5090854387652048,0.01239486975036162,0.7600865227405628,0.8113314187481765
2021-03-04,252,0.69817534190462,0.6920406943823563,5.6491735545306614e-05,0.9821952199053289,0.9783624332062631,1.0342035118586979,1.35653567563732e-51,5.1689787800022115e-31,0.37323958957951664,0.02686743743553005,0.01454022736197351,-0.017101437933778774,0.9330632542326752,0.9361631982809046,-0.23693066241152083,0.685522180756934,0.5772079110883923,0.01213425230536667,0.7654302962022518,0.8156525127989591
2021-03-05,252,0.6980296701584071,0.6918920618282934,1.101971786989734e-05,0.9965229881472907,0.9958076437400258,1.0360236719577034,1.8716838961731257e-51,2.636060171048929e-30,0.375407327051665,0.025937258690290357,0.014055237832304363,-0.016641696487862068,0.9349326078896159,0.9385115471480632,-0.25559865685744576,0.6621131317677384,0.5440511070364253,0.015138937502802634,0.7103301489474326,0.7755766413053701
2021-03-08,252,0.6960378290305034,0.6898597361246193,0.0002148034514448309,0.9332282525528326,0.9213748195356206,1.0533899926484638,4.314394629535562e-52,6.45884001076577e-31,0.3394373257047299,0.0460103675107019,0.0314275017341331,-0.03306669608171553,0.8728025866389413,0.8787827147350271,-0.07141397118801995,0.9047363045284045,0.8638501161939849,0.013194480636628505,0.7494425826101085,0.8032814158345358
2021-03-09,252,0.6856994957804068,0.6793112741499272,0.00016434510035911228,0.9490991423262437,0.9394465348881079,1.0511734682928193,1.5552411554436388e-51,1.902319856738866e-30,0.3173165882850097,0.06336888872018578,0.05265183691832277,-0.046204162294216866,0.8229658651145252,0.8312475363456091,-0.10133208293164242,0.8669949378684498,0.8115168753188086,0.012330427730776193,0.7657675059134177,0.8154270925919405
2021-03-10,252,0.6836779049004822,0.6772485940244757,-2.7484469849619643e-06,0.9991516191102433,0.9989778750725113,1.049231385233068,4.794384348674135e-51,2.418317984637852e-30,0.33965754571127815,0.0490390355899951,0.036408594200261976,-0.04958228435083367,0.8109868857200666,0.8193265358637678,-0.0236116123049519,0.9697635699764733,0.9568980268735521,0.01603407452278315,0.699027582066305,0.7613973562445646
2021-03-11,252,0.6829987501902743,0.6765556353567433,-1.7591747420498283e-05,0.9945774996427463,0.993480100012942,1.0504553931344542,5.880679534527899e-51,6.222000918524053e-30,0.3234207526081118,0.06187110678659473,0.04832961430684241,-0.046111181170681886,0.8239835903337007,0.831270594336831,-0.0008865220868964352,0.9988631785411657,0.9983917028521475,0.015087524916812686,0.7159136173925071,0.7745968079977044
2021-03-12,252,0.5812585306833606,0.5727475252094452,0.00041013356924775345,0.8755219545841698,0.8464547835404046,1.0171662284050211,6.3384446021089e-41,2.1000811593166347e-19,0.3170661494642011,0.06653914970201835,0.056224806602088936,-0.043131392558311554,0.8348545722398978,0.8402717217884885,0.05168395254145569,0.933898620990703,0.9065819175606165,0.01599134457226429,0.6982495825143676,0.7616038210556724
2021-03-15,252,0.5696794283160433,0.5609330752330361,0.0005290234223460935,0.8395044050317059,0.8015668889238774,1.0087760707117743,2.680927878192961e-40,2.8659406371005556e-19,0.28541195321919033,0.10939194407459198,0.09689746146518959,0.007028807232821066,0.9738254112781206,0.9753062983707597,0.003565942566116309,0.9954758345944086,0.993580585757637,0.014703552027853103,0.7215378654112725,0.779634416573701
2021-03-16,252,0.5544230300538358,0.5453665875752551,0.0009139505657565581,0.7267604803366652,0.6646538770755315,1.0055588872088257,2.7028066871188674e-40,2.8117829319300807e-19,0.19900936524577267,0.29060688783271954,0.2999559659487807,0.006549878415427202,0.9755165474419857,0.9767122911632139,-0.14294542163265528,0.8219988035002149,0.7498678380398178,0.014718906556943941,0.7202463334087357,0.7795550984573894
2021-03-17,252,0.5539681458828065,0.5449024577909937,0.0008919658003887273,0.7331093469166141,0.6734153887158945,1.003497738524922,3.3485145401223516e-40,2.7994473404766177e-19,0.2256601628205477,0.24232330749040248,0.25987607191554374,0.03065098768017671,0.8869019621069444,0.8920705090454308,0.014644674025380833,0.9824583942150455,0.9763577704380366,0.016657526330415763,0.6860002106852624,0.7531489624332437
2021-03-18,252,0.5548378425203454,0.5457898311894581,0.0007865428278179764,0.7637559261317857,0.7093263570374337,1.0023769372147473,4.1321902872467756e-40,3.2779870214134484e-19,0.23934075036963443,0.21979484168450864,0.24183068919906503,0.03469022065568628,0.8719745579734764,0.8773134689627294,-0.039120203982786206,0.9538514271672025,0.9384579485829713,0.018521793831874935,0.6547800221076958,0.7284601949497624
2021-03-19,252,0.5411933195984693,0.5318679805659179,0.0008192979072336522,0.7538723821630231,0.6973354140945283,1.001670207923964,1.801389232498748e-38,5.1166042554264e-17,0.23911024279983562,0.22161045556420886,0.2473771975093053,0.035813981315623244,0.8678678261889576,0.8735810199348348,-0.042277323782003204,0.9523120439539791,0.9419733155791624,0.018337755255660868,0.6582126162025972,0.7338272213788753
2021-03-22,252,0.5443969904963835,0.5351367667259848,0.0009089954482912061,0.7280254390432401,0.6664766377276884,1.0027214383271033,4.479825609408891e-39,9.160672849651498e-18,0.21341420496077684,0.2903025130290092,0.3385866997570942,0.043826159797330067,0.8390232778585259,0.8443865117862047,-0.04191748278849558,0.9526831064101109,0.942384643799783,0.01442577132669133,0.7322794229744916,0.7923249641577771
2021-03-23,252,0.5449349930697229,0.5356857043109775,0.0009660911209755135,0.7116752102915396,0.6470581097068568,1.0019108105220713,4.566078598350092e-39,8.65560745802724e-18,0.19795137814276445,0.3312987766530022,0.3895429362554328,0.07830256169820732,0.7278670070428812,0.7386052715719702,-0.0469895972098537,0.9467554740526793,0.9346534142775521,0.011283027200509544,0.7902215844999632,0.8360627542191503
2021-03-24,252,0.5489753244779149,0.5398081562762465,0.0009491845251236731,0.7148554940155982,0.6487453386213974,1.0014497028385052,3.042150266676739e-39,7.827614186474485e-18,0.27732459363779216,0.192624195198603,0.2414331931872904,0.1275419248006694,0.5774600685169897,0.5982996845636769,-0.03895642164904399,0.9557277924308256,0.9454362184855686,0.02245783348412622,0.6040740205974977,0.694165583901042
2021-03-25,252,0.5481175841058187,0.5389329821567499,0.0010934563998512604,0.6735967634790421,0.5987931200091612,0.9996913860417593,3.612969588999958e-39,7.288455738851347e-18,0.27330322527173,0.19915628865039384,0.2486223423677112,0.12165802652130708,0.5981375135186047,0.6195822353587181,-0.03883946289566363,0.9562709127320367,0.946669236048111,0.020920362638572918,0.6284019768520337,0.7121228045506631
2021-03-26,252,0.549715070843249,0.540562938136811,0.0010972022874719833,0.6723451545107665,0.5961831425089285,0.9985873588756025,3.988769922651841e-39,6.150192853899466e-18,0.2809008821266147,0.19692699423041812,0.2570290775159356,0.11942271590965531,0.6054074919133292,0.6259975544215044,-0.06842959087162644,0.9252057465798432,0.911830464610409,0.021897122073767452,0.6154451090827151,0.7021137655848212
2021-03-29,252,0.5502014426611025,0.5410591955607185,0.0010786118321242403,0.6783275619976161,0.6023960845254193,1.0025339429939122,1.7748994413539953e-39,3.0127290905728995e-18,0.29789966802978063,0.17699747338715324,0.23791995362864649,0.12135356190321567,0.6012155011456435,0.6245117873808923,0.006110141517612466,0.9935138294204893,0.9924957241935711,0.024766333560622508,0.5689672796627379,0.6626441039797234
2021-03-30,252,0.5501432915034534,0.5409998624689708,0.0011043917830250492,0.6710193234966724,0.5937157273889304,1.0017293152916622,2.016733483607449e-39,3.580175156302283e-18,0.30469720673270567,0.16982821740058046,0.23217247949599706,0.12445389744506485,0.5912634192602322,0.6125573079984473,0.03691726603842361,0.9613993167037981,0.9556856372155216,0.024607436118524097,0.5709824431068143,0.663886135478088
2021-03-31,252,0.54960638509273,0.540452043326322,0.0011771908947017958,0.6512255213973823,0.5690395053605595,1.0000591119722924,2.6204086218433842e-39,4.273796590011238e-18,0.3192631576293146,0.1518082258361786,0.2117685875639408,0.1483833061543509,0.5243378312558283,0.551437048313433,0.06846468008240243,0.928706831917949,0.9184739540338939,0.02660375617745768,0.5421925560489109,0.6419511619366705
2021-04-01,252,0.5492223799411371,0.5400602331919733,0.0012619408282049187,0.6287106207985608,0.5459981285851445,0.9984782265756236,4.444985822552142e-39,6.437537419337441e-18,0.32025111737531964,0.1591980683348667,0.229169102452927,0.15130817190286733,0.5166973762849358,0.5452116405390275,0.05309932767400577,0.9448872447626744,0.9372890849247786,0.02506993777904931,0.5667374506038307,0.6598679078679879
2021-04-05,252,0.5465068518703012,0.5372895114611611,0.0013956155566538148,0.5946568780381241,0.5084690936324698,0.9962834833632286,9.10030373429168e-39,8.40395468192557e-18,0.35261456876276465,0.12088909945091461,0.18143098101995692,0.12818630549291854,0.5916848097279241,0.6158957891594198,-0.0426404395448864,0.9565053440764418,0.9503852464666815,0.031659253416814394,0.47089897007645853,0.5756164444531204
2021-04-06,252,0.5464318931816767,0.5372130292219548,0.0013752556077533218,0.6007640301195744,0.5174824972760794,0.9956995381526422,9.048701886440904e-39,9.440606536154843e-18,0.36458427468618426,0.1127240283335463,0.18332297449056056,0.12412251347647157,0.6044702171228999,0.6246187480371708,-0.0804735997538162,0.9182440371085876,0.9057520762749862,0.03443862691772348,0.4389059785115088,0.5542856755563883
2021-04-07,252,0.5408839135606291,0.5315522857874713,0.0011779823073081609,0.651104755125518,0.5787357769225675,0.9932982172724812,5.351707520101977e-39,7.528913043493139e-18,0.21939118042247951,0.36618847478400374,0.42655026150801234,0.07111058253660524,0.7667208854061325,0.7827026380158549,-0.300604191636271,0.7026839282893547,0.6463736753225368,0.018827026907659115,0.6771987641499162,0.7558101217054647
2021-04-08,252,0.5415192976142553,0.5322005841511305,0.001271540724788539,0.625667232496109,0.548254329938183,0.9931554358044217,5.52959942495356e-39,7.560059648638707e-18,0.2194864119441886,0.36594186286523234,0.42551736770514126,0.0651940665237038,0.7864153241504644,0.8012113380159882,-0.35602549998110444,0.6549003059277076,0.5942069103954567,0.019504128746554782,0.6662407500422161,0.7466833732397362
2021-04-09,252,0.5413702457909544,0.5320485028192259,0.0011832973665260311,0.6494871981004755,0.5765697651251047,0.9931529672734773,5.269162539830574e-39,7.302437068845156e-18,0.20847391616567273,0.3921849283945267,0.45283918754393704,0.0661813638591236,0.7830540254494833,0.7978613559491263,-0.3793348474375048,0.6343680908720778,0.5703283206868375,0.019164363363358534,0.671642342156741,0.7512468142118804
2021-04-12,252,0.5416041083311668,0.5322871186631011,0.0012641981158826128,0.6276272337675239,0.5518246527263273,0.9919690227867144,7.022632356970076e-39,6.84898517295481e-18,0.20541405906879454,0.3991777460732524,0.4597079613393854,0.0830381895910346,0.7353429521755337,0.7573592708209518,-0.3861549472379588,0.6282460477792482,0.5639450083207272,0.01852594269160405,0.6821648621850147,0.7584877267604088
2021-04-13,252,0.5392056591645603,0.5298399205296938,0.0014380154918298693,0.5816929138330376,0.4996941148158611,0.9872837351808865,2.319058595133845e-38,1.450148294320719e-17,0.20859490491474497,0.39141367426093854,0.4522873231709681,0.08988385783780034,0.7142939939569924,0.7371363369686603,-0.4053289528309294,0.6110251214231034,0.5456801498522335,0.018296088903351545,0.6855670832553654,0.7607609299728108
2021-04-14,252,0.5357018984108762,0.5262649451265444,0.0017214322085882393,0.5112341320601639,0.4220696560498105,0.9857804781435368,6.283612959744472e-38,1.797417217119177e-17,0.18925364719340254,0.4432662277898295,0.5058087188452554,0.07339375707462209,0.7659261105751842,0.7844288818911269,-0.4769845042272224,0.5512251419389773,0.48059979722185875,0.016939270695247085,0.7094573468899645,0.7783171304920189
2021-04-15,252,0.534460137287978,0.5249979449564328,0.0018019843804400072,0.4922998147407117,0.4036653411154666,0.9847357278299265,7.568355829471598e-38,2.0881279375190252e-17,0.19601876232709398,0.4271220314994121,0.48955831077351053,0.09126966577336526,0.7103711907814475,0.7309627165806603,-0.45997928973224333,0.5661274873070645,0.4959467434945882,0.01702110371824017,0.7084229747537625,0.7767630016658884
2021-04-16,252,0.5320372194610572,0.5225257808322169,0.0016282074160254558,0.5329923878313008,0.44549728850184644,0.9780597876475736,1.8297142574875055e-37,5.631133553579159e-17,0.17142083160671298,0.48782354084783497,0.5483202999410617,0.08848852736970686,0.7177735184443719,0.738369606948087,-0.5869459055113342,0.4671488116194763,0.3859784807393253,0.014509348757517592,0.7494630099316744,0.8100475017231217
2021-04-19,252,0.5400233545709163,0.5306742357613821,0.0015233903784499377,0.5590148542284736,0.4720304362916682,0.9834480453843795,2.0034914453077066e-38,7.055149190326219e-18,0.174993616207212,0.4793662502129651,0.5402467337075006,0.0923209848847551,0.708184325180909,0.7315313198443705,-0.5314260749681095,0.5073080820647378,0.4204450664278421,0.014301441000720555,0.7530571311817059,0.8129196189957593
2021-04-20,252,0.5392601573511515,0.5298955264030042,0.00161843388193931,0.5362293889185032,0.4482757841701238,0.9877479488658251,1.783017821189652e-38,4.357467004949827e-18,0.16556963179025896,0.5049428538303601,0.5628965347004375,0.09478721425524589,0.7018981882519576,0.7258190204701329,-0.5056730572674073,0.5292866649892479,0.44483039258364854,0.013597499477281557,0.7664374733993178,0.8230522751387003
2021-04-21,252,0.5357192515935112,0.5262826510161436,0.0018428514956688132,0.48327196754659296,0.3980922266696555,0.9780013149045292,5.042002060401302e-38,3.93219418538665e-18,0.1818865159052225,0.47301596090420184,0.5405139341890575,0.11712968865563206,0.637310517353543,0.6672890706759109,-0.4984552942591509,0.5367184697902103,0.45368914256713344,0.011975993518542286,0.7952775190848411,0.8446394998198976
2021-04-22,252,0.5312126657976577,0.5216844679480166,0.002066140060703523,0.4330319936891408,0.35695532885304737,0.9734151863026371,1.1797470450181072e-37,5.231519715550916e-18,0.1731526109629369,0.49784932364105594,0.563887085710465,0.09543624239556864,0.7065789989095943,0.7335241508201591,-0.5198254297044499,0.5241352604449517,0.44230237491897195,0.013515287345182517,0.7704238152603313,0.8253375788133278
2021-04-23,252,0.5325675077783009,0.5230668473672908,0.0021434948118313215,0.41555577195285,0.33986900936790954,0.9769032145230075,6.682211830883464e-38,3.5438140589953384e-18,0.1677535602875374,0.5110030525731739,0.5764504132649041,0.10141478114577307,0.6885895035695185,0.7170320356219404,-0.4861198844594965,0.5493904304699058,0.46902525145294005,0.013317870237577759,0.7733627176518904,0.8273676356339879
2021-04-26,252,0.5342704579802449,0.5248044103782173,0.0021584784537609725,0.41279587999395617,0.33642098397304976,0.9782042382531195,4.207880343328267e-38,1.831934249225011e-18,0.17160370858209031,0.5009190497838171,0.565920088406296,0.10168911996639135,0.687969658896521,0.7172462555467178,-0.48330447457273307,0.5517211636939792,0.4710405914160414,0.014491532696642407,0.7546504404845389,0.8124549024171978
2021-04-27,252,0.5335656872435548,0.524085315033058,0.0022649315723754317,0.39028622994107354,0.3159166901806345,0.9790745647311618,4.3024402879696426e-38,1.585016524622825e-18,0.16593741496918607,0.5154088221586368,0.5786791936942549,0.10538522344256335,0.67824040157512,0.7088878015417373,-0.46072014964738633,0.5714944229551084,0.4935136213542747,0.013984864138280848,0.7633245704785816,0.8190211217988581
2021-04-28,252,0.5326495514678165,0.5231505586114713,0.002379147742404331,0.36768938616937485,0.2971781839913934,0.9780675137003937,5.50556153140044e-38,1.6346107836252703e-18,0.1590252878659111,0.5349553403176619,0.597139138160711,0.09906121427614373,0.6967543584776252,0.7254771643927569,-0.5022160811147023,0.5372619565558723,0.4532238659036901,0.012942517978574408,0.7809415038347152,0.8324086260838122
2021-04-29,252,0.5302073066033749,0.5206586746237687,0.0025102999896102485,0.34046464942515786,0.270030978785322,0.9850924269143482,7.085681634840636e-38,5.308045070681706e-18,0.19458260244621756,0.45144371073788436,0.5208046851413549,0.07966287871474265,0.7544056123906022,0.776941512041333,-0.5131351340019803,0.5280875078811591,0.44235152707808845,0.017000556575457862,0.7154880959298038,0.7827260238213407
2021-04-30,252,0.5251546263907276,0.5155032976588318,0.002389573413382165,0.3657602074312718,0.2822654732950248,0.9704262525787215,2.4146465360584106e-37,4.831361183332589e-18,0.20416705457103299,0.43143781431758954,0.49930495287437104,0.04063443479428125,0.8743575682442772,0.8852988691497766,-0.8033544200754617,0.3244212693575762,0.24660707441939833,0.018156207061539628,0.699123138348866,0.767746490355189
2021-05-03,252,0.4949594173528583,0.48469436486003026,0.003370538919333005,0.22702273260165082,0.16999212390739182,0.9561453888480334,6.82653148499887e-34,6.16505689104755e-17,0.11821855134216439,0.669210329285987,0.7184586069544857,0.13203866674224346,0.6257107730610776,0.6479131028871317,-0.982102530994494,0.25410049981424015,0.19671560121382448,0.005293068874533348,0.9149167002710262,0.933390450107177
2021-05-04,252,0.4972817347646642,0.4870638838452468,0.0036132466632107364,0.1942241328189003,0.14262683628662368,0.9534587523307723,5.450772539795911e-34,5.825194597556228e-17,0.12536088578291046,0.6503312954651383,0.702199232601569,0.151384235703303,0.5774313107273107,0.6006510855719653,-0.8570943134791904,0.32594067346020883,0.2583470722958797,0.0048911001458849124,0.9212630331538263,0.9383468700717222
2021-05-05,252,0.5000530783527214,0.4898915555550125,0.0037098777338232776,0.1826854986110613,0.1312382881468546,0.9542157382209919,2.6823445024897507e-34,2.4317545411479165e-17,0.1259064899383703,0.6483613414228013,0.7010129677138374,0.15354521015148392,0.5717921444002854,0.5950234171143644,-0.830722127960835,0.34162362658450784,0.27151495030273587,0.003938868616105155,0.9365368517041217,0.9505160862476613
2021-05-06,252,0.5017734015521942,0.49164684467317377,0.0038443814657578503,0.1661753888035594,0.11367218664889309,0.9575409180190471,1.3484526184669781e-34,1.7866861580592324e-17,0.13993771278453374,0.611907525391747,0.6686404566009407,0.13903780512467367,0.6070511630617302,0.6293506419489217,-0.778577729079394,0.37252143694571527,0.301918599846723,0.006054048743291608,0.9024009128149291,0.9239571028589113
2021-05-07,252,0.5021255270386242,0.4920061271816857,0.0038678903191985544,0.16322508180724998,0.1090547841722384,0.9621892490412257,8.927518674021715e-35,1.7873794092265752e-17,0.14961922775397607,0.5866501732072283,0.6452301667083034,0.16743117242898065,0.5381978113385157,0.5642622166527493,-0.6730041955263776,0.437384576712161,0.36057687369402625,0.006905316699806119,0.8884374283370983,0.9122891158315892
2021-05-10,252,0.4856876918662423,0.4752341896684017,0.004501657348853245,0.11294698442857513,0.07475819537886909,0.9581995904878695,2.129955906745333e-33,3.2384833461714166e-17,0.10579004300070707,0.7069138889252963,0.7483812687269951,0.19179522087474704,0.4913148881947893,0.5083705317306357,-0.7471301614969377,0.39968590525249936,0.3130301726216683,0.018795432231537703,0.7092415674295901,0.7682738042109174
2021-05-11,252,0.47311523516313325,0.46240619522742465,0.004643052727281974,0.10373291577640119,0.06892986571741086,0.9573130484714362,3.0430289240618566e-32,6.046246780551818e-16,0.12172623018424938,0.6657757129829995,0.7088980343644107,0.18785120496737318,0.5006192350241575,0.5164288841340282,-0.7459802229851596,0.40243234875204137,0.31037361587518997,0.02284242670042605,0.6487082851909813,0.7199123173394608
2021-05-12,252,0.4784902551053928,0.4678904635424943,0.004921885088164131,0.08403632405249974,0.05643600462888551,0.94805155422596,2.3006193626839735e-32,6.10075163334492e-16,0.12989649111958104,0.6450762097246752,0.6912315422111248,0.19241589300917322,0.4907761631750951,0.5046578275134717,-0.7174783905010429,0.42150269757488257,0.33245055184869055,0.029872128153022995,0.5517597699993502,0.6521584638342854
2021-05-13,252,0.4771975442295313,0.46657147805533483,0.004779047331552867,0.09329474551833356,0.06228218754857716,0.9492653472153576,3.379236967973419e-32,1.0047258231950113e-15,0.146559806469616,0.6027063974920495,0.6515935646194468,0.18857547484365134,0.5003511883567417,0.5159230466903482,-0.7345321168579324,0.41179582618597277,0.32540208481533794,0.03570976113104467,0.47058915475023,0.5876074873109486
2021-05-14,252,0.4746645925376617,0.46398704360550036,0.0052666557306352115,0.06615798733083336,0.04468253881636853,0.9440125792179543,1.0808664659315458e-31,1.8157293894647422e-15,0.12810037395051307,0.6509671064088626,0.6939914693022232,0.2238852263005912,0.42895900771081086,0.4432886886621057,-0.729313752541739,0.42012614504560375,0.3270392357109452,0.02059122420271669,0.6765698290063857,0.7433839952159762
2021-05-17,252,0.49226531540538787,0.48194550474289577,0.004724364034392167,0.10175549201035772,0.06720516904764853,0.9764764149821727,8.21232102463499e-34,5.398716420421693e-17,0.12029222114813148,0.6739438194318912,0.7100246603969825,0.15659097204038014,0.5817994364653281,0.5981872814386238,-0.7289572572833913,0.42479203078641714,0.3263150472252677,0.020892209140228737,0.675030944191155,0.740016254393606
2021-05-18,252,0.4896756312116739,0.47930318469158595,0.004745326780446965,0.09974925838065328,0.06392411964540315,0.9735689397601589,1.0700294958389168e-33,5.574106735259386e-17,0.1031695245936318,0.7185464892094935,0.7519670546980783,0.1867659568841184,0.5149844388302003,0.5353539068043656,-0.6831497889738927,0.45579525794854303,0.36252415015354544,0.022074745620601834,0.6570630944005206,0.7250674311593317
2021-05-19,252,0.5137092143134103,0.5038252552547398,0.003771207003195374,0.2019554976316707,0.17174227629356065,1.0308838418198236,2.4718209271570602e-36,1.7129095787700897e-15,0.04416965152862498,0.8806655721128269,0.8936720214651804,0.07807677613022518,0.7903100060062644,0.8151437524757978,-1.0553082177703985,0.26118258259908095,0.2239925151831511,0.0226450117071387,0.6580921908651066,0.7195641080986868
2021-05-20,252,0.5189732552872464,0.5091962889312961,0.003808456318783029,0.1981220683429746,0.16699531467623163,1.0335304835907948,1.2156845361416885e-36,1.5005247800920063e-15,0.046819361546371396,0.8737358136286384,0.8872074383760554,0.07392569882636602,0.8010981997685065,0.8252580849101093,-1.0698351334032032,0.2543610990268654,0.21988850412260208,0.022859431156540332,0.6551875559439382,0.7169296502194783
2021-05-21,252,0.5249951391446601,0.5153405688020719,0.003574603511749961,0.22731225680114173,0.20237407961354037,1.0420927976560228,2.2793105462648896e-37,1.2712578562905288e-15,0.056073943452399216,0.8492421851283556,0.8640249760903311,0.0687100342039299,0.8158123942678037,0.8382544826456442,-1.0955237037444663,0.24382445654246615,0.21248775661375396,0.026299422083365692,0.6072049152318352,0.6732437938616805
2021-05-24,252,0.5261973299518745,0.5165671943817907,0.0035953959216930833,0.22558480550828086,0.1961186484067382,1.0430442182507997,2.227539419252013e-37,1.3240996485824095e-15,0.05774350130873224,0.844949998419235,0.8598314911162218,0.05517751014737465,0.8524057697025329,0.8705745600174439,-1.1721106657745568,0.21703858979525967,0.18935111936617832,0.025830645722963855,0.6140458134823542,0.6781462595495821
2021-05-25,252,0.5251707532554677,0.5155197523053756,0.0036899534383243505,0.21364022255401932,0.18066643765124413,1.0423246570229072,3.7814056653521095e-37,1.938740347476886e-15,0.05776813701153419,0.8449871796151855,0.8598560097765136,0.06047821005668513,0.8412751631865789,0.8620185547933165,-1.180728111557769,0.2275929711617791,0.2144719066463373,0.026250653527572665,0.6084783748189999,0.6726308369888115
2021-05-26,252,0.5245455966043056,0.5148818892182142,0.003922987260299814,0.1865864416308474,0.155119817013675,1.044489823918923,4.017476310206352e-37,2.3544692896096715e-15,0.05449532200494861,0.8539654447684802,0.8680799391231763,0.0784246976534555,0.7952413876901191,0.8215098000670005,-1.0617539949862098,0.27622637196304417,0.25838102569537635,0.02285558866310089,0.6553282370778193,0.7133708780518486
2021-05-27,252,0.524519698318371,0.5148554645443542,0.003767307891797934,0.2046056362528449,0.16988894433633406,1.0467554891146675,3.445487669355622e-37,2.057958408293091e-15,0.061504561196358415,0.8356709966875709,0.8511618891561012,0.08315499456130776,0.7836775208052854,0.8107526504168243,-1.0425701852436295,0.2898728054022883,0.2748681810960065,0.024642832200122953,0.63044778433557,0.6911869914706343
2021-05-28,252,0.5299079458891565,0.5203532293421882,0.0035015815833519858,0.23888641608981276,0.2009632492544534,1.055531257618378,8.000910865717422e-38,5.916360907440316e-16,0.0554218303034581,0.8521542563501511,0.8658262579928837,0.0673134543484109,0.8250300583340218,0.8469961138656812,-1.0679279041457717,0.279815667007,0.263440207048131,0.025540194398738714,0.6187704805745564,0.680516390702748
2021-06-01,252,0.5262594136183397,0.5166305399113955,0.003598759603324682,0.22666341582484203,0.1867243198194105,1.055055685968,1.5565658635249755e-37,1.2175240459544173e-15,0.05885767527180444,0.8433656597529839,0.8575384686709022,0.06760329196842063,0.8247563297295536,0.8461770858972348,-1.066631116431167,0.2826062979369732,0.265312412804078,0.0274835349692176,0.592904176196663,0.6583914099998688
2021-06-02,252,0.5258701597814357,0.5162333744111397,0.003486796708689679,0.24137183401270107,0.20078648338610483,1.059210686499082,1.919355930173301e-37,2.0778067865475687e-15,0.05836846563280057,0.8445466100422427,0.8586524411427991,0.07632549493284502,0.8027137838360671,0.8266502411991427,-1.0390374137043838,0.2953677721111628,0.2790509902900373,0.02863903284656165,0.5774894038234475,0.6470107389109017
2021-06-03,252,0.5264585096421146,0.5168336826023202,0.0035074359660396456,0.23835785877168494,0.19751914499538192,1.060950883346654,9.990102549011866e-38,1.3379346222343487e-15,0.05612811998102524,0.8504109597314167,0.8639773475114555,0.07969261978238085,0.7958216334417804,0.8220466549561166,-0.9921981657534324,0.31920649683899593,0.30549450804440614,0.028710186268639325,0.5765813731546952,0.6463505935970604
2021-06-04,252,0.5290466828101532,0.5194744609160507,0.0035966835408678807,0.22611177194050747,0.1857359455163251,1.0615500311258825,3.158373280699861e-38,4.3857442809318937e-16,0.04365616128557495,0.8836345297970413,0.8946770621726148,0.083586743568698,0.7859124586815378,0.8136191090091002,-1.0439307131781381,0.2962902875863971,0.28311811515746654,0.028118176635722476,0.5836515917163283,0.6509048031956437
2021-06-07,252,0.5269376490929372,0.5173225606598668,0.0038423219810839035,0.19701261184043176,0.15565630025510224,1.0491038497232732,4.990057771658921e-38,3.379523765856531e-16,0.05192421492099575,0.8630419223516967,0.8764366136654502,0.08899906977878125,0.7754495349300666,0.8065566818065982,-1.092909306569148,0.2753145144619509,0.2617567998346173,0.02788566724272638,0.588092394602546,0.6524637281692323
2021-06-08,252,0.5267410077287717,0.517121922520007,0.003734647195419839,0.20989943287192078,0.16638959261354813,1.0492252511830813,5.409646607278152e-38,3.228378988789121e-16,0.04329145380237437,0.8859761871805495,0.8974662678242068,0.09087677944702643,0.771234890871388,0.8035014274583956,-1.1104287143049167,0.26799340788416887,0.2539075701201743,0.026377285527625756,0.609900007978194,0.6737121061601261
2021-06-09,252,0.5211788037066519,0.5114466655706082,0.003552006458799085,0.23598893968127882,0.18974076338906554,1.0299101622308175,2.233145217565822e-37,7.165767862256001e-16,0.04425787150945826,0.8842554420025626,0.8956838337607805,0.09378774264561929,0.7655887780054867,0.7987520387478676,-1.168101444405223,0.24700745475301852,0.23146555080106135,0.022359677316686845,0.6676335406990397,0.721952071607735
2021-06-10,252,0.521627333987404,0.5119043123204814,0.003404573528511131,0.2561645442425952,0.21079769807172943,1.0325697066745292,1.6522222973167792e-37,3.721686774950432e-16,0.052646149844881196,0.8626730040231249,0.8757362400312125,0.09057443472490023,0.7738897630755595,0.8053238205726073,-1.1818143344118508,0.24336133548108177,0.22810558961185856,0.02634357614537504,0.6121012976211737,0.6708737484505234
2021-06-11,252,0.5173984475529079,0.5075894729096744,0.003201975812409625,0.2877770879052185,0.25669892041817144,1.0305175375226796,3.060193535905402e-37,4.753476060121388e-16,0.04275375124512604,0.8887683472248897,0.8995412910188637,0.10414403173590892,0.7448839447190042,0.7881599489968556,-1.2841622003568893,0.2081721913547989,0.20933603803237832,0.029588077638910876,0.5768882586465156,0.6493043529219673
2021-06-14,252,0.5193282233837717,0.5095584718265314,0.0031170793515515036,0.3012633535011229,0.27045969919015034,1.0294391027203567,1.8501692083565561e-37,2.286218214201905e-16,0.04109474514404571,0.8928044009825267,0.9029698663519441,0.10118508062741671,0.7517251004734389,0.7938169564613886,-1.331518107882988,0.19657220998636019,0.19775795437646781,0.03071638090458634,0.5626879257339155,0.6345688158728533
2021-06-15,252,0.5198011527733253,0.5100410136020515,0.0033340044735284922,0.2680801966500082,0.23388196476138656,1.0274683904978834,2.223977728185325e-37,2.6123849494640627e-16,0.04738609873548855,0.8764276316947859,0.8880143929117721,0.06830167222841144,0.8315583515995296,0.8614569732240447,-1.4650528607879636,0.1592273769510762,0.1622897139196724,0.03132985286595075,0.5544629340993807,0.6273534426852418
2021-06-16,252,0.523337301431706,0.5136490352006431,0.0031097881736566885,0.30162536323962674,0.2660831165648907,1.0307397542329853,1.4513680480816227e-37,1.3470542377808467e-16,0.02767403688706832,0.9279667959022073,0.9351470973845083,0.041902159996977106,0.8961270776846533,0.9145160174905983,-1.6105741754913425,0.1205932112941696,0.12510368832866509,0.028896837517049228,0.5860150104200512,0.6554057857859481
2021-06-17,252,0.5228646138744582,0.5131667401727196,0.00318820808575696,0.2900218537231178,0.2582530804361205,1.0305945573911521,1.563105303576143e-37,1.3221961316417057e-16,0.03991744237118772,0.8958933838126991,0.9056206394062158,0.008364343584798983,0.9786517775956772,0.9821555093774189,-1.5906816571081484,0.1254482408492924,0.1298038599721466,0.02927503487559893,0.5812472703794624,0.6516787014522751
2021-06-18,252,0.524848942386865,0.5151914005654599,0.003171652298189888,0.29242562384484794,0.2577884820229295,1.0306153575788468,1.2627997678140282e-37,1.1569003036515024e-16,0.03983821562605175,0.8958904241782082,0.9056297124552903,0.008025752397752217,0.9795149821392357,0.9828549052584259,-1.5957315442893694,0.12441404810171285,0.1280769497977183,0.029460332337122915,0.5762069811262387,0.6459260715511004
2021-06-21,252,0.535251037603646,0.525804920481769,0.0029758051484458387,0.3234482919049535,0.2929982243479875,1.0437454844908647,2.3801408684825706e-39,2.249306863203235e-18,0.05832009300139948,0.8482813256971851,0.8613636325622844,0.009539776040955739,0.9758150190730004,0.9798727756776763,-1.5157272950387806,0.14560617895026318,0.148563779644869,0.03762222301390347,0.47214427364703837,0.547067996748341
2021-06-22,252,0.5331528680824172,0.523664105238564,0.002778242389639248,0.35691786760133104,0.3283679198517181,1.0424895588851448,3.132220040095883e-39,2.4343923011586884e-18,0.06459377916986067,0.8324234923172683,0.8467004145009708,0.019874631926401598,0.949671281187553,0.9579437060791638,-1.4632733141621834,0.16188312355842732,0.16670220951361792,0.04059973517090948,0.4386669018010557,0.5168900527418474
2021-06-23,252,0.5338488599488644,0.5243742432811584,0.0028552235134646103,0.3438883934321473,0.31413486718211625,1.043760473253056,2.563082022387671e-39,2.0876250185148814e-18,0.06234856087971222,0.8382285159652191,0.8520049466489418,0.02429441047028713,0.9384984612117667,0.9485183563279952,-1.4463023863314468,0.16701222931242451,0.17183115488254863,0.040173379921630135,0.44361018731493684,0.5214881030049368
2021-06-24,252,0.5323174185595232,0.5228116750343103,0.002729600634442641,0.36664270103847807,0.3412655248378329,1.0426718866355076,3.1843277060991826e-39,2.0849745876590098e-18,0.05922166699545289,0.8467581326457495,0.8603412195674962,0.02831687892695356,0.9284331909094896,0.9401820679740767,-1.4541067936330072,0.16607535787133915,0.17211222279832494,0.04006711963352986,0.44528232759647457,0.5226668371459336
2021-06-25,252,0.536146262569986,0.526718341077506,0.002749377667872769,0.3627607488289605,0.3361394626097568,1.0423949497965825,1.1020776498485571e-39,5.268043568367844e-19,0.060145850588795374,0.8445124364623114,0.858356938246597,0.028805160940117203,0.9272108467839845,0.9391675111426595,-1.448300957584407,0.16883004059116166,0.1757558067301399,0.03995362016742143,0.44625443700627787,0.522214338023832
2021-06-28,252,0.5406204955682874,0.5312835137708949,0.002923096918892124,0.33511139446780347,0.3104811295013017,1.0491593632343368,3.048407509257814e-40,1.3893688357644265e-19,0.07020233833689876,0.8203974636420118,0.8369455620057392,0.03620244889904256,0.9089046026488352,0.9238147692990413,-1.4029891560837386,0.18292237357641467,0.18916918780704717,0.04242263677009311,0.4191423527412279,0.49333116430139246
2021-06-29,252,0.5409075856500405,0.5315764390169113,0.00294065209410192,0.3323963104636858,0.3074270169306338,1.0485447312115717,2.7625681342113245e-40,1.185069122799296e-19,0.07006904449241763,0.8206950793194732,0.8372472680358598,0.03863496079762324,0.9027335236096647,0.9186976801957341,-1.3986068933122067,0.18442203672306418,0.1905169911536726,0.04171519793272473,0.4274190758239059,0.5010166793072923
2021-06-30,252,0.536421385929785,0.5269990563755125,0.00333954658692221,0.2732165569858097,0.2500896465098422,1.0450313752121259,8.638101678366205e-40,2.094449178316399e-19,0.06807726761834709,0.8271251281711016,0.8431754493384707,0.0829110250302143,0.7938179336069053,0.8270553152736544,-1.209038180764169,0.25097144519991604,0.2626975800549587,0.03902782056334382,0.4600708954172159,0.5288322750368541
2021-07-01,252,0.5383066958605662,0.5289226856138298,0.003178713625001915,0.2967831927704615,0.2678906448947671,1.0476681150427818,5.3568665530752476e-40,1.1328398014423523e-19,0.0678432127338845,0.8278406994382546,0.8436366012581882,0.07974820584394093,0.802332935535699,0.8344357226268898,-1.2284959282344914,0.2441997184081633,0.25406364172390783,0.04023071297976695,0.44664449863931643,0.5165535156213269
2021-07-02,252,0.5382401513369401,0.5288547885592356,0.003161282909565091,0.29971840523522847,0.27186105215036227,1.047796291006318,5.462166124630648e-40,1.1703188860394745e-19,0.0676077429852611,0.8284194119014803,0.844143655384466,0.0785989247702259,0.8053877865738437,0.8372543048826395,-1.2313292994809162,0.24285011005627105,0.25275118880897296,0.040316488749015195,0.44580016683092394,0.5156292240136715
2021-07-06,252,0.5361042267585419,0.5266754508796505,0.0033767222723959348,0.2693149910827302,0.24054060522774523,1.0494959105801283,6.780596861069071e-40,1.261396516287373e-19,0.08794701126944365,0.7798542082355397,0.8006232022499987,0.1141186260600413,0.7211196290011181,0.7638995634203442,-1.0757251366800507,0.3088619996787348,0.32346216401048333,0.04564431124088505,0.39033445623160956,0.4609343279187207
2021-07-07,252,0.5360073020728475,0.5265765561800193,0.003405721614072858,0.2653211991857584,0.23853921680668955,1.049328855774389,6.813379688094071e-40,1.2567505923447554e-19,0.08724036163834492,0.7816406904402151,0.8023708666915895,0.1163004868770452,0.7164777131355606,0.7610323945154017,-1.0701472465901374,0.31139923201723124,0.3267655704365655,0.045517583366380794,0.3915601104014401,0.4624412601396596
2021-07-08,252,0.5354620545113402,0.5260202263510017,0.0031382902275597165,0.3065344364728193,0.27497055490681144,1.0524719861924594,7.43996566503339e-40,9.904062906268955e-20,0.061685895453663986,0.8451327801125021,0.8600492726541922,0.13600183559593682,0.6721258187406751,0.7247091724652723,-0.9308605717167433,0.37957463126923163,0.403146017096503,0.034501638835493405,0.5133632855775296,0.5736410949535151
2021-07-09,252,0.535004202388939,0.5255530682911532,0.0030616740568932535,0.31842360414224624,0.2886136605921784,1.0523324044597824,8.0764143694185e-40,1.0261137459924844e-19,0.0689637605748426,0.8272480293474815,0.8437351331685727,0.1340666479490672,0.676723357717042,0.7283532163784286,-0.9264929251019149,0.3821821302812658,0.4062375277120809,0.03705837625809015,0.4795648069244901,0.539591593831521
2021-07-12,252,0.535438466828117,0.5259961592433227,0.002960131025806727,0.33512240131531623,0.3053441482081508,1.053575407012275,7.503899695161724e-40,8.678621455790473e-20,0.06475311159779046,0.8377834814263085,0.8532219672092676,0.1344854035389329,0.6760632704077979,0.7276307473594354,-0.9400702898058813,0.3756314561097841,0.39835173932789425,0.03643485197508199,0.4879717873115793,0.5477190578071764
2021-07-13,252,0.5357963921218554,0.5263613594414053,0.002866761850534658,0.3509408448428445,0.32432119912776836,1.0541452158472338,7.941994280044853e-40,7.846185792647656e-20,0.05589053132952426,0.8599503660987614,0.8735682131149342,0.12035342084054235,0.7080458894330389,0.7541930014701511,-1.0437104732676827,0.32263822849383317,0.3376905565775018,0.03639093094764824,0.49032732311375893,0.5530201608086301
2021-07-14,252,0.5356672846086707,0.5262296277917738,0.002942316466013094,0.33838153864540377,0.30868202323751215,1.053931407367414,8.707250155157035e-40,8.522295192900928e-20,0.04805888613533571,0.8791767013951273,0.89096234902753,0.12302292787551028,0.7019517836525151,0.7490864816492278,-1.063175536473761,0.3134619890990077,0.32865794160859463,0.0352131988043972,0.5044825599434504,0.5673030497124337
2021-07-15,252,0.5364799003970495,0.5270587601612172,0.0029149422051229627,0.3427032393418451,0.3109181177906556,1.0542697927377103,8.140250120523735e-40,7.930907472155044e-20,0.048594646929563556,0.8778478451091514,0.8896750113736532,0.1195918848636256,0.7096810867475924,0.7553080220017878,-1.0767887056238128,0.30705550927085634,0.321700956445777,0.034911982559689164,0.5085883805784153,0.5714682515870904
2021-07-16,252,0.5364723684560503,0.5270510751319863,0.0029366811785043194,0.3392437156617235,0.3075004126022264,1.0542987479884744,8.018496391093622e-40,8.030297021048949e-20,0.04549251965713269,0.8856506092861065,0.8968918806481831,0.12073841907107374,0.7067944703746231,0.7531990116973815,-1.0644269067378942,0.3127664212583071,0.32791455079948695,0.034099954422829266,0.5180204777445199,0.5798774198354957
2021-07-19,252,0.5368807457543439,0.5274677527818712,0.0029133068311277877,0.3435027558316819,0.30981453571662565,1.0540288227029857,8.741374998745552e-40,8.286087604367246e-20,0.03213825433371409,0.9190553731117382,0.9273311000528476,0.12050743396368757,0.7073955204351356,0.7540650555862815,-1.0869540057765235,0.3037859187855099,0.319625904766504,0.029535551644954965,0.5717495675981292,0.62546195715834
2021-07-20,252,0.5368430953649428,0.5274293371406531,0.0029699180125613575,0.3338684416414156,0.2999817370350122,1.0524271316635754,8.291805095158951e-40,5.901247720920164e-20,0.02726335735508406,0.9317917522755932,0.9393189587901848,0.12229480794438585,0.7033046056926312,0.750911292333676,-1.0717735251862919,0.31033940051265063,0.3261714915233992,0.02723115232412689,0.6011267471516972,0.6512462929214327
2021-07-21,252,0.5396627627380983,0.530306314826271,0.0030637161732153598,0.31947211514762724,0.2888814127832473,1.0551926632398523,4.5924491642622265e-40,3.172046350554905e-20,0.022315304565718896,0.9443486565433172,0.9506387462224006,0.11312268824274069,0.7245021369190967,0.7687734420303078,-1.0964626462724745,0.3027945508552921,0.3194714563920026,0.025525222175790195,0.6237336570443828,0.6721441201953127
2021-07-22,252,0.5399888508140575,0.5306390307086521,0.002910415747688229,0.3434685533256654,0.312672785574463,1.0545821135934075,3.986526036971908e-40,3.147635467223683e-20,0.028478939713785956,0.9288990930624011,0.9368603233679779,0.09472978583290415,0.7679103448006369,0.8060775849776063,-1.0995030798087266,0.3004721133481259,0.31780770051798857,0.026338609916311793,0.6121521938906708,0.6620297379949456
2021-07-23,252,0.5408445167484739,0.5315120882271014,0.002772217328193637,0.3671363169660573,0.34063129104648626,1.0538390587572706,3.694331522178339e-40,3.155773874343633e-20,0.05843207062026651,0.8557399257006444,0.8718552608115568,0.0789942940964059,0.8059295194282211,0.8394573064943647,-1.061840983234167,0.3171696137115653,0.33399907880167234,0.027246449030707564,0.5997121065869307,0.6502161183986215
2021-07-26,252,0.5380449427644001,0.5286556123327821,0.002486505227191826,0.42091599135793334,0.3951837353380936,1.0418056305695857,8.11120037112938e-40,2.799118043098937e-20,0.07585968459405623,0.8147471226310377,0.8354158008053814,0.09355398279999527,0.7717863248270286,0.8111286199072278,-0.9633112257672298,0.36583069159234827,0.3828286448514474,0.02567704641842376,0.6224443308297916,0.6691955837503374
2021-07-27,252,0.5309005192660625,0.5213659769747223,0.002412215595161948,0.434847420571556,0.40859356313801276,1.0420972287591792,2.509019821642052e-39,1.7230484081268553e-19,0.08694209532630509,0.7882713755275159,0.8114179035616176,0.10076376065233139,0.7550091325871078,0.7976032361369019,-0.9566489032528008,0.3705868096211825,0.38942550337231907,0.02435478026010333,0.64037070597187,0.6860430872208318
2021-07-28,252,0.5305063001114919,0.5209637452357092,0.0023837885001441734,0.4407988842673556,0.41905853963280526,1.0420499656970743,2.596883600034532e-39,1.7527188319633392e-19,0.0826464538858861,0.7991031642670922,0.8216755866510772,0.10635892941780845,0.7424865801745583,0.7878523966050828,-0.944204342155949,0.3770970516024268,0.3965956462585096,0.024697279574129177,0.6357520689899285,0.6811996308499576
2021-07-29,252,0.5305607843177907,0.5210193368445751,0.0025829364657438338,0.40332164346730326,0.3782770040412824,1.0412374968389164,2.9205949538693538e-39,2.0147525683581752e-19,0.07731353083992148,0.811701146699893,0.8331299728318267,0.11540696975329473,0.7209654816594038,0.7695677713447338,-1.0167133365132306,0.342892127348448,0.3626341824955289,0.023629801591322726,0.6502867761882538,0.6947456570447204
2021-07-30,252,0.5314579053523372,0.5219346920464905,0.0023557492677162275,0.4452430545088253,0.41883498836121247,1.0398500890801265,1.940087248386087e-39,1.4717894139088867e-19,0.0702073669662116,0.828535306833788,0.8479963068669044,0.13811665734663076,0.6692183609689784,0.7267071331484964,-0.9630661173868136,0.369113153487024,0.39122750005298024,0.02134938243499074,0.6820022895825074,0.7228223616622254
2021-08-02,252,0.5190697861526807,0.5092947818061906,0.002860688269569499,0.36030583203663114,0.3297485392485924,1.0216137638317346,4.895540357816087e-38,2.0380248004404586e-18,0.1027301116276082,0.7552764528201089,0.7806740918326558,0.1308378483148157,0.6917946448822127,0.7445476582627322,-1.0983724194423434,0.31850818611892145,0.3424126978917982,0.029130323703844708,0.5809519449634282,0.6294205343099639
2021-08-03,252,0.5264757301958662,0.5168512531673269,0.002393343275470313,0.43853176500950863,0.4123050474845358,1.0267848233918113,5.923056561638123e-39,7.022065727581688e-19,0.036759131142108825,0.9105269847168337,0.920551233886295,0.128092646401752,0.694649617423283,0.7497562916404106,-1.153192508113427,0.28974697411758676,0.31831157212176486,0.024309019458867716,0.6409954683761577,0.6866204094190573
2021-08-04,252,0.5273394933196596,0.5177325724521731,0.00252289373012909,0.41522820704261665,0.3936153244567455,1.0299504824986374,4.192440643237582e-39,3.747374608830286e-19,0.03703435303936625,0.9100049914052801,0.9199410754373926,0.1309033789233479,0.6903730862608983,0.7471893131350682,-1.106894391617072,0.3098189534238204,0.3364880113615627,0.024370176674383043,0.6407245973808988,0.6854359212508612
2021-08-05,252,0.5281708639015799,0.5185808408101487,0.0026637027582841638,0.38952308615895814,0.3689420153726527,1.0318582957730702,3.319493995810502e-39,3.789850634059542e-19,0.03188639256616871,0.9224391907123093,0.9311229567816592,0.13827189314854704,0.673895016348746,0.7337476447802098,-1.1561019956910947,0.2897767664786623,0.31746593403364476,0.02394241864650929,0.6463604078221463,0.6904218288424129
2021-08-06,252,0.5282939666364808,0.5187064456331572,0.002703817869807736,0.3824876515946749,0.36448616813125323,1.030230521606577,3.1211049214493805e-39,4.2336054920213733e-19,0.044240868376934694,0.8924696789627906,0.9044626867403167,0.15845956337531952,0.6286889706364621,0.6951590940931206,-1.1591507078572567,0.2877864734288199,0.3159065702479603,0.02589616706370705,0.6183663850343701,0.6643316279590674
2021-08-09,252,0.5301605290159739,0.5206109462723961,0.0027928571059716214,0.367599634269005,0.350740051039775,1.031394949349505,1.449333870712848e-39,1.7710932446776046e-19,0.04244800275789762,0.89682501676169,0.9084157329221259,0.14466917688687136,0.6569893864986742,0.7191861994302984,-1.13678539078271,0.29865879570996856,0.32793692312737865,0.02548096284462927,0.6241918476656803,0.6706260772064585
2021-08-10,252,0.5299928859556551,0.5204398958328026,0.0027566258950694356,0.3736494866036554,0.35641480492570043,1.0304608981999994,1.653940540956983e-39,1.9823998598790546e-19,0.04507986791145818,0.8904745751178493,0.9027233783949314,0.13882483004143875,0.6705121128515339,0.7314203986293307,-1.152015600940576,0.29268836249719193,0.32274120336990664,0.02574138675896873,0.6206084091571004,0.6670454720602959
2021-08-11,252,0.529115361241609,0.5195445352505847,0.002747902644247811,0.374602775865039,0.35249018090651074,1.0307888747110503,1.9067459427052472e-39,2.7381887692049186e-19,0.04548011974570265,0.889398528907426,0.9018190939184174,0.1494516883917783,0.6612622666780932,0.7313379044993642,-1.1340699442006046,0.3070470108978918,0.3450637879282672,0.025534371804463635,0.6230097594632269,0.6685548137564821
2021-08-12,252,0.5297506373709111,0.5201927234963362,0.0026683656436126387,0.3882121516057524,0.36472595898181615,1.0316575369107355,1.552214434505904e-39,2.0927870819895345e-19,0.04133276076443221,0.8997223217532602,0.9113568167360322,0.14938005053524683,0.6614658786577915,0.7315093702878591,-1.1402161836139046,0.3042985814968333,0.34223773780323974,0.02591411957715054,0.617701135604139,0.6636503056005848
2021-08-13,252,0.5333882369326375,0.523904258008504,0.002391215798162451,0.4375219827713963,0.4171800514483509,1.0303079568585964,6.9719572449422144e-40,1.0412074026475773e-19,0.04282818009816075,0.8955684522611522,0.9078431084776235,0.11574703586839008,0.7336078354269793,0.7925837037280501,-1.1746413621166998,0.2870112976418272,0.32761780559470555,0.0259620063902698,0.6155774977647881,0.6634554568554758
2021-08-16,252,0.5347344282298923,0.5252778109174917,0.0022580497607269253,0.4632064905719059,0.4413215605330233,1.0315954876244082,5.225106972288926e-40,8.251669418866489e-20,0.04432065812011604,0.8919652583526303,0.9046836263761155,0.12163846031369735,0.7213869033000819,0.7819918852342763,-1.1499593055291513,0.29904308535786794,0.3399667475102155,0.025755339266004984,0.6182662009637676,0.6658651468903316
2021-08-17,252,0.5392394892274397,0.5298744381954772,0.0024711073848451563,0.4202291469621616,0.3962306666429911,1.0358515626153522,2.072551101262585e-40,8.326155182730429e-20,0.04777168037049373,0.8831306282793864,0.8975504009132224,0.1872790100893842,0.5850009613324391,0.6697269379971383,-1.115864271938635,0.30967620518764416,0.3474078161644093,0.02495868822161705,0.6271910821219555,0.6740434421069086
2021-08-18,252,0.5390476953450813,0.5296787460634773,0.0024582330432596903,0.42295784354127475,0.39796742800135754,1.0355062555301573,2.516969409068966e-40,8.896311248527503e-20,0.04563783397921306,0.8881830263234323,0.9020715706771163,0.18757151465469046,0.584492828928571,0.6698420760835444,-1.1188291863630593,0.31144951944632054,0.3521222160042863,0.023929845526961063,0.6376163705333774,0.6792727326950556
2021-08-19,252,0.5389082934779053,0.5295365108250172,0.002548549095145763,0.40619641216167834,0.3796506352261081,1.036099701567461,1.8989603494680726e-40,6.920318789511518e-20,0.048354480415747525,0.8815857827589644,0.8961950117605672,0.185381196549739,0.5892350333912562,0.673019930207345,-1.069220571251014,0.3316271882016394,0.3694731211538519,0.024198217209433808,0.6338848588229438,0.6754846275179517
2021-08-20,252,0.5386605747753894,0.5292837571895234,0.002415016357162307,0.4311570681340713,0.40592318068517386,1.034843042150164,2.0800676144785176e-40,7.110321383421944e-20,0.04906754042643968,0.8801199519631875,0.8951964367392141,0.19356487948855106,0.5752359662814199,0.6617686905055188,-1.058901624868804,0.3373636802338147,0.37606862634612037,0.02637882087080079,0.6020788173364588,0.6457883086749432
2021-08-23,252,0.5377859972683929,0.5283914037169375,0.0025614599305517614,0.4031128670960482,0.37829000519120637,1.0332623975577289,2.1535240663014315e-40,9.571965091584764e-20,0.058279707523600954,0.857696360875251,0.8755823002978042,0.20971631153940617,0.5438126378057265,0.6362229135045595,-0.9456303857659818,0.3928149422694571,0.43299878454617835,0.02625720228551362,0.6031805139466224,0.6471594917096151
2021-08-24,252,0.5389470248780286,0.5295760294487202,0.002408914231994472,0.4310985215428339,0.4065771597791251,1.0337531621802272,1.4575784739358685e-40,6.695066023268393e-20,0.049645695097994214,0.8784971893839717,0.8940324104357713,0.21401971465836434,0.5353585458325678,0.629398343930734,-0.9474114872577691,0.3915549798658581,0.4320582011977321,0.025576693366514226,0.6123234959726238,0.6560398635131237
2021-08-25,252,0.5377153327334062,0.5283193029109146,0.0024820432027893176,0.41711125172406305,0.3930009678520956,1.030774614283865,2.6473906427168657e-40,1.2339227004669056e-19,0.05763016094834733,0.8591459859263989,0.8771457305332138,0.1995433946459103,0.5639695832702263,0.6549136260746017,-0.9990455218335422,0.36777494520448395,0.4111822380812383,0.026248764195075776,0.602794266137692,0.6471548238014431
2021-08-26,252,0.5387098595547024,0.5293340436919931,0.0025277405736831033,0.4081555031217844,0.3832248787118757,1.0308333575094528,2.3220682852344207e-40,1.2362393127960417e-19,0.06982616331036462,0.8311619943407726,0.8541640836256104,0.20889089279316642,0.5474265586897343,0.643077933046812,-0.9787368683891146,0.3780326031446949,0.4217870601160022,0.027967969866840088,0.5807765941978624,0.6322960793330326
2021-08-27,252,0.5393540875886953,0.5299913657917176,0.002521628035205769,0.40926061019727566,0.38439401132231765,1.0310099451345847,2.2359938829002703e-40,1.2028198775718288e-19,0.06906408247591905,0.8328519453778956,0.8556670830318642,0.21138795402197597,0.5430060492357152,0.639481493030243,-0.9758821932097822,0.37985256261566014,0.4237656575611797,0.027666543119809175,0.5834936947639354,0.6355269527136034
2021-08-30,252,0.5387407191865716,0.5293655305521523,0.0026214234784601277,0.3914146977902746,0.36793860061022043,1.0284207284048044,2.3579421055531733e-40,1.0338803441989857e-19,0.07939572919401067,0.8083065564093181,0.8339814925426368,0.20247643004526317,0.5613988951472557,0.6555088113333183,-0.98702636817696,0.37567874198401874,0.4198275774421717,0.02827755172479049,0.5756900905468951,0.6274179302483441
2021-08-31,252,0.5388704215197875,0.5294978691116531,0.002609693895576764,0.39228243699448684,0.3726557538139068,1.0273114355167887,2.1275510547140286e-40,1.1933618763549302e-19,0.017052422382410504,0.9586803776689843,0.963287554206522,0.2257792980042203,0.5164872350596027,0.6187324251405992,-0.886949731842689,0.42571337674072607,0.46917129673318636,0.015090336811948579,0.7682952471812483,0.7931960321198873
2021-09-01,252,0.5397137714791187,0.5303583603303204,0.002650233463785566,0.3850500261976578,0.37463772701424325,1.0284247870654561,1.9048890217315765e-40,8.486530483945744e-20,-0.026471331214537264,0.9361613512132629,0.9420571604871708,0.20035954171378145,0.564960110938806,0.6601595193916332,-1.0579849705221152,0.343103273335433,0.3917747237865604,0.011464870483894236,0.8231424807990115,0.841823550395209
2021-09-02,252,0.5368214141524361,0.5274072152530954,0.002644804795881546,0.38600320730834503,0.3700217534849092,1.0259340399689378,3.652262992766858e-40,1.6790690940257819e-19,-0.009042612908824188,0.9783008115124073,0.9806755110673195,0.19569581629331334,0.5746451602442604,0.6695929436073006,-0.9795781840553444,0.3801193687916068,0.426002831856635,0.012071936145562939,0.8141233423431824,0.8337241768459395
2021-09-03,252,0.52995729612149,0.5204035826280244,0.0028889081405827524,0.3447436588923375,0.33163239290512236,1.0224366565833773,9.584906246677716e-40,4.1990806791275383e-19,-0.04802430540459118,0.8871179661284685,0.8985596460398272,0.1961012689566337,0.5730841301925315,0.6672577464180697,-1.0650197047561978,0.3436533806417863,0.3977604861196513,0.012670887757794673,0.8050129272556504,0.8258037652981981
2021-09-07,252,0.5354167632053768,0.5259740144900389,0.0027398604084131603,0.3721245244089084,0.35447324250361445,1.0307189319458703,3.4752965084771618e-40,1.357212474340741e-19,-0.12159858904283324,0.7221430920669396,0.7478519893476843,0.23853429272165672,0.49279588285074016,0.601571097855482,-1.1286630450963153,0.3170203279218474,0.37104712732415146,0.0019468282558668289,0.9700353739347586,0.9733348793094266
2021-09-08,252,0.5356937859553321,0.5262566677836926,0.003588384731190483,0.23952460569899767,0.22656690209629282,1.0293749826965157,1.2074362534804881e-40,2.368557949552201e-19,-0.34221088184386445,0.3294922522599564,0.33715971192098837,0.35864918497225623,0.303800965946742,0.4271708645717309,-0.7091909511667512,0.5306225465449631,0.5669750861064466,-0.022512210190639058,0.6667176193246447,0.6852053082955831
2021-09-09,252,0.5354411295899619,0.5259988761263432,0.0033695962395274676,0.2690544979625653,0.25400906680303614,1.029940276947527,1.1932756422478718e-40,2.1277654411874934e-19,-0.365751199261279,0.30073265624124046,0.3142840334011554,0.3554931748160574,0.3081952372532603,0.4312294050745088,-0.6811983733301069,0.5468094235110621,0.5823420616659969,-0.02468428902534797,0.6367974503821938,0.6574421696562909
2021-09-10,252,0.5366022721704338,0.5271836191657678,0.003110564022335031,0.30820285452015816,0.2951053170083232,1.0304496341877136,1.1590807275201003e-40,1.9647079282464106e-19,-0.34387580329838074,0.33528744240001407,0.3511093313392811,0.3494916504874032,0.31743669658037377,0.4428939831271753,-0.6827280881407745,0.5461213117344239,0.5812530206132519,-0.02519038559494622,0.6301251914278699,0.6510853199798607
2021-09-13,252,0.5365185608774775,0.5270982064237677,0.003137642446471875,0.30422055168922085,0.28944682759788487,1.0304070308211992,1.189647646219572e-40,2.055459451508095e-19,-0.3436370878729864,0.33802040119427135,0.35556061361112357,0.3555063459812932,0.3096486585906513,0.43685560385763,-0.6681161227018002,0.5548660104229464,0.5900966465484954,-0.025416944587110767,0.6288953885919513,0.6537333485725931
2021-09-14,252,0.5372949979683179,0.5278904247562919,0.0031629244828245344,0.2997862734964528,0.28334512714613924,1.029715538550084,9.642563388750796e-41,1.560818175300595e-19,-0.32414476918900026,0.3672016885489895,0.38407194360370756,0.35313128996714066,0.31175806141950596,0.43716946479818697,-0.6856157077120627,0.5441803604906112,0.5797009621472989,-0.023940529169288606,0.649114911195223,0.6739407432367865
2021-09-15,252,0.5383731077167893,0.5289904473045288,0.0034202483916189103,0.2616169726052176,0.24599290402218277,1.0298010277945397,8.269387863456876e-41,1.627676669321762e-19,-0.29886339316170607,0.40641082084211266,0.4219916875084543,0.34139463892404803,0.3264881948887548,0.450582112393475,-0.704630528529628,0.5321460902754709,0.5672507421631242,-0.02275031472478379,0.6652583348550055,0.6894936851494273
2021-09-16,252,0.5388705006658405,0.5294979498663658,0.0035287973541021133,0.24721540620127172,0.23468012101615254,1.0305605111089386,7.49250972053735e-41,1.6430241178905755e-19,-0.3113559741279393,0.38827996855158287,0.40644447134785733,0.3454622610056812,0.3183592286246816,0.44219655959203563,-0.6849762711123758,0.5437532793772014,0.5779857229958009,-0.023768162800262865,0.6513820751292956,0.6762750750859083
2021-09-17,252,0.5408165852044117,0.531483588968729,0.003102156962482786,0.3083175041715703,0.2971191220242507,1.0313558964291212,5.401194213787439e-41,1.6105278926418536e-19,-0.27249903845344936,0.45126783071209964,0.4726190643570387,0.38110124212475943,0.27235720465585245,0.4009449872256331,-0.5746476600255076,0.611572361783675,0.6400982648962725,-0.02360413532276016,0.6527185940910012,0.6788130562152488
2021-09-20,252,0.5475977924858901,0.5384026256664977,0.0029939974488699477,0.32612967153608174,0.3106329258508168,1.0368928225820948,1.7437964293475586e-41,6.124276676727995e-20,-0.2854668070773788,0.43353132144944906,0.45708717680217803,0.3741660027501255,0.2818596818085066,0.4099978619371404,-0.5539475084405981,0.6248411948904848,0.6514080130708374,-0.030393851705173343,0.5624719515799836,0.5960371385070887
2021-09-21,252,0.5464223517176188,0.5372032938257005,0.0030892831351392925,0.30890025504118523,0.2921873258376452,1.0345985698456381,1.3587876788733962e-41,5.830139093784766e-20,-0.24611213440863164,0.49928269572497797,0.5240790802181621,0.31322485001426775,0.3689246186643238,0.4902825174462072,-0.506231157243279,0.654257420623239,0.680652008051005,-0.02467967610064429,0.6371508163111697,0.6635200529725819
2021-09-22,252,0.5491642614041419,0.5400009333839009,0.003208087362235886,0.29082964096469716,0.27324188987508335,1.0376405020055874,7.697755698047314e-42,4.2037178113599896e-20,-0.25998340075439835,0.47826557681555903,0.506877883964129,0.3250444240852604,0.3514083062523792,0.4740264653722934,-0.43841624048085825,0.6993764411338889,0.7243923996030909,-0.029224710686379704,0.5743125211768672,0.6088269787456075
2021-09-23,252,0.5484226012640572,0.539244198850725,0.0034219875545361696,0.26013538315438056,0.24753960482587523,1.0366687732837188,7.162696193844962e-42,4.8136097277842666e-20,-0.31682058213837827,0.39384390233461697,0.4243929314333973,0.3050609774947194,0.3768157744952879,0.4910173615134734,-0.43614577247172237,0.6980187761029731,0.7210436069211792,-0.03332950618526036,0.5223254481526363,0.5584909182998643
2021-09-24,252,0.548850684801111,0.5396809832726783,0.0031756734015364048,0.29528913319743777,0.2827280208451304,1.0369322792371123,6.464758790366343e-42,4.182615467851494e-20,-0.3113101123019668,0.4018539605618259,0.4323386260795724,0.28951002361864797,0.40149721047514586,0.5146431675867125,-0.4890619045732403,0.6630081994422372,0.6878393547874091,-0.0315409918377173,0.5438916799521187,0.5777967632778901
2021-09-27,252,0.5490352307456405,0.5398692801510397,0.0031708194760989004,0.29545794385258956,0.2798627365375699,1.0375978858382098,6.234388161826819e-42,4.3032242435451105e-20,-0.3301557467802956,0.3775048418786676,0.411651616200456,0.29247469693068767,0.3966720876946144,0.5102868112617815,-0.5187620276753052,0.6446029190910425,0.6713533459506632,-0.0316977056902053,0.5418126174142303,0.575048157076284
2021-09-28,252,0.549883539948604,0.5407348314109739,0.0030850040504678705,0.30815659890132996,0.28970157638784344,1.0376855017436257,6.508760338404551e-42,4.0968435849605765e-20,-0.32848951054078046,0.38255960903981645,0.4178553679883381,0.29333184937485607,0.3953795897509218,0.5100374775178015,-0.5209829646875839,0.643345795487519,0.6695652925467168,-0.033406822444531886,0.5207929828080706,0.5558054728895225
2021-09-29,252,0.5499627517853816,0.540815653244434,0.0031415118325180892,0.299536477114626,0.28349054803483364,1.0379176954181748,6.161162521534405e-42,4.178033401179165e-20,-0.33293569953080476,0.3765621271051648,0.41271969429672173,0.2967321402185318,0.39023378529969055,0.5061526495364201,-0.5235975718577304,0.639988692702141,0.6653720147842073,-0.033794597391808845,0.5153568047114828,0.5504121832555309
2021-09-30,252,0.5504960789120341,0.5413598203533356,0.003063010212515554,0.31159273875008137,0.29302770564678404,1.036731049301605,4.997021219700738e-42,2.3416771615346808e-20,-0.33145560494580234,0.37905927841827425,0.41524880463935343,0.28485631518688,0.4052167598458931,0.5132252370696945,-0.5370521854289042,0.6311033725379844,0.6563615985084258,-0.03403299290065322,0.5127700597973368,0.548417106536955
2021-10-01,252,0.5530638838696523,0.543979816468629,0.0030619547397451557,0.3118127031509568,0.29534614897171696,1.0357855267571534,3.26934515022084e-42,1.2411297230837373e-20,-0.32583928777341575,0.3895653946116894,0.42806105799953054,0.2868425404051313,0.40252678819834886,0.5119117814819337,-0.5333237488727879,0.6334032402727561,0.6584538389043737,-0.03328569718054501,0.5228912445344436,0.5609373803929645
2021-10-04,252,0.5531784273596124,0.5440966880783038,0.003132783228658764,0.3007754550900368,0.2828711744866069,1.035520027788365,2.88004288763167e-42,1.074299370801299e-20,-0.34421376639673956,0.36487239835031804,0.4027299036769165,0.2847116349229752,0.40577615123120503,0.5145607690070527,-0.524910133106167,0.6378735465539056,0.662544711334561,-0.03530698722580243,0.4994187227465784,0.5394193738399058
2021-10-05,252,0.5534107439993049,0.5443337266009168,0.0030968158735314682,0.30618302570587497,0.28970430932284064,1.0350518542709222,2.7569844015815157e-42,9.824680447945783e-21,-0.35046016311299794,0.3629587276878178,0.40588814240513715,0.28469727259847816,0.4058300106057826,0.5146095893790721,-0.5339888894214577,0.6317836814323514,0.6562530157740217,-0.0355609860679394,0.5005231728304691,0.5450715684379535
2021-10-06,252,0.5504146847970046,0.5412767718863747,0.0030240221952878726,0.3195456053935479,0.3049775556722649,1.028109580971341,5.463691237869678e-42,1.0702906942223984e-20,-0.37517085595989846,0.3327742806439479,0.37499562286741506,0.2650442857798023,0.43957174915941855,0.5442175744773979,-0.6340929070848007,0.5690259592566518,0.5966856978108122,-0.037140219547129566,0.4831203438137466,0.5273025036924155
2021-10-07,252,0.5497131621802985,0.540560990679898,0.003148612907836542,0.300016255235687,0.28301802732134473,1.025725723934071,6.741971065619204e-42,1.1738799156017691e-20,-0.36881974508018556,0.343861207204494,0.38773233191548184,0.26100794145441836,0.4489009619794354,0.5538877853718167,-0.6389224346215565,0.5671031486569862,0.5952697500766203,-0.03804889732361803,0.47330480299831723,0.5169078345798774
2021-10-08,252,0.549472675508043,0.5403156160671496,0.00307862872493179,0.310684273420923,0.29355002327975865,1.025927469816692,6.857451080692592e-42,1.1411326831379931e-20,-0.3574469992180197,0.3574502492585392,0.39956270585889675,0.2635222854214271,0.4447146639683386,0.5498805620130569,-0.6206533703285654,0.5780184961129936,0.6044961848495591,-0.036722014511119866,0.4881836990332151,0.5295107009784428
2021-10-11,252,0.5454358374301145,0.5361967284347916,0.002765589505546733,0.3645807767841768,0.34868430825568464,1.0178136688011414,1.9253774967422404e-41,1.6510941638519092e-20,-0.3582729738210713,0.3586791283086962,0.3992851998952366,0.2410173368520831,0.4866303277075329,0.5866235042262108,-0.6808183255798717,0.5436034948487884,0.5717763362891826,-0.03964292475951392,0.45598687384404113,0.4979446523929075
2021-10-12,252,0.545034680114127,0.5357874175148207,0.0027495480219969196,0.36643525390591813,0.3492339262806994,1.016590724544176,2.1223225900685662e-41,1.9658797348211356e-20,-0.3941755882943332,0.3220249632054342,0.3701640929519444,0.24263396240485363,0.48321787077628053,0.5837751816744575,-0.6891572401510295,0.5382784577400188,0.5671914162684508,-0.04340546957545361,0.4191388760033019,0.4689101926007039
2021-10-13,252,0.5449798863966349,0.5357315101038835,0.002734516585054023,0.36883515505145703,0.3492455064073393,1.0165549724157021,2.1484288953411633e-41,1.9712132909278425e-20,-0.3939211666295078,0.3226472311533517,0.3710198979643383,0.24094716308234443,0.485507312736545,0.5843301052153553,-0.6881544154357503,0.5391570062505614,0.5683373065746644,-0.04332361640937343,0.4200386121635772,0.47035688490822714
2021-10-14,252,0.543745841600112,0.5344723830960492,0.002976634244385836,0.3292858850757283,0.3099648760152881,1.014481742485967,3.3337212608109373e-41,2.5449354649383268e-20,-0.3799485746766459,0.34150488500369025,0.3906033522304876,0.24306820331485635,0.4827800526198729,0.5819956348078092,-0.6957807242891293,0.5355804284959043,0.5638916029462482,-0.044725953849723235,0.4063503793200224,0.4569571133225877
2021-10-15,252,0.5417101267433457,0.5323952919210561,0.002864165061409643,0.34926324341901516,0.33181936772503795,1.010214923610694,5.719787845803386e-41,3.949630007679812e-20,-0.3847769242161577,0.33650120771216874,0.3842846960283187,0.2907500218752699,0.40043449269576536,0.5094651596631684,-0.6050563105619158,0.5929591107517687,0.6207739633023074,-0.04513134029546138,0.4031983723928778,0.45181959743375755
2021-10-18,252,0.5409457658985568,0.5316153952867388,0.0028191777673763495,0.35763936313828526,0.3405849584979096,1.009745871378104,7.096623032827935e-41,4.1993250638831776e-20,-0.40833318808834385,0.30739300342894454,0.35388654164853517,0.289259862838796,0.40343451063309665,0.5122315873824608,-0.6365895866905497,0.5748021735757554,0.6031518209742708,-0.04712672695035978,0.38264511392891565,0.4316782192079358
2021-10-19,252,0.5409346611203436,0.5316040648016515,0.0028403610501754406,0.3543940737359146,0.33898424339304,1.0101985797142963,7.624144337210319e-41,4.896398961632779e-20,-0.4175090720199246,0.2995271743249368,0.3491492734511392,0.28905142560535935,0.4037438163553059,0.5124193291684339,-0.6504298928667667,0.5674632150576643,0.5965652475922614,-0.047386000545894535,0.38016039144585834,0.42863656539983563
2021-10-20,252,0.5426635172342009,0.5333680602674165,0.0031713073427785624,0.3006539002640463,0.28237599486845466,1.0114503320288053,5.479159547151194e-41,4.0900390545521583e-20,-0.42357529090953977,0.29180131989940356,0.3424254184213972,0.2876888368821546,0.40538612331322366,0.5140490948743767,-0.7658398578101039,0.5016466206007363,0.5320997148847869,-0.0466189396924418,0.38751962835525866,0.4365721289550868
2021-10-21,252,0.5416480982630556,0.5323320026992966,0.00342258204163601,0.2641426590796394,0.24640097522617388,1.0101365208844473,6.462412144506849e-41,4.8011984360852207e-20,-0.42941610378532413,0.28658214008392024,0.3373471764631032,0.29130083215919444,0.39976862811204283,0.5090337752293008,-0.7777707807899683,0.4963343608564649,0.5273870499454969,-0.04812113630693443,0.37295288155129913,0.4216475459355803
2021-10-22,252,0.5429172901710755,0.5336269911908128,0.003229439401480629,0.29055160398394997,0.27100668778043224,1.0100515159019443,4.91537539076142e-41,4.351227419101455e-20,-0.43045937530503176,0.28368361173995854,0.33483324385921764,0.3039024425655812,0.378944809841286,0.4900865705167258,-0.8247510884129015,0.47020076925642196,0.5030839979262438,-0.04727490887398572,0.38042198330083643,0.42986662212317117
2021-10-25,252,0.5434779840447257,0.5341990812814071,0.0033472619095203915,0.2738813542070491,0.2540719742737545,1.010977102669083,4.153848512958588e-41,3.6202521853106955e-20,-0.4194911659431185,0.2954405321429351,0.34554535403322784,0.31317178799563006,0.36372550733997766,0.4740639513156033,-0.7915184805451823,0.4872084652644251,0.5180320161560789,-0.0465174935270233,0.38799878284197276,0.43545339016075846
2021-10-26,252,0.5445840901514974,0.5353276692196174,0.003654925429188864,0.23140464201962646,0.21326501337690196,1.0118579878875522,2.6154243665761426e-41,3.5869208345798405e-20,-0.4126776662632912,0.3018993135942594,0.3513897340305189,0.3187082778096738,0.35430540871760585,0.4661456822999652,-0.7410212876977483,0.5149882731742246,0.5466060648893116,-0.040460618574911816,0.45273046069783485,0.49814910474729246
2021-10-27,252,0.5457679021364326,0.5365355424237584,0.00363747457965325,0.23329121935189687,0.21254618564167704,1.0142031992449518,1.9949770949814368e-41,3.3332870457186696e-20,-0.4099127593374676,0.3055368943671608,0.35626919668978596,0.3197262069236697,0.35279742582912177,0.4647235185060964,-0.7340110750426432,0.5188760765792749,0.5503108970586659,-0.04029888175312729,0.454762385073357,0.5022293079304698
2021-10-28,252,0.5455232976725282,0.5362859663244088,0.0038586514042929904,0.2079586088155191,0.19004898662763559,1.015250132506989,2.166779741182686e-41,2.8089924369274077e-20,-0.4002689551353493,0.32249638413685655,0.37947119718792977,0.2980525841823014,0.3875604759574528,0.4953551931449799,-0.8475219922664423,0.45487129539690363,0.4869536579370467,-0.037535028937029334,0.4863705180556571,0.530990898901117
2021-10-29,252,0.5456202513373616,0.536384890592186,0.003922448224528407,0.20043000950162132,0.182398487997515,1.0156584365330996,1.8938547578983917e-41,2.728547495283754e-20,-0.3883914802445189,0.3389649039700918,0.3991018740764213,0.30180275158311476,0.3816509335891347,0.48933216469208907,-0.7737038057802458,0.49361442377650744,0.5228287446738937,-0.03751279112327012,0.4866144364515451,0.5313260356639999
2021-11-01,252,0.5467011248933773,0.5374877331229175,0.0040940586701334125,0.18201459345544732,0.16635393913311092,1.0172877543981973,1.3208458921123996e-41,2.3391884498135063e-20,-0.45176384095908007,0.27608609223335884,0.3454545523706992,0.31776477066528097,0.3576204624978837,0.4670448485274631,-0.7611933349812878,0.4999828747357875,0.5300358695470271,-0.043195046923057465,0.427032033512571,0.47532563913150894
2021-11-02,252,0.5471950777465215,0.5379917256681988,0.004188980404633858,0.17245168166272798,0.1583547524260963,1.01826683855007,1.1229450484426459e-41,2.0345195840043373e-20,-0.4502657850390005,0.2778576563413986,0.34691687858054765,0.32039057212772987,0.35449458617703966,0.4642654262862782,-0.7335658116572674,0.5155431157481059,0.5446310569337931,-0.0434633112653276,0.42435507094801705,0.472508133302208
2021-11-03,252,0.5475656088043874,0.538369787845127,0.0042943695907684465,0.1615780293199364,0.14962626971060294,1.017999546385803,1.0003425397451602e-41,1.7676689474674955e-20,-0.42941297874070616,0.3022215514994941,0.3719289834511964,0.3127448766317176,0.3618974783913288,0.4675051506972058,-0.7899788567654022,0.4826939877757459,0.5100906969889705,-0.04183806295865811,0.4425560732999334,0.4899496354869659
2021-11-04,252,0.5481788950028192,0.5389955392101937,0.0042569454309601094,0.164588892811257,0.14932309206642103,1.0195668875334838,8.352712888153283e-42,1.729487465517101e-20,-0.467933204889772,0.26594914553758076,0.34986719646161624,0.33844541479061996,0.3180721552009288,0.4185606630193638,-0.7517022472382524,0.4968892325706633,0.5160168043262807,-0.04211440839244569,0.43877582149101624,0.48357204716071367
2021-11-05,252,0.5537953493841001,0.5447261491683298,0.004434626373865038,0.14489899519503166,0.13278433156765812,1.0294856470179705,1.7939565520616593e-42,1.102659335718447e-20,-0.39229164301027947,0.35005634653924167,0.4284010165759363,0.3836819352556687,0.25509225833780075,0.3517161510013018,-0.9422506332004064,0.3934992086516391,0.41472732830702497,-0.03506445176409875,0.5168168911875052,0.5522475444213435
2021-11-08,252,0.5569067143970721,0.5479007533075817,0.003888043208579819,0.1996129660357639,0.18397995553520585,1.025395849005998,5.782883142371788e-43,3.65144836939182e-21,-0.3235355299848742,0.4406823053348766,0.5133808795945387,0.3809572938370076,0.25605420007413127,0.35419829070811715,-0.7842313956809694,0.47575726718810807,0.4978169493488157,-0.026628716660732583,0.6225079143430233,0.6449014141135134
2021-11-09,252,0.5566651888728349,0.5476543187279739,0.0037887742993123986,0.21146383387220438,0.1912177731007808,1.0259718008452308,5.8966451403815834e-43,4.390909913591611e-21,-0.3132169544824481,0.4564063256198674,0.5293889146616897,0.39953855327746896,0.2562219666250569,0.3736868133373821,-0.7622910739853125,0.4889511121487101,0.5124530326873107,-0.026089452009948937,0.6299425114760283,0.6547147131827301
2021-11-10,252,0.5569737763550207,0.547969178313456,0.003804739007928653,0.2100887007835023,0.19005976150251547,1.025959441314034,5.940299004279288e-43,4.518914184142518e-21,-0.3153394858827132,0.4577635242583574,0.5342909914036165,0.40489201068789304,0.24576464981740004,0.35755913045587395,-0.7370189255578078,0.4933791375326362,0.5075495410297928,-0.0262981690165648,0.629769862381957,0.6558259479229351
2021-11-11,252,0.5567222174128721,0.5477125063846784,0.00384479622529218,0.20496849352973487,0.18350056949154947,1.0258079308003474,6.211654546496284e-43,4.816520700227983e-21,-0.3260530002825329,0.4468874082653497,0.52890501421189,0.4182536314774546,0.22871578728183195,0.33865655366637004,-0.7103902327341747,0.507710171203535,0.5215810082835017,-0.027793248069826852,0.6106661065533422,0.6395933851687796
2021-11-12,252,0.5587272020902186,0.5497582427831094,0.004010030358864619,0.18522068277731446,0.16493332269975147,1.0295732676533187,3.2420220339066083e-43,4.1633146233664536e-21,-0.33312189821680316,0.43613730715708277,0.519823015757646,0.4322401847556099,0.21294384235137076,0.32377080483714904,-0.725110939662691,0.49807097413651225,0.5129869361147742,-0.02509441486071401,0.6451017197087109,0.6719169790453374
2021-11-15,252,0.5590733067303961,0.5501113820704449,0.003873197103884724,0.2006678160954257,0.18057991877737312,1.0302685613252178,2.9647396425502366e-43,3.742165747347628e-21,-0.333705021392655,0.4352696169754997,0.5189881821094897,0.4258305198900222,0.2198791545476684,0.33079150558972736,-0.7391984581288881,0.4890535575467403,0.5036596462068543,-0.024023722060245646,0.6596125572162426,0.6852221821497969
2021-11-16,252,0.5638834583224785,0.5550193009713094,0.004041138687786329,0.1806442229251793,0.16214403847603753,1.0327890879117425,9.622641697546208e-44,1.69836361851929e-21,-0.32833964839172314,0.4400640128874552,0.5239151565945348,0.42120530771302833,0.22349238570659918,0.33596186128770855,-0.8203050519477056,0.4393592328823106,0.45293742663497794,-0.023339886485305696,0.6676937693610365,0.6940280770247221
2021-11-17,252,0.5637181307376584,0.5548506130697246,0.004131005635071204,0.17103342658515525,0.15232096186730254,1.0342617623484058,9.83966976046077e-44,2.0544821153237458e-21,-0.3333827642668892,0.4331258302948986,0.517838062543081,0.4203965582715547,0.22371348691112428,0.334322163988087,-0.8379797228038856,0.4298671442879367,0.44406569159314824,-0.023173162114400986,0.669772304787231,0.6955613883672747
2021-11-18,252,0.5658835862467272,0.5570600819021485,0.0041524751796864785,0.16891350656596293,0.1522857301696354,1.0357911537224482,4.620027012884362e-44,9.588102124339677e-22,-0.34520046967658724,0.4168640488141848,0.5039347959185734,0.42079757563454845,0.22252943905458403,0.3326696054178485,-0.8354945341885668,0.43011680118029627,0.443833733850044,-0.0238233230392855,0.6606150645991753,0.6877333239912953
2021-11-19,252,0.5649037212313577,0.556060300931182,0.004370517269073532,0.14897650894005796,0.13349223940139188,1.037282774253124,5.17851014965176e-44,9.99120321293486e-22,-0.309673328774556,0.46715774209279226,0.547439240490764,0.418835861519089,0.22649667175631125,0.3370241465849053,-0.7099186559556516,0.5011357125356694,0.5125897947798221,-0.02111313732525469,0.6977158691118286,0.720212573612391
2021-11-22,252,0.5648544564377049,0.5560100348205852,0.004228520831352821,0.16205536826533834,0.14485009473475502,1.0357169682918146,7.084922556649399e-44,1.5478193826098577e-21,-0.29875585508741076,0.4826005414717828,0.5612811002999097,0.4181354568721092,0.22327888626181908,0.336529705676172,-0.7290118713141119,0.4897721136561525,0.5017160899931465,-0.020956892250364463,0.6996989938616307,0.7223136621420223
2021-11-23,252,0.5864431059179855,0.5780374779894893,0.003543864423281822,0.22422816573561907,0.21182418652530322,1.0469962968050754,1.2739942847590112e-46,5.919391456832049e-22,-0.29106216085601616,0.4779195396963205,0.5719324110037817,0.5744617041980062,0.08454723257697463,0.16678137748315514,-0.6332414476207394,0.5336579926108973,0.5604330771259155,-0.012616572922392218,0.8098854333559236,0.8275327081651869
2021-11-24,252,0.5881145297849839,0.5797428738863047,0.0036925844017284826,0.20460753827321423,0.18964576947993494,1.0476134624964808,8.558039075144937e-47,4.708670595694319e-22,-0.2657314458239993,0.5172280476657489,0.6068869457443565,0.5241955443584558,0.1193522629230929,0.21592780966810465,-0.7352436388514375,0.47029072249044546,0.49723516248465527,-0.010710862342564409,0.8379207488029405,0.8532295140828938
2021-11-26,252,0.5891476567191236,0.580796999335366,0.003831763039618719,0.18764101144990195,0.16828798346986495,1.0456864366509317,9.791638455936687e-47,6.714287688527114e-22,-0.2703959827896453,0.5067509426168384,0.6013616889524769,0.5220576082412798,0.11902211491002379,0.2235032432786206,-0.7420293645095283,0.45560020456596684,0.48363740197313954,-0.014173902826450133,0.7746537341886538,0.7904968330312645
2021-11-29,252,0.5877857992966994,0.5794074618840307,0.003894747174617765,0.18110471762417268,0.162967929742026,1.0471993818525247,3.060785650658155e-46,3.883063511632687e-21,-0.272750842168191,0.504143612661366,0.5998964635407591,0.5254104528644159,0.12026723867792537,0.23136351168422986,-0.7095459586821977,0.47647713384880697,0.5067429078751333,-0.0165706826847353,0.7362682131093794,0.7557929238231479
2021-11-30,252,0.5774339490018632,0.5688452081279174,0.00403775789387129,0.16579685169883684,0.14726474905015172,1.0408698349962635,6.791037486061522e-45,6.545783387767316e-20,-0.2759404263907685,0.5000277369762172,0.5949443049163137,0.49878485752944923,0.1398234894290362,0.25837021924299064,-0.8494936632135915,0.3916701353995422,0.424402749663349,-0.012586267650759743,0.7979138230223706,0.8119573433438994
2021-12-01,252,0.576352656199322,0.5677419378293895,0.004008027851063766,0.1687959190193994,0.14766200243515432,1.0382031531057359,1.2344501623921624e-44,8.186684574438478e-20,-0.2471800437917731,0.5463295091702947,0.633870328805011,0.5023878799808927,0.1380923389967064,0.2567653940561926,-0.8750844538142407,0.37854486556334344,0.4104813679387912,-0.011706842041989969,0.8122090459503883,0.8259707377763068
2021-12-02,252,0.5766534023463343,0.5680487967029672,0.00405942589730777,0.1631882800719573,0.14501022903204128,1.0385655379557541,1.0178718312855881e-44,6.63075319033129e-20,-0.2483459462384671,0.5443903050973882,0.6324318172371198,0.5047105548651905,0.1350071521233724,0.2506606629722309,-0.8828573304658931,0.3743602170984268,0.40588008581716395,-0.011616619446085358,0.8131772196891289,0.8260911228784972
2021-12-03,252,0.577915801821109,0.5693368547036519,0.0038978117231201013,0.18040171603014998,0.1585303467873741,1.0397987275747038,8.568151860744502e-45,5.279566785154942e-20,-0.2226626100062852,0.5847261550920714,0.664160012194642,0.48792335042191565,0.14713090285802408,0.26340687633952276,-0.8712246707016575,0.38253604980459255,0.41426926470556,-0.010498490765183006,0.8308303733994995,0.8426987721091427
2021-12-06,252,0.5699928643977121,0.5612528819667714,0.004478102433016104,0.12622647019933825,0.10750602451443526,1.0241664020442574,1.0634370972349452e-43,1.7858398896065564e-19,-0.21132842700733775,0.6065620926541273,0.6801149634663264,0.4745865507336999,0.16109688567373295,0.28027249467902593,-0.8303166619495638,0.4080852508669448,0.4360946264393568,-0.018310150775686748,0.7102682632248504,0.729132489651225
2021-12-07,252,0.5695905661114811,0.5608424068861046,0.0044183320881848644,0.1313730899674172,0.11411494917094887,1.0248836841337425,9.718374905262893e-44,1.5313216644095276e-19,-0.22481420173182926,0.5827064837160244,0.657108683530047,0.46965557049048856,0.16818021104142242,0.294096573638191,-0.8520880561441914,0.3965654647842284,0.42762763638066625,-0.017759684150108715,0.7187109077932854,0.7380819692200372
2021-12-08,252,0.5677719479945627,0.5589868249863221,0.004616765240539043,0.11460854154970343,0.09966573714919708,1.0219635058562313,1.730580249830072e-43,2.5236571648223115e-19,-0.228748505834631,0.5759355178322243,0.65117985633088,0.4691137971007321,0.1686860884711979,0.29448401472675056,-0.8832759439376738,0.37730142736253003,0.40479496206773846,-0.019778666114549565,0.6876096951586381,0.7087678132466226
2021-12-09,252,0.5702615309216629,0.5615270091924285,0.004424694457896771,0.13041463859195235,0.11304792730664105,1.0223219436352335,1.389610807977471e-43,1.9177083667046282e-19,-0.19296731297976305,0.6381868494598326,0.7060193748523633,0.49173518462166504,0.15228493638860674,0.2750314330034177,-0.8659805000666143,0.3870933195519004,0.41525362260782417,-0.017919136803158597,0.7157128744884811,0.7359489764413535
2021-12-10,252,0.5690392967013163,0.5602799328131316,0.004229509143436565,0.14889540261608264,0.12960829068745558,1.024259518441096,1.507822822009171e-43,1.4425810252380831e-19,-0.1579959633118197,0.7006050014031859,0.7577487006770091,0.48290902518772727,0.1611253737711651,0.28402118250821573,-0.8457217992579859,0.4004654207838859,0.426757476102805,-0.010776984673991304,0.8260091906898684,0.8372477893148286
2021-12-13,252,0.5689511222358166,0.5601899661836991,0.004189577152308253,0.1527144201764276,0.13270356106864942,1.023750730206203,1.6733756170522452e-43,1.4598029301942723e-19,-0.14376557103637322,0.7260676316245754,0.7786977746759751,0.4806488775634228,0.16323932998117163,0.28622333432673375,-0.8523498658374399,0.39699454622125707,0.42341459769171497,-0.010255558663782402,0.834369071215548,0.8453718401848918
2021-12-14,252,0.5675822575736841,0.5587932790690842,0.00415223636841886,0.15615717326084647,0.13602357995837674,1.0233704836605404,2.3913642150446966e-43,2.4047120315856777e-19,-0.14366136577737298,0.7266484799331208,0.7792989251887475,0.4843810957338358,0.1606735034204092,0.28238276779511806,-0.8477865336000974,0.40084304906844437,0.4274854546079092,-0.010629941346270232,0.8292130156530302,0.8417239816510168
2021-12-15,252,0.5688589457097415,0.5600959161509964,0.004278181015988732,0.14432078249820496,0.12508940461838258,1.0237891576435505,2.2571884479922032e-43,2.351375162309641e-19,-0.1257059267620834,0.75913890692981,0.8057392263779464,0.48631187215963034,0.15975615683504824,0.28142845681846484,-0.8524454504232274,0.39835582384428503,0.4242459238429501,-0.010681363981661071,0.8284351281489,0.8411602442604632
2021-12-16,252,0.567734065277807,0.5589481722956486,0.004313053574595009,0.13979027126847646,0.11471890241862054,1.0274250043472564,3.098178762199512e-43,4.559487534022904e-19,-0.11022850744573412,0.7840388930295962,0.8227053347872841,0.48490343139822706,0.1589298524784764,0.27726145883890474,-0.8310331443148947,0.40854213412253537,0.4337350255925819,-0.009284376741714166,0.8497013192087981,0.8609478450387444
2021-12-17,252,0.5730382174629587,0.5643601324520433,0.00466766003548052,0.10843294011611626,0.08312659421872211,1.0347477128173281,7.605131763652508e-44,4.1666012466349996e-19,-0.09566992793140025,0.8107549802349966,0.8464951555216081,0.5278664140217143,0.12279115613110689,0.23353689000061617,-0.9528470216123792,0.3387968550528353,0.3537310618500661,-0.006682200632167026,0.890840670901656,0.899524779925742
2021-12-20,252,0.5729977720683797,0.5643188649965988,0.004646227467880975,0.10981744503972929,0.08390344611043997,1.0345769252443775,7.57151467997452e-44,4.052411156029452e-19,-0.09304203201965919,0.8154374254571212,0.8498906243189164,0.5289303218816114,0.1217735752749355,0.2328811979289015,-0.9504666742977432,0.34001706004321297,0.35491678944871596,-0.006570713386174071,0.8926644853541541,0.9011398445807925
2021-12-21,252,0.5732277286934446,0.5645534955368073,0.004770730297307196,0.09981898829155485,0.07497296455660275,1.0332161062026548,6.119459351980579e-44,4.42907856189275e-19,-0.06448631991898131,0.8708467670497678,0.8946829559565292,0.520855421706245,0.12651320047581793,0.23826713750302841,-0.970059802388198,0.32889498278328166,0.34435534019068004,0.0014127759207000004,0.9770163491752901,0.9788756257323061
2021-12-22,252,0.5727612126367416,0.5640774974464315,0.004697012117360645,0.10471130071259843,0.07910478154285144,1.0337810098852596,6.454016032369645e-44,4.522632565930722e-19,-0.0635740980732389,0.8727056411268546,0.8961821782072708,0.5189373748230535,0.12801789217923285,0.240260350340749,-0.9563530109611152,0.3390385210895407,0.3569265514224159,0.0023969412169145415,0.9609536564368737,0.9640145214546655
2021-12-23,252,0.5737346859186547,0.5650707567706599,0.0049580512022204554,0.08588448312789514,0.06314624079859867,1.0290008512939348,6.312226136359966e-44,5.384456882135394e-19,-0.10990780770895824,0.781226599873462,0.8208772846157796,0.5148645517664762,0.12905214641700255,0.24368407101169665,-1.0492423978752683,0.29288539304936356,0.31100176953576286,-0.003070021145816282,0.9498888620398471,0.9538608751916678
2021-12-27,252,0.5734560723771278,0.5647864803522726,0.004829020459256749,0.09460966240701664,0.07114119207641616,1.029114970832282,6.067635397481343e-44,4.945778026599611e-19,-0.11633677707766604,0.767866361132845,0.8091301825761701,0.5141343940986325,0.1295931741614353,0.2441196975052734,-1.051463703717814,0.29178739511816887,0.31025993265231355,-0.002858593074567435,0.9533477454420212,0.9570401364502039
2021-12-28,252,0.5657082437609127,0.5568811755446711,0.004703080787320913,0.10247484818405896,0.07769656629420399,1.0205665433527245,6.327139981730328e-43,2.1295214067639884e-18,-0.1313319155278453,0.7385290172657586,0.784805534835801,0.5118940350556831,0.13066546737923698,0.24712320201629168,-1.0675666057488669,0.28380347861121363,0.3028312924265566,-0.005611811922902457,0.9084804541347169,0.9157906969358371
2021-12-29,252,0.5663613183282608,0.5575475239853392,0.004650851592728798,0.10635052842149154,0.08343231538158352,1.0226507456548979,4.483526290573327e-43,1.6714537362091704e-18,-0.12050370568988719,0.7592493843207727,0.8018365752808231,0.5193113511277441,0.12498905127791334,0.236713822433122,-1.0515730723990027,0.2914237096730722,0.30586735200857607,-0.003322119572739486,0.9457423166947156,0.9500814668674106
2021-12-30,252,0.5676307295850913,0.5588427362839753,0.004824805347350188,0.09362669536795658,0.07513398317336485,1.0258768961263727,2.9414449474245645e-43,3.1872502011879927e-18,-0.12850217932146457,0.7435031580365224,0.7895507891287713,0.5227248510666811,0.12175155769274489,0.23396914854624384,-1.1131160511576226,0.2645920443568859,0.274327940754753,-0.0034372439268345392,0.943776324380087,0.9483169957931623
2021-12-31,252,0.5680496032391646,0.5592701236302047,0.004901282202953046,0.08792464590757333,0.0713989885303603,1.026386520244905,2.4663684382411974e-43,3.5657923027324475e-18,-0.1239119830814777,0.7515984213961587,0.7956168242024723,0.529937280683795,0.1166267898654204,0.2327781663379317,-1.066478607794503,0.28534414912284944,0.3004892456599766,-0.0031768004812138123,0.9479223707701485,0.9521208309364244
2022-01-03,252,0.5722779996749428,0.56358446308297,0.004080774541058317,0.13265758760983096,0.12339256303142564,0.9667803576836396,3.6348830165891126e-42,6.977457233706088e-20,-0.060490282685007266,0.8696245720413934,0.8967560796804794,0.1404125794250801,0.6657929405651093,0.6366788153904033,-1.3597893889436539,0.14909797300243668,0.173412993945956,-0.026627661520180472,0.5639842620619857,0.5933348177782122
2022-01-04,252,0.5712329808503201,0.5625182040383347,0.004220780115716575,0.11980843943849072,0.1094590286807371,0.9682285994323382,3.7441639485929364e-42,9.470261867743087e-20,-0.07384641325398054,0.8403138126248996,0.8726634993821208,0.14734421304192322,0.6496566782142594,0.6186184610687562,-1.382693358400747,0.14368407363660596,0.16997146800186158,-0.027813714374442088,0.5458024189530191,0.5752981622175233
2022-01-05,252,0.5699359295599097,0.5611947899168184,0.004044355551053267,0.1356089549174909,0.12095128285873341,0.9667686921083154,7.791724266922581e-42,2.4169570455416895e-19,-0.03435914754116323,0.9244388933026796,0.9393143956797276,0.1620874094812671,0.6215702483527086,0.5961029681597547,-1.3401372673670737,0.1566862111524595,0.1841368756250944,-0.025869164333387033,0.574046747924961,0.6007866737584429
2022-01-06,252,0.5725139952190537,0.5638252552844816,0.0040690998685197766,0.13190307850643074,0.11825607018018654,0.9726714521151628,3.248571489391379e-42,2.3988860093634157e-19,0.023356613917022817,0.9488329593731056,0.9593868080293486,0.22066631782121882,0.4968239787784514,0.473500252267415,-1.1697215600455126,0.21708434350099673,0.24999175151066655,-0.022914330035327547,0.6179702957682707,0.6455396438687853
2022-01-07,252,0.573748627630401,0.5650849818505311,0.003960685766489582,0.14225214395177108,0.12744049353623632,0.975863363166588,1.991524529512199e-42,1.2600360481663232e-19,0.08489124249929669,0.8145737357352523,0.8519014410803784,0.16097658619870253,0.6349307833664402,0.6162666343527472,-1.1020389792797114,0.24301168528059244,0.2776985950162122,-0.01693295712686279,0.7110022816164986,0.7303091629557983
2022-01-10,252,0.5671856950032936,0.5583886562838485,0.0037342251836489683,0.16698410926046758,0.15411425364525091,0.9793089856735643,6.253917361408565e-42,4.712464330965185e-19,0.073075455859264,0.8401590834242927,0.8719827227113257,0.13402175776951658,0.6941700446781945,0.6799232184511914,-1.2037484947434576,0.2047146469364686,0.23873169408211703,-0.018995579032062504,0.6779680185527426,0.698316155582827
2022-01-11,252,0.5668769135461473,0.5580735987808252,0.003835374116725918,0.15629437544166905,0.14241834291109798,0.9785990045739105,1.1334548078006301e-41,8.381272205304404e-19,0.08052518936914374,0.8238492821253456,0.8588751426536843,0.13402040401226423,0.6951775953989292,0.6816286966145465,-1.2426992332334466,0.19483549149447527,0.23231784725702642,-0.01866650430523678,0.6832350775391594,0.7035159035315539
2022-01-12,252,0.5652203829663212,0.5563833988802708,0.003886388992093097,0.15024188499888957,0.13777821099856086,0.9815086239378334,2.3831549704391495e-41,2.293710978697209e-18,0.0784725305031874,0.8281216559656955,0.8620462222062478,0.14538234319477542,0.6718935605135563,0.65819031666697,-1.2068701773885975,0.20651984788902442,0.2404871246548288,-0.01894318115126908,0.6786359462005864,0.6985801485995293
2022-01-13,252,0.5642966759510869,0.5554409173322066,0.0037557097610848877,0.1637706069798609,0.14753431337261344,0.9793633792440031,4.0100237679006e-41,3.918746776960498e-18,0.08337835630857052,0.8164419143133836,0.8515365133969857,0.15163882148009403,0.6581062295538558,0.6439035883863007,-1.1772182191621674,0.21577717242830075,0.24873882159348382,-0.02000673777912427,0.6618440285335877,0.6830769452412779
2022-01-14,252,0.5643660754789623,0.5555117274195916,0.003672145815889165,0.1730153864610971,0.15317280216929183,0.9824398547478825,3.3411798148898244e-41,4.673061466517527e-18,0.08820147795603592,0.8058902153017988,0.8439367537498181,0.1622032719528378,0.6358825299635447,0.6216197646087511,-1.209280722192121,0.20276048772018437,0.23553522195013832,-0.01966183343408004,0.6669740304305702,0.6899811826809357
2022-01-18,252,0.5840863363184812,0.5756328065688568,0.0029209022535442563,0.2617331582872993,0.23987255308777244,0.9941177560803669,8.684713769778869e-44,2.8242043728042696e-18,-0.02264601056703333,0.9479667065403836,0.9570691685605713,0.14959465575376601,0.6510274079552798,0.6452674431970205,-1.0800530772331778,0.23739308624189337,0.2928132432005369,-0.027444108620715054,0.5345623621013265,0.5683006265673104
2022-01-19,252,0.584290863309131,0.5758414906121622,0.002823916734429147,0.27756144630616925,0.2535965917109201,0.9945729272095274,8.953544893710985e-44,2.8802210074334136e-18,-0.02465425830109788,0.9435341376922789,0.9536090612898299,0.12818934783698357,0.6981556436325786,0.693568542206713,-1.0923652789635643,0.23283135573742442,0.2885575531652471,-0.027535688934659023,0.5333893426303753,0.5673585882757854
2022-01-20,252,0.5712521088253784,0.5625377207933739,0.0031663003651161694,0.22065567897752883,0.2030167790586319,0.9702084696556033,2.33957392793379e-41,8.894296722469456e-17,0.011364367850305396,0.9737744233400187,0.9789116976991269,0.08403634682928648,0.7983567146525199,0.794970719226278,-1.2797690128682002,0.1616433742795537,0.2065356759143604,-0.027323577087694464,0.5336109978835115,0.5700282980326817
2022-01-21,252,0.5772205939452598,0.5686275165864236,0.0028025374891544573,0.27873475459805935,0.2581894315428518,0.975444382118295,1.0332189041118978e-41,5.170338857174625e-17,0.06057151372314051,0.8602422206637939,0.8878971568542161,0.12110517692968689,0.7126177333603776,0.7080585665608203,-1.1832891070123825,0.19474650302838478,0.23989347296052876,-0.02548996640427056,0.5619815843547867,0.594680186759093
2022-01-24,252,0.5819631696025431,0.5734664860578794,0.002302575646083532,0.37026249871891403,0.35445053631373247,0.978181685851237,3.1611620860475315e-42,2.265204059751067e-17,-0.05511085051737527,0.872201248816683,0.8932530666838612,0.08727565744403726,0.7887760311909229,0.7846437542240363,-1.3365870625731802,0.13937394798592187,0.18120047924965033,-0.03897182507160514,0.37333894851084104,0.3988373679804085
2022-01-25,252,0.5819124482387866,0.5734147337720954,0.0022335027953908513,0.38483694898447085,0.367901899712335,0.9779269357347928,2.7241345068171936e-42,2.055929653460222e-17,-0.048272417040873705,0.8864319573811281,0.9041412974922038,0.09024138479784675,0.7816459471334107,0.77782214538585,-1.318502078951996,0.14559745478873506,0.18968928911775074,-0.03844656226237951,0.37750985085823396,0.4015160924912834
2022-01-26,252,0.5788459548858631,0.5702859133185025,0.002252910898220584,0.3807709835796538,0.36714668048783106,0.9780748821565254,2.7612694080439256e-42,1.9328059392879082e-17,-0.05943357930233645,0.8628388825997318,0.8847737192965055,0.08334256313823353,0.797849740748496,0.7950259897855684,-1.3083350685432589,0.14855918880228436,0.19500372947701106,-0.04182142417815709,0.36787797743860184,0.41201989779937753
2022-01-27,252,0.5793224579661224,0.5707721014207183,0.0023775031093679145,0.35434077953315524,0.34373604918391265,0.9844282494883309,1.7834669941939448e-42,2.4027555579930193e-17,-0.09803177067413357,0.775751110781838,0.8104010569961467,0.08011921772753802,0.8046795483510268,0.8020169136795761,-1.3952949753097137,0.1218796941841346,0.1668862947840355,-0.04917395056230165,0.29353514769897304,0.3388829943703514
2022-01-28,252,0.5791493534187653,0.5705954784882524,0.0024311382046855934,0.3440114404786596,0.33467407245114056,0.9816727783687546,3.973266317104098e-42,3.796542443985303e-17,-0.04448830229519751,0.8961633608640851,0.9128846626774476,0.06414377787757894,0.8433285882535653,0.8416643731150364,-1.4015864855155518,0.12066852744796722,0.16454527589372736,-0.04622834421590915,0.3222345334694522,0.366674754306747
2022-01-31,252,0.5800737380290084,0.5715386514035818,0.0024715134173205885,0.33555386578816193,0.32638960999055566,0.981816876736002,4.541094962116262e-42,4.455987687405688e-17,-0.03639682795763091,0.9148256092367031,0.9299658120151257,0.04718549143887066,0.8849597910075768,0.8861573914965654,-1.4967991280156236,0.09910692494248746,0.14621094982571253,-0.0453380733903334,0.33082918101595615,0.37844069086385423
2022-02-01,252,0.5775328056606268,0.5689460740683632,0.002404185820364593,0.34804446261917754,0.3383981578402686,0.979208891356879,5.863443969814746e-42,8.582205026305779e-17,-0.037646327156203724,0.911702488837635,0.9273340266444269,0.08227119629555718,0.801669210618292,0.8029754678296597,-1.5022623516941285,0.09732653700855956,0.14438785027086296,-0.04327393830172827,0.3525608708484369,0.38804701565622113
2022-02-02,252,0.5757431789217562,0.5671200728022797,0.002260986056448442,0.37682423628136597,0.3688916487132714,0.9763416695032776,6.738574575720367e-42,1.6369525812750867e-16,-0.0095348029978429,0.9776875174571973,0.9816345810882583,0.0825610131676183,0.8007181219248752,0.8026352766646228,-1.483331876155397,0.09991273871891314,0.14730740552466312,-0.03892517010709584,0.4058272198557231,0.43213288898794555
2022-02-03,252,0.5752816376245913,0.5666491505844407,0.0022812067807468253,0.37176181029036626,0.3561142457852231,0.9735414813124075,9.440457763959216e-42,2.6799756012727483e-16,0.031638796024831745,0.9238305526973982,0.9347452711272896,0.06406584250245635,0.845846364224665,0.8488297980631984,-1.4248907612528927,0.10783941473126858,0.14648590400330697,-0.03676096917876819,0.4286858256621485,0.448094976040012
2022-02-04,252,0.5788974596989402,0.570338464977374,0.002138841975913826,0.4019941370486222,0.39296874360590117,0.9712089417512321,3.428072781525852e-42,1.3899585203777824e-16,0.03333125036113098,0.9195273761564298,0.930871929733166,0.05137703056844509,0.875984574214415,0.8798847574133675,-1.383400248161312,0.11828695789634837,0.1573044727019134,-0.036466727829422355,0.4313652891954336,0.44693276218060884
2022-02-07,252,0.6147694854884844,0.6069395969821528,0.0027862241572417846,0.2544282443494652,0.2460282467784316,1.045181254568555,5.004577708137307e-47,1.018979992934401e-27,0.09788497980717249,0.7561744668988241,0.7957669523491531,0.21770396591341945,0.4919976874453089,0.4724400969930461,-1.2033486553718733,0.15616947674493212,0.20270103122049477,-0.016139745116595893,0.7168831560796469,0.7121464763751999
2022-02-08,252,0.6145205677293759,0.6066856199189974,0.002746788191053967,0.2617481331825525,0.2546665200647006,1.0452648605814003,5.165669378178437e-47,9.063948172128481e-28,0.09160996704622532,0.7711324996698226,0.8077644840097361,0.21023201104625183,0.5069468543722409,0.48652701925006603,-1.2381392512542404,0.14620632881539888,0.19325879482808295,-0.016078759573343097,0.7180975658400115,0.7131406343383699
2022-02-09,252,0.6147133770547453,0.6068823481330938,0.002761060620324548,0.2594569387940955,0.25396516350783516,1.0457575229383393,5.57011755445227e-47,8.556729512560198e-28,0.11046445098481068,0.7244985222548463,0.7675238396921605,0.21208027060843976,0.5032806902417184,0.48237068391190907,-1.2334976387509482,0.14786858595836494,0.19463189296616068,-0.01501617950340739,0.7358508183269294,0.731043538191255
2022-02-10,252,0.6170548746434017,0.6092714371361538,0.0028319947070744294,0.24665217825787478,0.23728583815402504,1.0506381374612728,3.5019870033601565e-47,3.9271317396573885e-28,0.11005311872353275,0.7250024353285136,0.7678845289843332,0.18763543744307817,0.5535601992125407,0.5309924744478477,-1.244439217188749,0.1436564979604079,0.19051194630204593,-0.018321649899992347,0.6791902110822925,0.6741226766877002
2022-02-11,252,0.6191523327611994,0.6114115265165083,0.0026357975626445608,0.2801817648319335,0.2730483182125022,1.0517333643243223,2.3781315663503297e-47,2.315293833928457e-28,0.12272800840340468,0.6929818121212454,0.7406128451400482,0.18456172730085207,0.5582397957508853,0.5361385608246065,-1.2754252026606643,0.13136144888720183,0.1753216442513562,-0.016172458579139112,0.714792838858102,0.7099989778314875
2022-02-14,252,0.6237760542728715,0.6161292261076861,0.002926157939920202,0.22800381267150158,0.21506070488391615,1.0568833054721551,5.0714889208352743e-48,8.82709939886174e-29,0.13714039307412623,0.6568630044747077,0.7107380194584645,0.12320308938742161,0.6921849980559509,0.6717167239040067,-1.35458444845774,0.10482128863147284,0.14531323586372288,-0.011212181298813743,0.798865021434569,0.7963425255798668
2022-02-15,252,0.625640812080724,0.6180318854969988,0.0030895699419714448,0.2029000473769128,0.18953785955984626,1.0598592390876589,6.004549384620054e-48,1.1712275522746175e-28,0.1460284609944229,0.6349831083396043,0.6916171455922195,0.09802358499158902,0.7521582683864573,0.736546693692701,-1.3748261021388524,0.09881253266936253,0.13662203135882822,-0.010912601987981933,0.8040781808880257,0.8011607107355438
2022-02-16,252,0.6274703264236596,0.6198985850908072,0.0028248382891511025,0.2427871053727592,0.23889813287840167,1.0606814538528955,3.243888767114205e-48,8.440340102499393e-29,0.16283039524273016,0.5947963270551818,0.6601724259864539,0.10855159870633975,0.7257045554023289,0.7079854476445957,-1.2630126750277189,0.1293072156439319,0.17777066577518208,-0.010456244508560277,0.8110131652285849,0.8083540030850609
2022-02-17,252,0.6364793074179165,0.629090675454866,0.003193452583804442,0.1834468605354427,0.1686661590627413,1.0736161045716965,3.3252069055244656e-49,1.6608121125378356e-29,0.13359834781130298,0.658710406863402,0.7124241115592058,0.11298261253782144,0.7104651537406222,0.6886558370009155,-1.3354305634465482,0.10592912591189967,0.14931162999550895,-0.011548936430942128,0.7899311249569188,0.7880988281130737
2022-02-18,252,0.6381672651823016,0.6308129413038931,0.003412206413916566,0.15275606981381903,0.13801302802896082,1.0739305617654957,1.2302276012413134e-49,2.3942344229228888e-29,0.063241542820555,0.8343379811817784,0.8584804146139822,0.1641047511822507,0.5889456839682794,0.5600632591446333,-1.4350361491467756,0.08081762737129224,0.11952864086041576,-0.01593357810586954,0.7111803105636725,0.7098908760389161
2022-02-22,252,0.6332019973137022,0.6257467533566636,0.0034325061726748537,0.15017221248791662,0.13476908505890536,1.0710803856349869,8.053708703954053e-49,4.588702170930182e-28,0.06472105540033565,0.8302428866193049,0.8548812299751987,0.1605974254808715,0.5968380733717358,0.5674304428503686,-1.4294493276497748,0.08192760406589535,0.1213746340374505,-0.016572935234610207,0.7003991360506194,0.6995871368918676
2022-02-23,252,0.6329579875966288,0.6254977840924952,0.0034262038524317923,0.15100734797291962,0.13409705549984274,1.0710984982536311,7.993332271944398e-49,5.018728317983536e-28,0.0524318722648793,0.8608444801527907,0.8799256266303344,0.16605808848377634,0.5845901779477619,0.5548535514638373,-1.4258793989888128,0.08268486598952611,0.12260108530724208,-0.017013719163599353,0.6922401159414677,0.6901883520449061
2022-02-24,252,0.6301576093574905,0.622640487596464,0.0035604016733117427,0.13600183503055568,0.121811171115311,1.069245753755546,8.331658109472152e-49,7.573146708340152e-28,0.01323044038337233,0.9635379009680887,0.9674314153283939,0.11125586958676248,0.7122186004474327,0.6834860066074167,-1.604913706870526,0.044157891281260644,0.06351283644518907,-0.014622911288991888,0.7323727125901771,0.7245437263895964
2022-02-25,252,0.6307682716871248,0.6232635617620663,0.00366210438685073,0.12478913583244204,0.11075020804999564,1.0690745603655138,1.0854867170788375e-48,7.374897540581143e-28,0.017460437246377594,0.9519386153917984,0.9569864031185803,0.07964001742900614,0.7894587416196949,0.7671851731589601,-1.7156985742651298,0.030091172394206885,0.04588222835196034,-0.014692490025734781,0.7313721361007398,0.7235934943178246
2022-02-28,252,0.6269552496382491,0.6193730392650428,0.0034821707935937213,0.14578783465870362,0.1270631185204714,1.0572629891068352,1.823145007850712e-48,1.0287956359013974e-27,-0.011640557916311467,0.9680368113991904,0.9715004670097138,0.05183532271960966,0.8621554733250947,0.8503161595163468,-1.7601594214905572,0.026656277017122997,0.04226207356323715,-0.021861416472098414,0.6080039911448334,0.6006955664475934
2022-03-01,252,0.62693772228374,0.6193551556634909,0.003606572040836514,0.13220195521457928,0.11683228270730144,1.0567926751933787,8.5071020275229e-49,1.0117931568940043e-27,-0.03564297333047106,0.9027087427685971,0.9149997999836509,0.056666148561844897,0.8452851695210001,0.8283978290809735,-1.7973475890764328,0.02127971470635617,0.03201892093559563,-0.02378775876357095,0.5769758268139946,0.5718851561771272
2022-03-02,252,0.6260102839427832,0.6184088669497504,0.003552762629616654,0.13809844789891426,0.12336292559612497,1.0553629654294236,1.873985778144362e-48,3.7177718148080264e-27,-0.025820311886029484,0.9299764326401656,0.9392633336539719,0.06290812705539316,0.8280531337059153,0.8107833562704935,-1.7914148128080456,0.021688802958035224,0.03282664257100733,-0.023398130083174373,0.5833993006211958,0.5784132219818474
2022-03-03,252,0.6276153769626788,0.6200465838115137,0.00343093302721278,0.15152479210968842,0.13481195083955871,1.05657972420172,1.2984198426894188e-48,2.6600617449444867e-27,-0.003721894302905107,0.9898491401690643,0.9909916362333291,0.06842306833763388,0.812504025727214,0.7922331672307268,-1.8583847123038146,0.01728475799513631,0.02652626262107042,-0.02145649112527012,0.6129446071934523,0.6047407583757023
2022-03-04,252,0.6300994576802638,0.622581153974578,0.0035180699954661192,0.14186113173141202,0.12464036562541068,1.054233218352056,1.2600649315228326e-48,1.712151921721871e-27,-0.010279941897879508,0.9719384231663102,0.9751760808031127,0.0922266653449903,0.746057268113308,0.712210193399908,-1.7637220766338835,0.02194435594358382,0.030250515210684715,-0.023869042318336156,0.5745565104240457,0.5713502282500986
2022-03-07,252,0.6334828260121157,0.6260332899554514,0.0029470950908601955,0.20962559435479972,0.2002956802790402,1.0295431845362635,6.660125083117856e-48,3.784878702145657e-26,0.16150799235406713,0.5741270403930013,0.5433360813852729,0.1460173654614676,0.5982636897463274,0.5353407416701617,-1.8159217593231003,0.01545233148779742,0.023637501190627606,-0.01035995035944541,0.8040823693590395,0.7929331887241735
2022-03-08,252,0.6368668358349039,0.6294860804656947,0.003107208027091689,0.18394625520816446,0.17106829525791145,1.031751130638658,2.4255888965291138e-48,2.83273451524561e-26,0.2531281756605947,0.38728346446599493,0.33685830570487996,0.21347928961819157,0.440054616029365,0.35849148115319773,-1.7988117990656494,0.01599749098249175,0.025451118651743636,-0.0017316790279152568,0.9670759330736427,0.9652006540294494
2022-03-09,252,0.6398873855989966,0.6325680235176754,0.0030934869424872717,0.18332834619133045,0.17040977133751312,1.032568926484604,1.3457146191061207e-48,3.5646242702115857e-26,0.1651078099531286,0.5687162416570748,0.5426280328662978,0.3007022850262795,0.2619338490178503,0.19801374880725997,-1.6194037518200899,0.025324088909143876,0.041141102514962086,-0.01325686122961902,0.7504860687594693,0.7405712644755362
2022-03-10,252,0.6412321055627792,0.633940075188039,0.0033025956948989784,0.15553502583743956,0.14116043912451895,1.03022207029836,1.1909148566188641e-48,3.125418285639183e-26,0.1858934925650284,0.5235833884245027,0.5044839794580533,0.3087470666705546,0.24856708075898035,0.18825290091675428,-1.6052372909166694,0.026000182660855166,0.04397189216153407,-0.012930379772821056,0.7554307035573815,0.750170589824626
2022-03-11,252,0.6412971095395679,0.6340064003838681,0.0034224319995221843,0.1409824335667655,0.1266903357482834,1.0304834510824232,1.0623219907493664e-48,3.4052729899268633e-26,0.16014413971836733,0.5799651625847143,0.5634805118303898,0.30287994146023367,0.2569090934202488,0.1924701756593653,-1.5769668226931488,0.02841838756424097,0.048174658353506636,-0.0165830831168392,0.6891243602939684,0.6843676211895652
2022-03-14,252,0.6423882598737569,0.635119728570378,0.0032721660755252804,0.15798977892418792,0.14478567423135413,1.0321793946648268,6.191122324829858e-49,1.8138198096158258e-26,0.15131948423904534,0.5969524503165344,0.5745165913013204,0.298115357406688,0.2616014104933077,0.1960246610538019,-1.5972540968124407,0.026055940578233894,0.044124843636979154,-0.016646460495963307,0.6865883710179351,0.6814258975177895
2022-03-15,252,0.6422730141944976,0.6350021404992638,0.0033834618911029947,0.14433234374777248,0.13121984354426736,1.0309062922773702,5.528687559383608e-49,1.7415821287897744e-26,0.1707045131859033,0.5456292743600533,0.5138211087740099,0.2870631444295653,0.2772660340355855,0.208551371262656,-1.5945580510724606,0.026337108357045662,0.044963969686599395,-0.015344813815375561,0.7091223527865468,0.7027844564849914
2022-03-16,252,0.6450781320444542,0.6378642729396666,0.0035288114068486335,0.12704446354976184,0.11499049215950953,1.0334475173618567,3.084454099342296e-49,1.6203201682875352e-26,0.15198742552583247,0.5858857343447389,0.5583635684597444,0.2811331700792503,0.2848033359036958,0.21440073765629974,-1.6546559903685516,0.02087777913781879,0.037052877656731174,-0.016607218428610022,0.6850002716224972,0.6794090145839418
2022-03-17,252,0.6449503515183483,0.6377338952483961,0.003516593862016042,0.12840352569923533,0.11657123501500387,1.0330538695128775,3.452566355413575e-49,1.5068880752957556e-26,0.15884347568854915,0.5709273542801664,0.5427005087210679,0.2824466564224603,0.2796541683808801,0.2066518139078114,-1.6614845208558058,0.02045934290716327,0.03655286058261945,-0.01625614799236931,0.6913219882232043,0.685505671390897
2022-03-18,252,0.645077152999138,0.6378632739950555,0.0035766223871280924,0.12230080025540281,0.11153179761862692,1.0328877035027604,3.91159691754275e-49,1.5534996225366492e-26,0.17259144611577987,0.5369600315992664,0.5066098775398417,0.2766136559881801,0.2902970976655683,0.2177340615908253,-1.6409284275907163,0.022004497503070295,0.03900977832414935,-0.015717686572105753,0.7011658224107742,0.6955313952496112
2022-03-21,252,0.6431989171868169,0.6359468626580936,0.003632817903924013,0.11657258992901655,0.1059712914368909,1.030626184503571,1.685761868291798e-48,1.1637664934571415e-25,0.17374481276099812,0.5340887782124681,0.5044068370699843,0.2740199774486729,0.2950150604647192,0.22086245988428188,-1.6440851339635045,0.021668511953514453,0.038323526179209456,-0.016587047271181047,0.6857093460296961,0.6804171509808499
2022-03-22,252,0.6432080722828706,0.6359562038333355,0.0035874923568277673,0.12126437547398014,0.11074508158156289,1.0303773468308464,1.905246458460016e-48,1.220497352555875e-25,0.1632355896454493,0.5568442754368806,0.5262728576618474,0.2751320262032021,0.2933722300249237,0.21854441997539586,-1.6474510381080414,0.0218112295822552,0.038629238198720404,-0.01759984731108588,0.6669231885132472,0.66073918056751
2022-03-23,252,0.6422827317292101,0.6350120555448445,0.0036572518019353465,0.11420794230468337,0.10481806404070135,1.0305038681256948,1.5475359360554497e-48,1.2522471041614313e-25,0.1508911280641066,0.5878307153092821,0.5579811796384556,0.27870967556754944,0.28647751148450457,0.21129277463877194,-1.6431797797350036,0.02211266961200555,0.03889615806220494,-0.018653835650474977,0.648623062795036,0.6417688436990986
2022-03-24,252,0.6430760804655942,0.6358215292555454,0.0035346356847798595,0.12675596561117894,0.11617732795700263,1.0315633706127678,1.2597839209232561e-48,1.111125063919519e-25,0.1512390922034095,0.5854801513292369,0.5544088783050323,0.27611566498327456,0.28774777033943627,0.20879394930568984,-1.6860093908266434,0.01860640262422465,0.03333944657069401,-0.016667573739800982,0.6844601604863223,0.678610383308027
2022-03-25,252,0.6414958992570315,0.6342092305427436,0.003523317605634682,0.12780351731060882,0.11750833851829436,1.0326328061066536,1.70830429727853e-48,1.8163505273211984e-25,0.15861863829789655,0.5669657812835432,0.533644675167618,0.28191555851925054,0.27780124687153673,0.19942644555286904,-1.6828263087126554,0.018826492974211916,0.03370296217260614,-0.015707606002732206,0.7013000252899252,0.6957955442726058
2022-03-28,252,0.6423109178098825,0.6350408145133354,0.0034544306841091154,0.13528710841399966,0.12469070349660703,1.0306222217417376,2.2684296709267662e-48,2.659595104558397e-25,0.1596214389251457,0.5640044223661772,0.5299858866468551,0.29227551843639354,0.26120543060370627,0.1876911488358014,-1.6740029900578266,0.01914829807423474,0.034065201704282344,-0.017598598830947644,0.6679339399631106,0.6622200825760314
2022-03-29,252,0.642362352996279,0.6350932951303496,0.003438970189680067,0.1368446481807272,0.1251467717783914,1.0307287128019915,2.1205741807596378e-48,2.990726444703374e-25,0.1588326214630508,0.5659492427805002,0.5335575473707195,0.2951251134590692,0.25548571867563064,0.18013493794841628,-1.667845110469775,0.018485715815389225,0.03144520880292222,-0.01765165530535732,0.6676289817326664,0.6617175618092568
2022-03-30,252,0.6425060997279868,0.6352399635435964,0.003310429783738897,0.15108299640328257,0.1372872689382265,1.0310712108076605,1.7889814121721316e-48,2.466416833387575e-25,0.14210309399372104,0.6083815121152706,0.5716569819702695,0.2674850009966234,0.3062152017340199,0.22775453263779089,-1.6595766748731178,0.01815099929726044,0.030246787088548673,-0.0195415105458513,0.6350440755849005,0.6255256651867607
2022-03-31,252,0.6426863729980261,0.6354239009044901,0.003297651127280943,0.15276243279160742,0.1373128978890087,1.0314043284065715,1.7612192050196208e-48,2.6552699943251762e-25,0.13633341925802164,0.6229833586550961,0.5872259418599273,0.26816760637006715,0.3044206930657465,0.22380142953724236,-1.637153962118546,0.01934347933119085,0.03128290576277736,-0.019247346634340277,0.6402578253827351,0.6318651172785178
2022-04-01,252,0.6438140126341282,0.636574460045391,0.0032448800405165865,0.15825501001922584,0.14639157288642382,1.0344768812480685,8.444948459883967e-49,1.7100693988808921e-25,0.06988059627010748,0.8023083772298452,0.7764807146952797,0.2402249128721985,0.3539550438491432,0.2700402662207956,-1.5601429044783495,0.025493283033107446,0.03904961194669421,-0.02907117776088499,0.48227529052132956,0.4618368349230295
2022-04-04,252,0.6439446289198503,0.6367077311336684,0.00323434825041801,0.15996542267381803,0.1503354380892498,1.0345871195764271,8.438407899891044e-49,1.7519205761168994e-25,0.07889407670098614,0.7760872297697676,0.7445200484947171,0.24247863904891873,0.3487317361740686,0.26199511607252346,-1.529137480395079,0.027932941589243653,0.041571503713723215,-0.028719987066694666,0.4872541453263416,0.466556728161052
2022-04-05,252,0.6436521614374882,0.6364093191902827,0.0033870929586584716,0.14045964494209578,0.13099053329251614,1.0314310287440285,1.2354639479704557e-48,4.351600464152574e-25,0.06728861042940865,0.8077605907605262,0.7808177555675639,0.23815904063163973,0.3563479731871031,0.2691824758146871,-1.5180467106649442,0.02859595587283882,0.042372087515842254,-0.0316156892946282,0.44468984090102537,0.42275726885162923
2022-04-06,252,0.6443606449043724,0.637132202727632,0.0033043191360404437,0.15045728369484154,0.13941095978351914,1.032239126859806,1.1935941021655514e-48,3.4291434391391426e-25,0.08010780024802347,0.7709242030053048,0.7388945419368299,0.24151600339626164,0.350215939859027,0.26377651117567213,-1.5081150617693422,0.029914730834072204,0.04455460257927339,-0.030498292590674853,0.4604777594179743,0.4399274413160629
2022-04-07,252,0.6444260956487698,0.6371989837717124,0.003363769945261594,0.14344276061868722,0.13281399946269812,1.032298160345112,1.1811700747988752e-48,3.6972157825741197e-25,0.0807181135987005,0.7692715233313585,0.7370500502392214,0.2424498176237065,0.348133147951746,0.26044168403744583,-1.501058714283587,0.030572985289471485,0.045385807415189064,-0.030675409470698,0.4577891564607657,0.4373467969255439
2022-04-08,252,0.6439564683245512,0.6367198111766763,0.003409741503468724,0.13831313804559434,0.12741144744500424,1.031775427603891,1.4939127447132577e-48,5.081922754266552e-25,0.070648564290518,0.7964706344473528,0.7676705938657801,0.2436917020456698,0.3464974310816624,0.25932369524738963,-1.5026548913172157,0.030486188880641484,0.04510061321728334,-0.032083153392619024,0.4355459499905132,0.41413068582615253
2022-04-11,252,0.643863711596669,0.6366251691494469,0.003430791556902432,0.13602915743619085,0.12376090262344454,1.031253929020073,1.9496239586598346e-48,6.268002125515595e-25,0.06935608829003181,0.8002447109631257,0.7717372227909546,0.24324786880050703,0.34828493469844723,0.26049839115517126,-1.504207034914387,0.030394312014074908,0.045163566251355244,-0.03185801839359986,0.4390242917444873,0.41587013090576597
2022-04-12,252,0.6468522905095604,0.6396744915361775,0.0031462556838757027,0.1695346948597895,0.15410832732452223,1.0309426409309592,7.689562410305653e-49,5.664260840655476e-25,0.10280256109041112,0.7067276057554244,0.6687075128839938,0.27292581143068617,0.28809544646769164,0.20857746809680433,-1.4296202363708248,0.03814191239184476,0.057411375949430216,-0.029369157663566032,0.4732289848692983,0.4547451433490223
2022-04-13,252,0.6470148638889281,0.6398403692525243,0.003023541302577406,0.1861455425822435,0.1701479928280295,1.0310341416802717,7.16270790108797e-49,5.0595881247015045e-25,0.08312039885807271,0.761612260687937,0.7313357605897601,0.250951642693536,0.332488780954887,0.2505736642312397,-1.4322082358008317,0.03762917103788001,0.056455185132143614,-0.030514208900250486,0.4566068296913316,0.4363037105730999
2022-04-14,252,0.6470939639177395,0.6399210770054985,0.0031029683391661754,0.17480640987747387,0.16051348889720007,1.0300896726704507,8.859844030642678e-49,7.753458082513624e-25,0.07756134419100923,0.775598510950203,0.7476327524392954,0.25269868021251757,0.32887885091735924,0.24956537786079602,-1.4322923519490272,0.037483803266489306,0.05606370480430001,-0.031345687486204456,0.44296469015944717,0.4238368829164847
2022-04-18,252,0.6420746758735384,0.6347997709116184,0.0031738525967107637,0.16569776410099457,0.1573762762846208,1.0249499628258198,6.474876340892649e-48,9.821060924756515e-24,0.0754932882405044,0.7813348067000376,0.7539931770867114,0.23609420331312664,0.3623667730145921,0.27657738062474246,-1.5030034038489695,0.030006090530112578,0.045605347055029395,-0.03093630594237417,0.4485171547844623,0.42907118452955806
2022-04-19,252,0.6443259941343873,0.6370968476737041,0.0029386158001625537,0.19646597876096192,0.18295713101572553,1.0205545181650182,5.857706904933345e-48,1.659784226631294e-23,0.075103960791636,0.7797836662138644,0.7519850911279418,0.22132931203448672,0.3894232330339936,0.30368267287745887,-1.5322776437110823,0.026048185371542434,0.04106709402338422,-0.033993278668936866,0.4017177497519159,0.383452372959288
2022-04-20,252,0.6472025116674511,0.6400318310102855,0.0026530897257052355,0.24073849409456788,0.22262542680819974,1.0279928529040503,2.0487869636226372e-48,9.21823119427709e-24,0.0719333095725608,0.785884211964104,0.7572066303202554,0.20903271626184813,0.41400272814116346,0.3340353087989463,-1.4898740427200337,0.028310192751189463,0.04284093882162037,-0.031036453637112205,0.4386045960486403,0.42027140170153787
2022-04-21,252,0.6519181330686399,0.644843298374913,0.0023933559442340458,0.28672757224837586,0.2663323522675244,1.032426413700775,5.126843238652198e-49,4.651762153818035e-24,0.07661069253291722,0.7705067891857775,0.740413477945875,0.23238284907074103,0.3610952691264403,0.2811210181767897,-1.4883197928149272,0.027485969653232356,0.043169065667050754,-0.03227283453219881,0.41771606815140083,0.40389010358130806
2022-04-22,252,0.6511142242316241,0.6440230499273889,0.002575439501866475,0.2528327649584543,0.2322954059554122,1.0322728502951897,7.206260979898956e-49,7.881598016711598e-24,0.07953344069966967,0.7623489920555699,0.7316030826122911,0.22004120969216517,0.38763553341771295,0.30691589870733504,-1.4826405828783755,0.028616654238631613,0.04583551108449628,-0.029111010072229444,0.46294109298670827,0.4443237389898471
2022-04-25,252,0.6493639910857345,0.6422372429370706,0.002554392264215875,0.25684222272172996,0.2366069525531732,1.0312558033897588,1.2406057526548515e-48,1.5514794558663072e-23,0.07703487407320724,0.7697299970243249,0.7391232522038105,0.215807801492173,0.39424215383979067,0.3118592100498687,-1.4775470867571354,0.02871962973184464,0.04554226215394351,-0.029780377070209047,0.4538403675574767,0.4365955567243086
2022-04-26,252,0.6513005670738494,0.6442131802257569,0.002458244443252031,0.2747635017421994,0.24740364759904243,1.0295260051406747,1.415387476457428e-48,2.3425909561685594e-23,0.0802898804514067,0.7591971919942775,0.7281214832277527,0.21766721377165574,0.3894693714548182,0.30764847546068375,-1.4780640605196653,0.028328146709095538,0.045551965458560544,-0.02885654706550545,0.4673169093251276,0.44813648877928414
2022-04-27,252,0.652098566133115,0.645027398778097,0.0023439118294735686,0.29775456590629407,0.26584587205543553,1.0303083958284378,9.228394762857842e-49,1.6783756065245222e-23,0.08810537033214914,0.7362651284472705,0.7017986796158386,0.22555656260004453,0.3721939867862857,0.29417513349704094,-1.4253500081579715,0.033866613993824096,0.04956472767415389,-0.028230790266588063,0.47556145541333794,0.45577132259980846
2022-04-28,252,0.6529799941861552,0.6459267420354673,0.0022472166943723992,0.3181357478711657,0.28150190750607496,1.0318811276231026,6.9475838772542e-49,1.1104473531584532e-23,0.08851649564347155,0.7300025958031333,0.6887096492975807,0.23261956368744313,0.355749592790653,0.27707820715217546,-1.4030634415608865,0.03439019163595984,0.046061825138410124,-0.028528268433963888,0.46848348663792816,0.4499619711769335
2022-04-29,252,0.6577914442526104,0.6508359858024602,0.002339191731773216,0.2948643109017529,0.27280776493227654,1.0459932618423142,1.9405231820074107e-49,3.2325296383226717e-24,0.10408653161127482,0.6761801784414254,0.6295341936739522,0.24961320163958506,0.31921742770495865,0.25614068468533757,-1.2019066514441687,0.06685764128176688,0.06034751998061146,-0.025363182520224035,0.5151519174122317,0.49968889300653097
2022-05-02,252,0.6938009938517189,0.6875774368161847,0.0014944871856303306,0.4677274983281925,0.4232519484079641,1.046554470122445,7.399904003947343e-55,1.2829564828415248e-24,0.17164643902684296,0.4538857710154306,0.40380766748536967,0.12669542665141337,0.580569027531775,0.5330993050225776,-0.9378769026960813,0.11909046457708009,0.1266518829244355,-0.017313711524172326,0.6296582020723213,0.6396495875351388
2022-05-03,252,0.6938197870961618,0.6875966120371406,0.0013432333377795126,0.5130813412843769,0.47047441840831183,1.0508497025299126,4.412636338000814e-55,9.94195173629662e-25,0.18976249135134912,0.40743597121980346,0.3522671285737192,0.14182405662373507,0.5368863794811152,0.4861500444101515,-0.935546223430211,0.11916976892001602,0.1289124805905103,-0.014736919742415752,0.6799297825564652,0.68982430346642
2022-05-04,252,0.6923239474221683,0.6860703691177408,0.0012628123691191466,0.5381963181158992,0.49776621982020886,1.0505430590946285,1.7176237806497435e-54,5.289553123195948e-24,0.18182705692998455,0.4269151019362113,0.37632115662770205,0.14386241226081878,0.5314339039019568,0.4781017739217681,-0.9003415510441348,0.13066784621803026,0.13862106491652498,-0.014976593543666587,0.6752227394604594,0.6846812039755376
2022-05-05,252,0.6921984892793509,0.6859423610126711,0.001350614620781594,0.5121517798644378,0.4682977468863071,1.0496592767150208,3.180829979561704e-54,1.0094806145286539e-23,0.14321556674117294,0.5283277224159226,0.4943069695390696,0.1489162188422507,0.5202395429699257,0.4642717024158265,-0.8045480405926447,0.17429368435851644,0.18427211795501797,-0.01685000481842146,0.6380040749057587,0.6472843849019316
2022-05-06,252,0.6935018176952363,0.6872721798435135,0.001491461888960235,0.4688760557830338,0.43850996646616824,1.0496412799083363,2.3758414768918312e-54,9.66507039359717e-24,0.141345466544325,0.5302900412105293,0.49541042689555237,0.1543707313214972,0.5043875579532779,0.446709824025168,-0.8729158808385316,0.14266040725894996,0.162562890727036,-0.01793285821798328,0.6144120384099012,0.6180766841529138
2022-05-09,252,0.7292343482422702,0.7237309813366253,0.0008689251795878817,0.6565117383658609,0.61191352206283,1.0429714698560861,6.48065088393133e-59,2.0458819610056368e-25,0.17418800248044475,0.4105298714571227,0.41735298975989465,0.13997224755476473,0.5182925795123406,0.48601809753470493,-0.7684596746778027,0.1716971332818213,0.20901169918691764,-0.028512036606373407,0.3980029748946452,0.3893052640572422
2022-05-10,252,0.7304115189086571,0.7249320782360689,0.0007585419257534454,0.6972057579297399,0.6548707683054151,1.0414724004918865,5.4921498024558135e-59,2.5990635386496318e-25,0.15746958562867294,0.4565290291118118,0.45845136027045386,0.1346174813477203,0.53282410178435,0.5013928942258128,-0.7351202539966604,0.18965439352786834,0.23010720839279863,-0.03381779893190322,0.3180080544701626,0.29827956516258924
2022-05-11,252,0.7357229709366804,0.7303514866061251,0.000361742456395796,0.8517367645772336,0.832155143024566,1.063405856016467,4.285238617450117e-60,4.383593150746521e-25,0.1915030820209624,0.3537533913384545,0.37954171771657297,0.16269090045943632,0.44872585799157994,0.4078639449415892,-0.7488495598495195,0.1786038972011836,0.2385426506294963,-0.03389756242738037,0.30982775633869536,0.304483986993626
2022-05-12,252,0.7353552812792032,0.7299763235816261,0.0003731645029591815,0.847552557536471,0.8278437121277049,1.0628149434648109,6.608749315140763e-60,3.8974552495662913e-25,0.17242563939674382,0.4064894915046594,0.4442505756856293,0.18660676168706458,0.3848866029751925,0.34263671896920456,-0.8623978141113021,0.11887341062160238,0.16997984408387157,-0.038480393453802955,0.2556610981681955,0.2794020454153828
2022-05-13,252,0.739018429995882,0.7337139265405137,7.428013987828628e-05,0.9691057209992342,0.965694374945441,1.0671908415443374,3.941149945442472e-61,2.1412579849296695e-24,0.18336196531517807,0.3656208586243539,0.4054544441674457,0.1640543003466749,0.4393538997098906,0.42118484320915617,-0.8000052637247447,0.14328169492471018,0.1867411316655987,-0.028783797161987798,0.391100669847638,0.38950614550143414
2022-05-16,252,0.7307556632112967,0.7252832173416076,0.0002860674825751106,0.8798917872213874,0.8654887949758426,1.0411111326717384,6.813889366477471e-59,7.183582723832509e-27,0.2439695792218398,0.22102607163197704,0.23771390835933426,0.21334660903064973,0.3107397860440561,0.2662025814093417,-0.8071209025891953,0.13403671987447716,0.1827949710919582,-0.023416383767627287,0.4777939713435648,0.4798485703007881
2022-05-17,252,0.7332014601896439,0.7277787256406529,5.870783955841841e-05,0.9751386795991214,0.9728283845109572,1.0423833578211665,2.6033632994279147e-59,1.2017907866649454e-26,0.2376976213351264,0.22770549985835573,0.25055823672201316,0.2214041070991568,0.2908782908808724,0.2439150198096951,-0.7138224575305177,0.1826037728619349,0.20794980785759587,-0.02680448531006238,0.41405752396286133,0.423945589543291
2022-05-18,252,0.7370909843274775,0.7317473051471417,0.0005631894597161108,0.7488264369520733,0.7357302756531734,0.979110435679315,7.614424405947084e-58,5.3450946903289505e-42,0.37302710695663627,0.042090349756463086,0.030066449941975024,0.295825582758871,0.131607841192024,0.10720442061153618,-0.49481540327742374,0.32334781207785734,0.3283260626408582,-0.020180279830521473,0.5100411000551881,0.5424163079379476
2022-05-19,252,0.7325887640408093,0.7271535763180615,0.00041929962380535507,0.8113003031713607,0.8015386473073658,0.9739152237053278,2.985863611643376e-57,1.1523702677446595e-41,0.37825940693338056,0.038446776828875144,0.027493589806004692,0.2921739871787996,0.13584925489027774,0.11125636878896383,-0.4452887878727384,0.36792125436580847,0.36828151157484756,-0.019873038858748596,0.515810070976394,0.5484390332225699
2022-05-20,252,0.728855273845641,0.723344202175837,0.0006231072105427327,0.7212995931122326,0.7105159198526019,0.9619727024451042,3.2643441426514376e-56,2.58312133623973e-41,0.3770346841556723,0.037970681646300596,0.027953029561538268,0.28511059956197493,0.1433230311765707,0.11549324694893909,-0.42177070294695573,0.39023998789282033,0.39117691653361186,-0.023034605100945845,0.44952169606607895,0.4897861785903128
2022-05-23,252,0.7281656903683835,0.7226406027742449,0.0004377876529372787,0.8009734417182316,0.7913636908934323,0.9601791258872938,2.11564822659292e-56,1.111804034175094e-41,0.37342020312015967,0.03867906654021788,0.028765374052148705,0.27703226279079574,0.15346215098263344,0.12437076820306464,-0.4001269118035526,0.4062528336644482,0.40082991858110983,-0.02199771276615391,0.4680316845626742,0.5082817937916921
2022-05-24,252,0.7290296402663344,0.7235221126294713,0.00027791980217406053,0.8726299269260359,0.8666359026197585,0.9596014584027059,1.0801199631659275e-56,5.1070015442320144e-42,0.3760718501654634,0.035455379364395766,0.0262908003146781,0.2669965275188065,0.1681466762543222,0.13754159711236094,-0.3755127100180709,0.4344856893254705,0.43250058191948926,-0.022441290261711502,0.4576555284014645,0.4995697532107818
2022-05-25,252,0.7293166149145662,0.7238149200957567,7.518955527981619e-05,0.9652572712408793,0.9637854026590447,0.9585799591410233,7.03256733915344e-57,2.0002961110072255e-42,0.37392844904444883,0.035501846114142595,0.025759156935826203,0.2629915506939297,0.17279861050439027,0.14372661357552613,-0.4440603661363695,0.3554594776573877,0.3526713536210221,-0.0199427852297153,0.5084453382789816,0.5489214888311071
2022-05-26,252,0.7233807161302277,0.7177583729621428,-0.00013389121546636526,0.9389341216285118,0.9374302408884483,0.9646801099873575,1.5941589734880067e-56,3.822403976155403e-43,0.2952086844458909,0.09702033782969414,0.10138516312526126,0.24371971520816887,0.21226551479631983,0.1722756999281494,-0.4291923233777465,0.37794120339282244,0.3679222665320665,-0.028752705145715308,0.34546003737743225,0.397277897332347
2022-05-27,252,0.7202048893949278,0.7145179969029547,-8.316824126598798e-05,0.9618787675618075,0.9623200848191638,0.9595237404213106,3.2301431262809997e-56,3.064388503410531e-43,0.27170479191438857,0.1201165929880597,0.15588151048510984,0.242216877860094,0.21304762343848885,0.17183905767599417,-0.4251374139346127,0.3805710188994925,0.36912509469813515,-0.031518533208471505,0.29802159304366777,0.36031500609516987
2022-05-31,252,0.7278975204969231,0.7223669822956411,-0.00026409091556299567,0.8783912886225684,0.877845417167698,0.961108623027308,5.544279501621439e-58,6.544752703941313e-45,0.25283560149549367,0.1439475153637521,0.19239473813858932,0.24015840328569577,0.21287216043459523,0.17472810564144703,-0.37178556435335375,0.43971254436999674,0.4314832900609551,-0.03626581175267892,0.22857956800033144,0.2940218757431464
2022-06-01,252,0.729110377650328,0.7236044910172046,-0.00026578232379514163,0.8777200959903564,0.8771435026217309,0.9604473251923116,3.754505349370072e-58,2.2640742827736057e-45,0.2527557074997605,0.14406433540377003,0.19305410989466698,0.24025593863178615,0.21267550479049466,0.17419007540373255,-0.3657042583639314,0.44411525012798514,0.43516988702222015,-0.03645556766527506,0.22522549161146443,0.2907807848747965
2022-06-02,252,0.7275011761135917,0.7219625821321607,-0.0004893943361565124,0.7767307842912968,0.7764670094206718,0.9574649208465853,1.3141638648124649e-57,1.2109365601907015e-43,0.2396003440866093,0.16382699752280178,0.22761046648099081,0.24262961467410568,0.2098532669359315,0.17177085150440186,-0.34838897433739113,0.465488242825125,0.45936736324613303,-0.038720910346521684,0.19645135616680653,0.26421019764278886
2022-06-03,252,0.7267224492456319,0.7211680274823318,-0.0004259694539613864,0.8051060741826186,0.8055490301683192,0.9546613090175289,7.980433796246005e-57,7.625484592568753e-41,0.24157190073211285,0.15611046877065066,0.21923947943606426,0.24604641173291944,0.20197275569064013,0.16356003138133035,-0.3588914369705062,0.4524893933131171,0.44965656194572134,-0.03951947275347754,0.18474625383815896,0.25063261433329875
2022-06-06,252,0.7311504739760153,0.7256860527153652,-0.0006725168931175514,0.6949983206137204,0.7051392379436301,0.9688611882589115,1.2604684498472937e-57,2.200516612660927e-45,0.2178377137127937,0.1985541890219884,0.26651205744133655,0.24114914036091412,0.20774716817035488,0.17339375881776564,-0.31910101374902233,0.5009286957235471,0.4981962987208699,-0.040555885248545566,0.17021150291112144,0.23914762341465345
2022-06-07,252,0.7311337954645163,0.72566903520973,-0.0006749147008536418,0.6938546456070634,0.7010960702389971,0.9697849480228771,9.8497760825621e-58,2.0564809210610708e-45,0.22043725134030978,0.19352582672697033,0.2630653469654457,0.23511270675976484,0.21903219809019336,0.18462459531567754,-0.3097658929184086,0.5134880238128091,0.5099233770031206,-0.039071723110753104,0.18692115937885173,0.25698285599950077
2022-06-08,252,0.7372426832003864,0.7319020873304756,-0.00032801635641917324,0.8464171535993089,0.8459810096958076,0.9911309077098484,6.844316576958249e-59,1.7036870551259148e-47,0.20947908485487535,0.21079173597017106,0.2873496214828499,0.24464055080746153,0.19541726710976018,0.17118810842900267,-0.2836335419969511,0.544569610997303,0.5468356811039639,-0.035354424549006544,0.22700426205109422,0.3087974137277947
2022-06-09,252,0.7386088525459531,0.7332960243456677,-0.00012062005720832152,0.9429984292555076,0.942555889181067,0.9886044985449963,4.681743228214836e-59,2.1259661382056123e-47,0.19667213381926807,0.23577629272844788,0.31623820369679856,0.2442352168425402,0.19406121924154374,0.17009652817857235,-0.27126476276202693,0.5593332185058205,0.5631245738051065,-0.03959875037762735,0.17547184119014445,0.2563835439777872
2022-06-10,252,0.7446769743003696,0.7394874819081008,2.3521509361969033e-05,0.9887746417375723,0.9887435379254012,0.9905606251482493,7.264696732103865e-60,2.4572322799887114e-47,0.21717901136495754,0.1831705857574569,0.2637136270670445,0.21025228502011722,0.25723035087359436,0.24067945926011214,-0.25181284219588684,0.5821447747426343,0.5772914855170715,-0.0384279929107446,0.18283845836425952,0.26846602691838317
2022-06-13,252,0.7753018989229306,0.7707348643481934,-0.00010015520199218968,0.9525156442005597,0.9524290042796796,1.0118014211894684,2.205898932935266e-64,3.4815272444198436e-53,0.22543191363901732,0.16913952304403485,0.24723386465335218,0.25863100224268204,0.15990487872288836,0.15102036802149038,-0.25477991957262186,0.5795006004770349,0.5800561739940961,-0.03777654184211295,0.19407400741760508,0.2842781660070045
2022-06-14,252,0.7755369523793626,0.7709746953139025,-0.0001455428374109002,0.931006961465132,0.9312235117145549,1.01003373321367,2.5167838497379708e-64,1.505729751868567e-53,0.22799766043084693,0.16397112347090462,0.24141138982301003,0.25937458505012034,0.15803760691089785,0.14330336970450847,-0.22721380268815217,0.6204995641362832,0.6208650946586892,-0.03911909141000573,0.17789993146757127,0.26824374210269
2022-06-15,252,0.7751259618248543,0.7705553512928391,-6.130721282417183e-05,0.9707272955407176,0.9707315263634816,1.005990565145591,2.9801422811122693e-64,1.0604143819339463e-53,0.24474721038570274,0.13377575581784135,0.21030702321799122,0.2727532422162676,0.13629341392334215,0.11835825153186923,-0.15154649110690707,0.7410591070701338,0.7442026018709668,-0.036646710300222825,0.2053174391439232,0.30485132055481023
2022-06-16,252,0.7801689210038223,0.7757008096421114,-0.0003090420691649053,0.8532286475842259,0.8545021217867336,1.01192018900855,5.971948213131652e-65,4.1036476975490334e-55,0.2734754419868548,0.09114891144102265,0.1668935255952786,0.3140993504157865,0.10069455929918374,0.08673606406352173,-0.012893689820091064,0.9767167692770289,0.977216921906739,-0.03462789198518706,0.23164741773117872,0.33596800240540226
2022-06-17,252,0.7793626358830268,0.7748781366123566,-0.00032243637717512344,0.8470452195958602,0.8495647936222057,1.0129175534193957,7.258847404370054e-65,1.7852032793288777e-54,0.27087016891248533,0.09505286201075498,0.17577632988272618,0.315733530349972,0.09888754302253402,0.08480727104846358,0.008259015216750681,0.984874782874452,0.9852684400052232,-0.03617598158870181,0.21493221861595918,0.3209442606047489
2022-06-21,252,0.7755117237062135,0.7709489538628438,-3.158901040668132e-05,0.9847844300946313,0.9848828443927565,0.9906153428151351,7.08155651256601e-62,1.4588005088243648e-52,0.28340789591238025,0.07618998490188279,0.15587201068834153,0.332492413479634,0.08002370191665589,0.06692750321951353,-0.05329954871403397,0.9019547192126605,0.9048015443419841,-0.043326552661327726,0.13707663697252973,0.2259354839340827
2022-06-22,252,0.7771248690433589,0.7725948867068417,-1.5049377690656363e-05,0.9927456221847004,0.992808744522173,0.9955621634456377,2.022015103655585e-62,4.423955924961077e-53,0.2834790816409142,0.07587646490646792,0.15691465868556712,0.32895883197794595,0.08310950358423212,0.0697669704139397,-0.0407512449578052,0.9248311085812388,0.9278389709069327,-0.043012148494644714,0.1393935333978895,0.23062887240562957
2022-06-23,252,0.7777403935540677,0.7732229218783373,1.8427136314002083e-05,0.991124822817061,0.9911084179655063,0.9965514931586388,1.9089729647313371e-62,5.575224357873641e-53,0.2982634247706211,0.06148360986855343,0.13809284609275574,0.3231737001706855,0.08903956459955004,0.07567698972295445,-0.02868793145875337,0.9470646423211024,0.9493639876553762,-0.040471566459690814,0.1634489787927457,0.25780636409533186
2022-06-24,252,0.7771505087946233,0.772621047591262,0.00036899086463740706,0.8245064565872485,0.8249693269058647,0.9934584596347613,6.008181669413234e-62,6.835041360310531e-53,0.3439495687993067,0.030307271485427896,0.09711722834813102,0.3261999965881008,0.08762341157494373,0.07377177406276318,-0.04111961227646298,0.9245406123348481,0.9274481324783796,-0.03662727139489382,0.2083242930907267,0.3085795149878817
2022-06-27,252,0.7749142291587036,0.7703393151172138,0.0003740448931178242,0.8220702861812661,0.822926101312111,0.9928087124846351,4.526675967725095e-61,1.257410250710514e-50,0.3447814226899153,0.029795955763049383,0.0967947177726631,0.32665974288380656,0.08689107785204186,0.07267350149845683,-0.04061381657126775,0.9253363599179587,0.9280723348081875,-0.036684403307738506,0.2075513708420141,0.30747265652912437
2022-06-28,252,0.7727570831820392,0.7681383247101294,0.00014506056905311368,0.9300583137177407,0.9298607308631842,0.9814739028716349,3.353782839432155e-60,1.1912664894703805e-49,0.3417832117102773,0.0289257235415385,0.09711772412412642,0.3200355334498429,0.09110451664612133,0.07479412802092579,-0.06785754381207404,0.8745725776456533,0.8790205078791571,-0.03967491134149677,0.1697550055016377,0.26843987427843563
2022-06-29,252,0.771362393549878,0.766715287727721,3.582165404269425e-05,0.9827700903763792,0.9826426028405183,0.9817008503926096,8.024671549232695e-60,2.825783879360143e-49,0.3398697299111332,0.030294231104869538,0.0980964386775726,0.31893269734348295,0.09377341557932338,0.07612260819573846,-0.11023098618690658,0.7975567178277747,0.8048864462950029,-0.039300646718253514,0.17521866050810297,0.27272288817768386
2022-06-30,252,0.7780586879693308,0.7735476856922846,-0.00024340857486864365,0.8812976807812692,0.8807054735915649,0.98598157067945,2.911042532361227e-61,2.1888468474822073e-49,0.33804801679385393,0.02812731414655442,0.0975969250708151,0.2967944551683662,0.11232017986153399,0.09020180175688364,-0.18064308725706274,0.6684168160181536,0.6739738591126061,-0.037244214676764656,0.19139904455314716,0.29666024373875977
2022-07-01,252,0.7777414841656314,0.7732240346568028,-7.081694458504735e-05,0.9652594984534765,0.9652893744023952,0.9800724045855902,5.838341745751031e-61,6.137650458701931e-49,0.3445751239946988,0.024868870953649348,0.09312904376746609,0.30398971029205546,0.10313355468230728,0.08446708719746548,-0.15201476111956447,0.717281911234852,0.7232816134890514,-0.03898222709563121,0.1699936713905002,0.2746473334748327
2022-07-05,252,0.7782954558886316,0.7737892659676688,-3.839856832920643e-06,0.9981219816121303,0.9981180661240232,0.9831359554753877,3.1924504277333686e-61,1.3812062573525154e-49,0.3598340412421294,0.018815465295719622,0.07887827363513152,0.2896496577783293,0.11999225392498027,0.10334789835554224,-0.07730494960564915,0.8521215335491261,0.8543142206154852,-0.03634967432774911,0.19943038393673482,0.3038264504746363
2022-07-06,252,0.7825462237733036,0.7781264315735741,-0.00016794308943852065,0.9169994675294466,0.9195505389815574,0.981484936758899,5.152948008177271e-62,7.107350127184591e-50,0.32099737384188065,0.034261317320961035,0.11767111399665746,0.23725692445772525,0.1961676618431158,0.17259857107376375,-0.11608010941647023,0.7768560403728028,0.7797551917006822,-0.045478826425390376,0.10621413535802547,0.20979796571643072
2022-07-07,252,0.782761274844542,0.778345853601545,-0.00026379942767658176,0.8700212517447758,0.8735400621819995,0.9803095043660829,6.304124716856792e-62,6.389258148701057e-50,0.31103347373767265,0.03947719735546746,0.1254728505044775,0.23152252540740823,0.2075660067500826,0.18340917703056037,-0.1240671244972329,0.7621228482824862,0.7641913440439502,-0.046788908393519395,0.09601401414809815,0.19389914054344692
2022-07-08,252,0.7835608154089955,0.7791616449904791,-0.00010091471673376253,0.9497854305775979,0.9502338566702743,0.9783824963552719,2.9099141768572574e-62,6.997628860584361e-49,0.34030557016312324,0.023835409639105052,0.09447994115357661,0.2240696164798226,0.21944844396525606,0.20140471181384478,-0.1803068880273864,0.658718514315456,0.6640644087011237,-0.03727017482960312,0.18566920522016114,0.2930475661162989
2022-07-11,252,0.7875263240931494,0.7832077534446362,-2.7942428639122444e-05,0.9860807040354549,0.9861325455201542,0.9806262452071992,8.224852017406241e-63,6.592301559983018e-50,0.33190149494728716,0.027523814814274808,0.10475642176440378,0.2310737488970814,0.2047750562435392,0.18562176680764797,-0.20745120194928507,0.6089606878301811,0.6169948001184086,-0.04048153720203584,0.1531323592246569,0.26309197311925947
2022-07-12,252,0.7887639529871048,0.7844705373974118,3.673017913099195e-05,0.9816533675271156,0.9817277111943873,0.9795919265175718,6.281608726883503e-63,8.63448530118861e-50,0.33772243267114493,0.024589148850404016,0.09898730696170445,0.23261372083303566,0.2003359987170611,0.18232128503742118,-0.199610693959769,0.6215182449926471,0.6298200678966519,-0.040370157489497495,0.1531432441055998,0.26449687008680056
2022-07-13,252,0.7902082123691739,0.7859441516449701,0.0002417550285984248,0.8794590036471037,0.8800317867667382,0.9824596819823863,1.9007585064817425e-63,3.7767617959204687e-50,0.34065218327119495,0.023248588014420944,0.0963652930759616,0.2481840381300175,0.1714917415020349,0.15689203377061134,-0.16199778440848686,0.6891883078260084,0.6940867412102665,-0.03907856324909642,0.16655086272368516,0.2804903479974884
2022-07-14,252,0.7879408195516625,0.7836306736075906,0.00033477729032899096,0.8351391514880309,0.8348586223218756,0.9858210281315346,3.7235947071862535e-63,8.625989848708262e-50,0.3370310313994992,0.025999601763462905,0.09993165888061811,0.20367207309337743,0.2632317023394795,0.2509718020386803,-0.10746466727563714,0.7924422528686543,0.7925176686692028,-0.03916036255354968,0.16959495593255544,0.2811900719544662
2022-07-15,252,0.7877316876650362,0.7834172910728622,0.00041748143124057,0.7950852003391572,0.7953127367467887,0.9849048168524047,4.8378750253117813e-63,1.2024301016749754e-49,0.33963025866314867,0.024888001655055968,0.09721685838674214,0.20349602944188616,0.26382680369812167,0.25215223889902927,-0.11679655050843804,0.7745542625476425,0.7737724985517783,-0.03928264809088214,0.1683545866759591,0.280110229005473
2022-07-18,252,0.7673040893031575,0.7625744976223274,0.0012486539407975134,0.4758153833890669,0.507181832271402,1.02563758197463,1.8086555806765954e-60,2.831746685676803e-38,0.2772011313252363,0.09167785046817044,0.19332806959131066,0.18934832316415556,0.3406205172028697,0.2964666490203858,-0.39798902867172453,0.3684967488209996,0.4188528181064859,-0.03243835966416955,0.29671998015423684,0.37016727182003295
2022-07-19,252,0.7599812568316284,0.7551028270924339,0.0008685627082579003,0.6246637413637581,0.619325981743722,1.025784196238704,2.0896808195017843e-59,2.7286028061829523e-38,0.22231638026594372,0.18091758348139808,0.3406834200456058,0.18834381061192396,0.3504934394253779,0.29501133930597134,-0.3009128997670953,0.5014951713997673,0.5043601072313246,-0.03993484786696063,0.2113046348142011,0.28457788382785254
2022-07-20,252,0.7599032813571162,0.7550232667505534,0.0007961461477007958,0.6538499021733648,0.6463762361916315,1.027827761162639,2.9729177611100174e-59,1.040820950013055e-37,0.21637984454569636,0.19150929757768503,0.3546271452444736,0.18775144238340213,0.3521837086575653,0.29737530867101214,-0.3128295249658274,0.4843039661400306,0.4890223983490328,-0.03945072472839291,0.21862396567596676,0.2905659606353037
2022-07-21,252,0.7561982589807831,0.7512429390413681,0.000831352476737842,0.6399195715143775,0.6363622300016611,1.0216616128199707,1.8230705093924465e-58,1.026747396690392e-36,0.23887545751242117,0.14994766156808942,0.30120472860615255,0.2095707496924098,0.29921892417996454,0.24309575280565143,-0.3010516068170314,0.5016117549165204,0.5071657642140115,-0.03690026200619819,0.2510880865966188,0.3190793943642546
2022-07-22,252,0.7563519084069726,0.7513997114233746,0.0007823274437160719,0.6597252721795461,0.6570447444344805,1.0216284959349176,1.7900964441739764e-58,1.0409178323222239e-36,0.24035091736928882,0.14564845688871217,0.2939042031858824,0.20778397593591214,0.30307918730122546,0.24724124547513482,-0.300464447078319,0.5021692842201457,0.5066824670094922,-0.036597833766383425,0.25359676952008914,0.3201972760532388
2022-07-25,252,0.7567563911150107,0.7518124153246654,0.0007706561801724687,0.6643858700209425,0.6627257966436827,1.0208952021026216,1.1167410315396726e-58,5.251384578351611e-37,0.2398115950589465,0.14660509831277793,0.294733764342192,0.2071779753823434,0.30393425084731623,0.24803501059735655,-0.30410096258174557,0.49610058536248747,0.49945426343147825,-0.03670333463101814,0.2522507740515701,0.3191106181612171
2022-07-26,252,0.7604003060852522,0.7555303936073102,0.001085180832327983,0.5381625798430314,0.5366425652961,1.0402942957198151,1.5238387006161654e-59,4.274410655950772e-40,0.22104964960916426,0.1766103136682506,0.3302957352568938,0.19487004662280172,0.3292460799275009,0.27825885245702897,-0.3336324434514918,0.4501600723708581,0.45797851629173825,-0.033667932737240364,0.2895510210165347,0.3588989927433125
2022-07-27,252,0.7645138869370304,0.7597275838259945,0.0013669795437605114,0.43826617542220647,0.439044822466787,1.048096179737405,1.6284784405732261e-59,2.4251253342661195e-40,0.24137501508460665,0.13732972700186633,0.284053337450778,0.19264482005905786,0.3354234882421656,0.28733365760879725,-0.3907240743724444,0.376578063281933,0.38830629910645287,-0.027819228840672592,0.3807315263295563,0.44471471054883194
2022-07-28,252,0.765940541813073,0.7611832357523631,0.0014684512021603394,0.40452440659904365,0.40975431484566394,1.0485719492580365,1.109312799399231e-59,1.642249728419561e-40,0.24070248873700983,0.13773973801030864,0.2847779041777223,0.19512113144269194,0.3245841307231786,0.27357028068738065,-0.39494830520549135,0.3707064097269125,0.38418840632037243,-0.028559010681060003,0.36785722588800984,0.43205328184658387
2022-07-29,252,0.7664517391078436,0.7617048232360518,0.0013116974979677988,0.45553032907947755,0.45293634596296484,1.049800543522192,5.647252415028798e-60,7.873598054972845e-41,0.23874099713892022,0.13907557011670152,0.28507878876105586,0.1727411082557313,0.38393081163414045,0.32554648392771723,-0.36918991659285966,0.4018719375682387,0.41174728141408967,-0.02796713153009847,0.376922864652521,0.44236087175897976
2022-08-01,252,0.7658324015805094,0.7610728975475929,0.001223605183404382,0.4869947028023621,0.4876688804636812,1.0550218479173035,1.0850948044482822e-59,4.4734213679750024e-41,0.22406488417792297,0.16602321205859852,0.3122245197674731,0.1626774083710596,0.41436412024225844,0.35486350640013886,-0.32383338148206486,0.4619818711834499,0.4674308335389501,-0.030506345004170474,0.33506593265289797,0.403281025798524
2022-08-02,252,0.7877818257440287,0.7834684482185008,0.0007212682942560047,0.6663993376223879,0.6664147466079302,1.0844843427033162,7.631870906162467e-65,1.9150110179560538e-47,0.15328889837046417,0.31957189108398537,0.45849170362112157,0.14414165548655355,0.44611772095971314,0.40562251191920906,-0.2293025186442763,0.5813375515852026,0.6018245375545258,-0.04013804113276236,0.1827879606660556,0.2588894784183543
2022-08-03,252,0.7876121866022643,0.7832953611267006,0.000752133692587422,0.6528892332181637,0.6539330790740749,1.0836086109688758,8.00156644373268e-65,1.55411423784239e-47,0.14759028251837417,0.3358599627447666,0.47181182163528246,0.14216109490834267,0.4521954934089578,0.41092054684180523,-0.23703283742490766,0.5681269786576273,0.5887113619968115,-0.04143100844551234,0.16991754145389987,0.24557987704378137
2022-08-04,252,0.7876262282531961,0.7833096881770415,0.0005802252130697814,0.7271312579698928,0.7286809599376651,1.0786489374753863,1.0723087663218267e-64,9.081139011717608e-47,0.15037396069207823,0.3245046869472943,0.4641018701870606,0.13818766730032617,0.4610269268908256,0.41971732594253164,-0.25229087243471227,0.5401712122941768,0.5628839975824045,-0.04181704747199507,0.1639901159178733,0.24017359085656453
2022-08-05,252,0.7861532176177125,0.7818067383009993,0.0007086822081182483,0.6721747694908579,0.673649515467299,1.0841268607383614,9.267525066091692e-65,4.26077754268266e-47,0.1383672406500514,0.36702380213106367,0.5005823686876825,0.12890835579029453,0.4942017517976869,0.4536722154753231,-0.1735885680498479,0.6734439433354518,0.6941319313434284,-0.04354928210890989,0.1495653598230135,0.22652043590539894
2022-08-08,252,0.7871542083887859,0.7828280744129482,0.0008086599164571608,0.6282637821624819,0.6308632462099911,1.0889450667561726,6.057200951425955e-65,1.2403398268335147e-46,0.11884035647512972,0.4406556690755964,0.5678964514488175,0.095089875998634,0.6178205630592087,0.5880379668860631,-0.15909018676543377,0.6987881456086724,0.7174547006039054,-0.04655705146979926,0.12430245140701048,0.20012858439084347
2022-08-09,252,0.7851407228812507,0.7807736644032274,0.0007295867405491649,0.662554179064746,0.6679949528793885,1.0871930270826204,6.448803405305245e-64,4.023836755976091e-44,0.12262855528281355,0.42640214006281785,0.5566511526574438,0.10289004144090313,0.5938209809420989,0.5709563447589472,-0.15254930355579938,0.710636411481437,0.72932587164722,-0.046779778657931544,0.12302018988068697,0.20066030010036429
2022-08-10,252,0.7855981436322843,0.7812403823239974,0.0008829584565576308,0.5981379917478427,0.6032987137192737,1.08671015229438,1.2930857589280546e-63,3.899582802880239e-44,0.133385914176016,0.388178830382488,0.5214983919385148,0.09439552326609768,0.6258414308959903,0.6048498512917121,-0.236681518236726,0.5622585302705649,0.5861620052678076,-0.04623024657594202,0.12884413403189723,0.20350420134178548
2022-08-11,252,0.785337776719734,0.7809747234010295,0.0009412812011828811,0.5743290224149212,0.5799728707579515,1.0873066725666871,1.302969512811859e-63,3.5119093930628813e-44,0.13141181629783383,0.39556492999941073,0.5273523782358172,0.08814387397305412,0.6498674815855295,0.6305362777487552,-0.2458092503543788,0.5473254777602198,0.5717416026013794,-0.045973984926912376,0.13160323579361705,0.20593944403993603
2022-08-12,252,0.7853816623019045,0.7810195009665775,0.0010414692945579888,0.5344827533332144,0.5413757035715421,1.0858260998073175,2.1007251896654984e-63,6.619109000453137e-44,0.1412997108624015,0.35853491229072976,0.4936576382841348,0.09704583909572201,0.6162390646108427,0.5928058623372348,-0.21849973733658679,0.5907433644548645,0.6092751417705065,-0.04573714477184914,0.1334850652299769,0.20846798222426333
2022-08-15,252,0.7831612710948705,0.7787539798569614,0.000978435718200478,0.5603026913636386,0.5695689056771945,1.085278872346113,8.046986875676625e-63,1.25470125450161e-42,0.13724084503920692,0.3721303596388662,0.5053755665571277,0.09729561256274533,0.616261722071991,0.591073631212963,-0.23748624189282175,0.5573943024849828,0.5788431076614069,-0.04641942515991848,0.12773188717412798,0.2010197696455458
2022-08-16,252,0.7826228724759843,0.7782046381767157,0.0009973257076204215,0.5525066877009631,0.5606602548723874,1.0843813941356646,1.195700488380354e-62,2.718195982292735e-42,0.1405272177553289,0.3613037823652785,0.49695003496712375,0.10197550166826919,0.5996366000776685,0.573836346689794,-0.2336287097439545,0.5636541864312175,0.5844965632047681,-0.04594419029389039,0.13174562574016627,0.20599325288499437
2022-08-17,252,0.7823006641075727,0.7778758808577266,0.001037775921337021,0.5362728306629777,0.5443609345846653,1.0841239428149778,1.2260949123990171e-62,3.3265057144349145e-42,0.14196849418729868,0.35609786003590793,0.49256625555868094,0.1013972534928207,0.6009550001925592,0.5742327732420343,-0.22760131410335893,0.5741905604275943,0.5942960090030689,-0.045330821789983836,0.137817481274748,0.21495375339056533
2022-08-18,252,0.7821821349333403,0.7777549425539367,0.0010396324738805574,0.5363042405851424,0.549396432296871,1.0832855709929043,1.776252040832323e-62,6.501721426211016e-42,0.13924937633340354,0.36717447162808203,0.502558143662574,0.10427838011415203,0.590778195346673,0.5630012987023376,-0.20017942780862708,0.6189282536479097,0.6359621904938628,-0.047358990955353265,0.127627640355801,0.2128165845090899
2022-08-19,252,0.7859978030481607,0.781648164898733,0.0009723323866213477,0.5634993505926127,0.5790862061985078,1.0857214946316822,5.097016270847664e-63,8.908295672652219e-43,0.14006337288100526,0.3646041027910669,0.4997254542868931,0.10484234346998111,0.5889402558690416,0.5617083805598996,-0.21866968807384435,0.5873805645358023,0.6049322719691268,-0.04687448536192119,0.13152130868078105,0.21632386934521497
2022-08-22,252,0.7873715013155055,0.7830497838625686,0.001091548305111625,0.5151549664762147,0.5303804351308989,1.0878971765611332,6.852514192251654e-64,1.5556892562145287e-44,0.12385438050767236,0.42194815720636003,0.5511082391853782,0.10693664327994773,0.5795949748408051,0.55047430124486,-0.22615082610570178,0.572181596157729,0.594451375264176,-0.053138618003100956,0.08796247017488315,0.1658846681215581
2022-08-23,252,0.7872440354926344,0.7829197272709401,0.001184216301313034,0.48041810125452067,0.4943183073925468,1.0878232477320524,8.721109214581666e-64,1.988693526101733e-44,0.12541523855201991,0.4166416102126046,0.546775368801097,0.1134926049295194,0.5577561078894193,0.5288627697441832,-0.24239646177587915,0.5451753844842202,0.5684022323398423,-0.052848134011745956,0.0899239499674674,0.16723317569292673
2022-08-24,252,0.7868044365642883,0.7824711934050259,0.0012031732575503607,0.4734273815808765,0.48732499794679807,1.0870556306486083,1.5018076877583242e-63,6.187042090629869e-44,0.12752729229748683,0.4095180883510807,0.5420447079971804,0.11414430766540373,0.5554967170206163,0.526708554907505,-0.24396730727261123,0.5425731834576624,0.5659135324363662,-0.052618647913218894,0.09099605823036679,0.16839158415070998
2022-08-25,252,0.7870768680157445,0.7827491620811051,0.0012889094880304392,0.4424180654353054,0.46010310533923404,1.0880557161249471,1.4242119828194018e-63,9.140915489501547e-44,0.1263038792189104,0.4134127375993335,0.5451053734365428,0.10821480186102739,0.5768405622005787,0.5512610976280705,-0.25202422936425367,0.5293940632042156,0.5543152569894736,-0.05283237534702794,0.08958510425856007,0.16625776477144927
2022-08-26,252,0.7890494525627206,0.7847618398099304,0.0011147327116021945,0.5075758777219657,0.5216331852114515,1.0894628393576136,2.2149130822948346e-63,4.713770821520959e-44,0.13547596727147682,0.38197730248539385,0.5182844508488809,0.13109305775239632,0.49812252292739523,0.46980002336537485,-0.23778157617423912,0.5538264937301811,0.5779170072809283,-0.05527825327338211,0.07821768569241701,0.15661347341552448
2022-08-29,252,0.7875217127932687,0.7832030484191481,0.001267914165775368,0.45227944305207834,0.46761742429967634,1.0915378721046198,2.4250245239662055e-63,3.3722491063269366e-44,0.1260300819040836,0.4174387075058217,0.547949348496291,0.13407641552818794,0.49076379428894457,0.46074372820153453,-0.24529338460331074,0.542357145618324,0.5663898513354053,-0.05653435544504655,0.07390212633755869,0.1521872198074968
2022-08-30,252,0.7884766428220892,0.7841773875948959,0.0011930748229215778,0.47837962456255856,0.48746786358490424,1.0958930904864324,1.6364252144621778e-63,9.99840657283281e-44,0.11190203892867295,0.4705834191628303,0.5943643971981796,0.13327565427726284,0.49146704186149426,0.4605344592970949,-0.24355399835164843,0.5439904907466471,0.5678417465452714,-0.05763591765570745,0.06763477941490363,0.1456898439556168
2022-08-31,252,0.791890576350636,0.7876607100162993,0.0009658531794731978,0.5618507484251212,0.56363044981293,1.0954080445028394,2.606503249081028e-64,4.222653822611468e-44,0.10494472207389555,0.4933443541089185,0.6168478431633775,0.12149172672351932,0.5256396956976719,0.4961962257880761,-0.24143042849858531,0.5430515982466118,0.5705172811371975,-0.05948384339415134,0.056646343204470984,0.1366667294512238
2022-09-01,252,0.7943028980952284,0.7901220626906599,0.000708586070202933,0.6665665636294724,0.6726876385185864,1.089129784684201,8.546620052345991e-65,4.0053216391292377e-44,0.11318028199001662,0.4540470996393211,0.5879662544848016,0.12715395507043203,0.5006007942265049,0.47892002114854826,-0.17635347551847808,0.6507235301522676,0.6748974408071959,-0.0595822357705295,0.052889998350170754,0.13664097427361713
2022-09-02,252,0.7949007351385418,0.7907320508933902,0.0008178659845838036,0.6186472920350783,0.6260447974172267,1.0899610931233756,5.958351997898024e-65,5.171950484320159e-44,0.1136198582988941,0.45063305376157814,0.5845090341017993,0.12305116142943329,0.5137708420427187,0.49192056090263847,-0.19353117417211796,0.6190898876220117,0.6462538104203734,-0.058859437780962434,0.055257387714906264,0.1384831698965061
2022-09-06,252,0.7906653616187556,0.786410592545966,0.0009054136858659386,0.5855102880500891,0.5961781954375763,1.081581165541334,6.66180165347835e-64,3.0996566255476692e-43,0.1268584842679923,0.40359355779310646,0.5425815102524044,0.10686425352177464,0.5753012356149196,0.5461596261191075,-0.13772921997496884,0.7254099394292097,0.7442427815943374,-0.057377200057746575,0.06395307003901872,0.14773099491588554
2022-09-07,252,0.7910713864262526,0.7868248698902008,0.001153041550675005,0.4819857764579787,0.49369849850127356,1.0708687170319569,1.0766849860357786e-63,8.153177128731811e-42,0.17038927788820926,0.259399206135923,0.4040741620368612,0.06173407263595332,0.744212518772625,0.7218741938411625,-0.12282801959403655,0.7513381757181935,0.7688691571391227,-0.04928868121458792,0.10927249022366443,0.18547786608515582
2022-09-08,252,0.7926827391907094,0.788468973727106,0.0010034234977220851,0.5386952023589621,0.551452671776245,1.0716225518876588,4.723882397790303e-64,6.214217766548917e-42,0.17711023253176733,0.23936359115356468,0.38442836303615224,0.06784044060256583,0.7187063065568391,0.695608993067667,-0.12195185311824494,0.7519479993443459,0.7703259130198923,-0.04770686068165875,0.11961903360766483,0.1962613436633861
2022-09-09,252,0.7888162622730253,0.7845239098802006,0.0007633829394062463,0.6431306779534862,0.6494290201663544,1.0573316619368145,6.886003953544543e-63,5.241392197680703e-40,0.1714145368277255,0.25988582046321534,0.4018197232909292,0.06594515615561247,0.7290974554832345,0.7007830529399695,-0.06742582681449796,0.8624948276212993,0.8732132104041193,-0.05067480840647538,0.10191137775650223,0.17092044644012472
2022-09-12,252,0.7849893181700637,0.7806191823605122,0.0005879547537631306,0.7225552953805177,0.7330845923000527,1.0514677025634223,4.415428166334875e-62,6.065560331018029e-39,0.15533430073030788,0.30955203373642143,0.45055265543740886,0.049968461977288714,0.7943001079903438,0.7709787493679789,-0.016782577577039992,0.9657490015545582,0.9689150616551947,-0.05523854158558954,0.07593316159511888,0.1479171050445543
2022-09-13,252,0.7851293569503023,0.7807620674574223,0.0006053070155109296,0.7159036852179861,0.7237650319582238,1.0494512257256772,9.593307762095591e-62,2.2741745679844513e-38,0.1355126483779571,0.3742187191748606,0.5136428916136249,0.03028362362472259,0.8745372914757681,0.8604271762728999,0.03907705516834503,0.9201817752037744,0.9288460238690944,-0.05606643205083081,0.07329388177294675,0.14656500202872574
2022-09-14,252,0.7835922969250542,0.7791937663747504,0.0007659188045168594,0.6461956512354542,0.6524806839997964,1.0492989877916103,3.209953153228328e-61,1.7905516671515106e-37,0.1348029294020584,0.37864031371165896,0.517165729705124,0.02289338050708828,0.9052903135748924,0.8949244541834707,0.023826744964667135,0.9514066526234366,0.9561494430993367,-0.056798019147176616,0.07046040828350884,0.14350715730937508
2022-09-15,252,0.7793940743154997,0.7749102140373594,0.00038050815903475596,0.8221546293614266,0.8277593854814976,1.0486031119460062,3.909250109687881e-60,1.2989506097551651e-37,0.17314613778585142,0.2639162831111578,0.3979401497991093,0.10891702371127143,0.5736980311927959,0.5320749156214963,0.09859186356743443,0.8035195134476532,0.825892322684101,-0.05101426519283052,0.10883536294969018,0.1779225386508062
2022-09-16,252,0.7783877853643877,0.7738834720587858,0.0002655379296601257,0.8756518545435883,0.8807104736081449,1.0471259201623289,7.051397169442718e-60,1.7826670514359562e-37,0.18174273182982253,0.24180382982285262,0.37460752804974295,0.10360175561886709,0.5968428719412697,0.5576596082969856,0.10079642322922963,0.7997241655003318,0.8221241226118972,-0.04987499355219901,0.1179762874936727,0.18670514715762954
2022-09-19,252,0.7783419455477513,0.7738367005385592,0.0002727508182014519,0.8722351273917663,0.8782269590748544,1.0496971446612768,4.0742300238898516e-60,1.4658460785431418e-37,0.18494723685261558,0.23369733309319748,0.3617233147973954,0.1047002359283104,0.5927610169880059,0.5565132724553677,0.11881942433397823,0.7648622026876117,0.7909511191963092,-0.04653155201621553,0.14617005920989798,0.21020057911198908
2022-09-20,252,0.7741282032702034,0.7695373130927685,0.000369007634520063,0.82760309232306,0.8351140283308514,1.0447269717808005,2.0575651478335243e-59,9.140987665452618e-37,0.20109562334760162,0.19789927517230535,0.3252356166481414,0.11308890400610927,0.563334098589038,0.5255775976391576,0.11086661894791805,0.7797798298258757,0.8039076209518209,-0.04189237172237652,0.1958594137992571,0.255291542989305
2022-09-21,252,0.7727421908917826,0.7681231297310466,0.00032311406334017945,0.8491039310579561,0.856057990652868,1.0405711509371076,1.285479803810235e-58,5.0933354264598347e-36,0.2130386518454096,0.17295869250206614,0.2988661815444301,0.1156937742775967,0.5559516147037709,0.5168824383932136,0.09391761221070401,0.8130331968998714,0.8333523682260543,-0.041797941719371054,0.19824436895997904,0.25853406293036296
2022-09-22,252,0.7710084114757487,0.7663541108959875,0.0002657983961599701,0.8754363876842913,0.8808765527024315,1.0380628786117634,1.0427306400639961e-58,3.4119267804961666e-36,0.22258826868010678,0.153665915090079,0.27422608257205827,0.11647591640427585,0.5523489050843036,0.5147781635129989,0.08629568550858366,0.8272640327182286,0.8458378651999277,-0.03814078467822725,0.24274795051750991,0.2994529516006086
2022-09-23,252,0.7706729831676666,0.7660118649393672,0.00034547921167223843,0.838883583987457,0.8463951520388162,1.0402690812432154,6.611664785681444e-59,2.991493671643204e-36,0.2173086059282856,0.16504729620233158,0.28863505509689025,0.09986181824049378,0.6133604976564271,0.5857620713129301,0.10848421116759312,0.7813818822494865,0.8048918838244364,-0.038810952915727066,0.23645548138741612,0.29327471899125157
2022-09-26,252,0.7699526348040411,0.7652768753488387,0.0004833761110582933,0.7756986077023857,0.7854243290569574,1.036749295638201,1.4411517795665624e-58,1.569572159911478e-35,0.22020708111648446,0.15853406797730699,0.28329954764199816,0.09851678869192398,0.6169159780225836,0.5898656609573323,0.13303202541277293,0.7327265597808916,0.7620948862491169,-0.03975375196800526,0.2243456342146163,0.28183667089285946
2022-09-27,252,0.7703963711867556,0.7657296307637222,0.0004135821937389381,0.8072056484051816,0.8159391814037393,1.0370532417655887,1.1627752390005977e-58,1.271116969994392e-35,0.21732976641432672,0.1635776390880622,0.28953057448701003,0.0984556454500401,0.6167320198358746,0.5897931129733156,0.13553638437259552,0.7276504597782761,0.7579512575472067,-0.040836731030828126,0.2119810419857688,0.27195370681992426
2022-09-28,252,0.7694029948194305,0.7647160638198255,0.0003037672173026131,0.8576411736401178,0.8642974631079026,1.0383374796349356,1.0832770255106649e-58,1.4113542255347918e-35,0.2132469055761994,0.17204711506153508,0.29705032088379146,0.08456731740243445,0.6666038768644856,0.6460488767810166,0.1716341685735887,0.6569747211033239,0.6934870264995607,-0.04086109594725322,0.2174293636019074,0.2832739604826705
2022-09-29,252,0.7692933166507293,0.7646041564200531,0.00029681227743444784,0.8607270384030542,0.8664830475684948,1.0381674219417727,7.424998727600742e-59,4.404659988731366e-36,0.2139476597468971,0.16708369592704217,0.2862936514277743,0.08515173198636333,0.6642370071987578,0.6415811419039543,0.17088823634023564,0.6577060686275265,0.6918866035455704,-0.040750480748910536,0.21877010045370457,0.28490777782596444
2022-09-30,252,0.7683856471590498,0.7636780383614695,0.00032794575082332144,0.8463482499418467,0.8531188294433438,1.0388951264464432,1.335009261037537e-58,1.4920712496276033e-35,0.21137005939648928,0.17070535307865556,0.28910892037477287,0.08820418046769246,0.6555864252218804,0.6317056008703151,0.17001803743540927,0.6592780818018421,0.6926244462931735,-0.041004716399390684,0.2151164529446515,0.28181102923352663
2022-10-03,252,0.76463966246999,0.7598559157722257,0.00026406678168341654,0.8761728015053406,0.8826043283200649,1.042371972783044,5.265906831196507e-58,1.9104873495680425e-34,0.19582002696810424,0.20490162542508022,0.3270799678327001,0.0664193274375448,0.7350386485082123,0.7168163660812377,0.16388343052272447,0.6712229526978954,0.7030391682755569,-0.042513440825235345,0.2002461551843379,0.2656775018091221
2022-10-04,252,0.7645670184854941,0.7597817952839798,0.00014065657192895555,0.9337703111698922,0.9375643278017012,1.0416656342234654,1.1194212511453462e-57,1.4574033423192623e-33,0.18920372668343263,0.2187834148957626,0.3435533785067171,0.05924665724290795,0.7623828401991223,0.7466852253139946,0.20152264240049544,0.598435056331549,0.6330354229980062,-0.044570411011493935,0.17767903553934358,0.24266427515757005
2022-10-05,252,0.7642887144502419,0.7594978346626452,0.00020483976596017642,0.9036922830505535,0.9091629304198927,1.0435505291464386,1.0494700958673013e-57,8.473155524423638e-34,0.18715504146542303,0.22358211410367354,0.3490897498520509,0.05713686072942015,0.7704798892000503,0.7557821443064119,0.2079670822535179,0.58461714620114,0.6184225968471508,-0.04537231069630454,0.16985096573363062,0.23685901831537692
2022-10-06,252,0.7690188285528818,0.7643240892958266,0.0004978716421529857,0.7666043976955522,0.7794688569406327,1.0582683553739631,7.772489932943664e-59,1.4829084453739556e-36,0.18089553637947103,0.2340796927563393,0.36214688760794744,0.06611737653623345,0.7326983959096394,0.7191250015119628,0.27139890895391333,0.46759447041268143,0.5076790629140862,-0.0441959556492641,0.17599173641633534,0.2519938229654096
2022-10-07,252,0.7697679703887751,0.765088457591799,0.00044543651360659823,0.7903089698693384,0.8027038247054585,1.0635631147504254,3.166213155270282e-59,1.7429711332692962e-37,0.16345833584747566,0.27388642718570577,0.3961020425230717,0.061795791370892306,0.7488681560088819,0.7356522197832863,0.27471590093454057,0.46148777717370515,0.5015543496685402,-0.04459579436609233,0.16915968966214912,0.24272972089439138
2022-10-10,252,0.7701162700300135,0.7654438364940381,0.0004673552379914099,0.780239384075644,0.7924749079579092,1.0639332376965722,2.95584356359187e-59,1.3699408870126042e-37,0.1600635684293937,0.2847923983393901,0.40703954656896757,0.06601987195177933,0.7299527634503951,0.7124600887953383,0.27157679965515974,0.4665994129991753,0.5071844685934755,-0.04549973883466123,0.16149257728143288,0.23769755122593017
2022-10-11,252,0.7768944770423176,0.7723598119415518,0.000777551833223053,0.6377613041784864,0.6583931908125417,1.0826679994657222,7.503477745968293e-61,4.531485996890444e-41,0.1509740330706253,0.3057711057122017,0.4294471862080763,0.06108835488303943,0.7455389519968204,0.7348438704298141,0.29498293540449083,0.42233353647155425,0.4701151886593963,-0.04021543971301436,0.20973193048022012,0.28654439487742833
2022-10-12,252,0.7770604889038304,0.772529198027892,0.0007600178258325672,0.6451002533483525,0.6646011284566589,1.0836996862057802,6.774683103479529e-61,3.4272171483227555e-41,0.14985370052212962,0.3092350531105874,0.4324956476802304,0.05762421771922538,0.7593777776405765,0.7487112219182007,0.29055733135727363,0.42930673048881596,0.47675636134758315,-0.04003340001423433,0.21171384671841334,0.2883350595119184
2022-10-13,252,0.7760544639640493,0.7715027254267333,0.0006441619907581617,0.6964256035120211,0.7127712977842595,1.084804090392638,6.864010057756147e-61,2.8701487860327883e-41,0.1434506611031275,0.3303676075528875,0.4517282684324473,0.06081440181931852,0.7485590028216756,0.7367096288609825,0.32199779869764616,0.37929694649640755,0.4260403863409704,-0.040663087579171635,0.20553264945718794,0.2825544050894411
2022-10-14,252,0.7772860466377618,0.7727593402686106,0.0005336464971456288,0.7455859946807014,0.7628675647817006,1.0907775441411838,1.0530277599067506e-61,1.5449121009021814e-42,0.12175566849739053,0.40066551842616316,0.5129106247379778,0.04024717469214956,0.8303887590692527,0.820288583180155,0.33127218928792784,0.3632957875476278,0.41146782140163096,-0.040333984601279,0.20504641953505384,0.27959219098849597
2022-10-17,252,0.7825121115345547,0.7780916259966392,0.0008470726174737432,0.6021041033042638,0.626215829320836,1.1063175990011573,5.763765104318094e-63,3.537702437901669e-44,0.10259214293703091,0.4705093455270808,0.5734270211317976,-0.017171073079197685,0.9269157152692177,0.9199436341149109,0.28921935751868355,0.4199130362265331,0.4692317562267415,-0.040741452867387735,0.19298114598481195,0.26861537553310066
2022-10-18,252,0.7844246822024097,0.7800430700520522,0.0009839244461657308,0.5430078612508302,0.5739668381661873,1.1069069334911679,2.1473834448763862e-63,3.210935710403202e-44,0.11032954277254779,0.43567028153485043,0.5445535888530637,-0.017889598497818016,0.923481240287057,0.9166992856947593,0.2895579074539961,0.41715106171332084,0.46893838461544535,-0.039091318396450234,0.20966356186669852,0.2856441753712188
2022-10-19,252,0.7840171225815988,0.779627226699111,0.0009876461711892427,0.5419777153255554,0.575881886786338,1.1074302366673183,2.4981010696073743e-63,5.011632597588713e-44,0.11063829703057794,0.43441328258136136,0.5433057106970205,-0.012711319267712184,0.9454894653565276,0.9405623277511966,0.28072816154677704,0.4309226235984901,0.4827293244060715,-0.03902205592050742,0.21049174984520916,0.2862302722112281
2022-10-20,252,0.7845335759247191,0.7801541770614003,0.0008174265138310632,0.6121379575350543,0.6392115766004134,1.103646902571847,2.3914657287935417e-63,4.691371035804323e-43,0.1174241097204487,0.4040972255977858,0.519217428925171,-0.024761960938185612,0.8936124239538838,0.8840303491002541,0.29078677916570866,0.4122836957786479,0.46677358982485184,-0.038467874747244196,0.21418167732504279,0.2900031866830469
2022-10-21,252,0.7863936841859114,0.7820520924010722,0.0007235549271546343,0.651596829334408,0.6729430611338054,1.1118659286647543,9.662572663026275e-64,4.1063745384543356e-43,0.10800931962001517,0.4392434772636731,0.5480035424658578,-0.02569542100522998,0.8889410046984724,0.8798456639154211,0.274005012103234,0.43719004588440413,0.49279479864860964,-0.037102241531544365,0.22771142248010762,0.30352619727320673
2022-10-24,252,0.7861419820242606,0.7817952743418268,0.0007850675305843635,0.6246145615958381,0.6458352542969793,1.112546494186549,1.1759739219423467e-63,4.051198370413371e-43,0.11371249295583252,0.4157321651343062,0.5265933716079985,-0.030057243238861886,0.8705614818453531,0.8600733848143657,0.2756530434511788,0.4351943345613166,0.4904646568521098,-0.03601085196066412,0.24193111365753303,0.3155705035726988
2022-10-25,252,0.7855001716233874,0.7811404190141067,0.0009181202543353298,0.5682248802748167,0.5906781488954345,1.1125526991582375,2.806284430115768e-63,7.336643954734908e-43,0.11811320643651256,0.399678630298005,0.5107576889621745,-0.04241765711899104,0.8190306837198051,0.8050287413605965,0.2103016249566537,0.5515714501191056,0.5990105243746615,-0.035154574268522726,0.2550482101195017,0.3233380474788542
2022-10-26,252,0.786483854487554,0.782144095432423,0.0009911025332185667,0.5377174147055219,0.5623762204366525,1.1227893347107494,4.915521438208824e-64,1.4190499206729956e-44,0.06995307514700813,0.6120770289607584,0.6885827289054689,-0.03950809171822306,0.831553522043867,0.8172527661265767,0.13500946192576707,0.6986177472372314,0.737386234915056,-0.04198543274649714,0.17258173259653353,0.24835949376500266
2022-10-27,252,0.7862549836319932,0.7819105727302045,0.0010167631756711072,0.5274726198188355,0.5536545276347691,1.1215150026204048,7.204707534393386e-64,2.6142287517156176e-44,0.07689233564901227,0.5776740204275479,0.6599703787013251,-0.03909871969182832,0.8332164984219859,0.8192201817135287,0.12334188535726048,0.7226507715803642,0.7594772416530048,-0.04033742608466433,0.190370322927231,0.2642858623485155
2022-10-28,252,0.7868119565511937,0.7824788662371936,0.0008165521679521315,0.6098044542756402,0.6336994099496878,1.118066049112075,4.518699100843858e-64,5.727950520222242e-44,0.07473581986466404,0.5845734433222305,0.6667202079431134,-0.03798752074722733,0.8364288577836375,0.8229682486297161,0.15814144023830093,0.647544169891505,0.6949794534158436,-0.041509268378630775,0.17505299698903778,0.2525485300040362
2022-10-31,252,0.7862500055898847,0.7819054935083782,0.0008792701804024546,0.5829986401619097,0.6101007183700193,1.1191284756287696,5.488488582265048e-64,6.928903599443068e-44,0.07249074368250721,0.5960211368661628,0.6763462809748761,-0.03703236013538602,0.8406755259754545,0.8272246706141837,0.17943427420849412,0.604313142380991,0.6538794777976374,-0.042058219438819176,0.16955987791418695,0.24819325193578878
2022-11-01,252,0.7861590092522721,0.7818126476517085,0.000893323306506068,0.5770860279015742,0.6044361059715198,1.1194364029999666,6.40971534172622e-64,7.374528197156937e-44,0.0708556489117077,0.6045306062637585,0.6837773459636205,-0.036269689656592,0.843980031681512,0.8308851580326815,0.17926448841307607,0.6047321484787791,0.6542095072638379,-0.042304134434475796,0.16713914392932694,0.24647436434456182
2022-11-02,252,0.7852193993005127,0.7808539399367019,0.0007591364792985265,0.6358070751818612,0.6600195068767036,1.1158441780555761,1.4769100865388578e-63,3.965645828700341e-43,0.0899360869457621,0.5049017550255,0.5952134860105268,-0.03128342699303677,0.8652381298093991,0.8537780001943144,0.18964051109123203,0.5835363038326973,0.6339662147516867,-0.039593594307687455,0.1932352819864848,0.26899748628125497
2022-11-03,252,0.7852739299088705,0.7809095788907581,0.0007411902812248319,0.6442196587627724,0.6695096066221644,1.1162919101974567,1.0721511296735348e-63,2.824988062129008e-43,0.08924187974914151,0.506833119375636,0.5956016635810977,-0.02721647083560974,0.8832747795283388,0.8742573233415775,0.19807318815480107,0.5640513481643996,0.6164242024368172,-0.03957678195434453,0.19206658191955697,0.26632852565508436
2022-11-04,252,0.7864605424126444,0.7821203095348527,0.0008274868876091,0.6056289422731794,0.6280829492463949,1.1191275768280669,1.0551836165528952e-63,1.1405081613249028e-43,0.0810240720267956,0.5495225481898403,0.6335173725530346,-0.023201194042741013,0.9011826184043555,0.8963673212077584,0.1341179649364403,0.6948995170718102,0.7307031698120335,-0.039860445115320706,0.18993353767179347,0.2629599721119952
2022-11-07,252,0.7865132837732508,0.7821741228743332,0.0007574543547666704,0.636814642417872,0.6571843114136933,1.1215925031588392,5.96775572931695e-64,4.765763029197714e-44,0.07806413986860726,0.5654791071347129,0.6469609178134915,-0.01918721815452029,0.918667832603332,0.9149074848713861,0.15719606149098486,0.645151650886358,0.684737399418035,-0.039957617665079784,0.1909774760578416,0.2669924039724698
2022-11-08,252,0.7922622281553215,0.7880399157194541,0.0008467942062439025,0.5982506926220051,0.6268158495470086,1.1541740783569148,2.1561045124653235e-66,5.2240636847205026e-46,0.039133667914394876,0.7709436151610337,0.8140737116920097,-0.05862546608837682,0.7524402744786782,0.7453819524141813,0.14904417166177364,0.6622742402521845,0.7010253696255611,-0.039004967051566676,0.20201681511565991,0.28721643148985077
2022-11-09,252,0.801277468136556,0.797238392285673,0.0008491908852084138,0.5980600358765047,0.6290221584227108,1.1598537867057437,9.708686597489726e-69,2.266873799065694e-50,0.038096214343551774,0.7769289335421534,0.8183208929287449,-0.06210444161721407,0.7382203246708525,0.7316780912997818,0.1365936147426331,0.6885640333274775,0.7225508373983833,-0.03761099165586912,0.2173939923829953,0.29718657732693643
2022-11-10,252,0.8065084226602854,0.8025756670232994,0.0010818557351322704,0.5022928520082253,0.527302352940528,1.1621535152147913,1.5788255529237385e-68,5.936365427679078e-50,0.07725486084135992,0.5615406167658725,0.6302069885394656,-0.04997137025073667,0.7897455192826508,0.7857456197338286,0.04035816770023187,0.9062870658189381,0.9179510139275053,-0.03134872362282526,0.30237162720170063,0.36736717558401477
2022-11-11,252,0.8060464349931645,0.8021042893629443,0.0011221916937030746,0.48653043802467744,0.5109746233445023,1.1577644916694008,1.3204851993799001e-68,1.7255560738295083e-50,0.08097431176061075,0.5429898905845922,0.6136562818166511,-0.06645424122758326,0.7240219297672648,0.7199001686072346,-0.040848997646349194,0.9037450545644274,0.9176265789254425,-0.030196741845231814,0.3214591148173764,0.37880260418140654
2022-11-14,252,0.8062335032465189,0.8022951598165701,0.0011136324008000382,0.48983562183013885,0.5129850750967943,1.157604244613823,1.6075440326582007e-68,2.497378625929423e-50,0.08060471119605729,0.544821206901439,0.6151907830915528,-0.06777978130702472,0.71855478556845,0.7143383196957749,-0.04346537055864197,0.8975389108155112,0.912415268178046,-0.030635162424200023,0.315348730912028,0.373893487162833
2022-11-15,252,0.8062554201354919,0.8023175221707661,0.0011134733867582095,0.48952124565887023,0.5103524365759056,1.1572040683478177,1.65134300967142e-68,2.154152401458487e-50,0.07733775324576131,0.5599721633919568,0.627493852327808,-0.06598048252855271,0.7256766384377212,0.7211370504354928,-0.03559212440842108,0.9160436051571368,0.9281826484233383,-0.03166197775339144,0.2973652675245212,0.35412259219583664
2022-11-16,252,0.8051934387320459,0.8012339557794452,0.0011109553839193866,0.49022078488078613,0.5095916417122377,1.1536025980150688,7.382602221662677e-68,4.7746619967288366e-49,0.09189336591683091,0.4885168968719096,0.5666829749740778,-0.06528061921531741,0.7283983487752343,0.7237941701837413,-0.015271431018560266,0.9639359401367333,0.969208100549891,-0.03016055679974381,0.31958458326350053,0.3741044167066141
2022-11-17,252,0.8050598316198736,0.8010976330755621,0.000993924238848734,0.5371879939756974,0.5549470802342018,1.1525706505485738,8.807337768618233e-68,5.782057039677588e-49,0.09173535032606467,0.4893208692166502,0.5674261227651826,-0.06753734942977063,0.7196961129062327,0.714770338319793,-0.02120722091598637,0.9499296326153879,0.9572697201277481,-0.030647721829933684,0.31231263824262606,0.3680421082665051
2022-11-18,252,0.8040625966776238,0.800080129130421,0.001029301421797144,0.5227936734843601,0.5402270267733938,1.1520533135132371,2.722248247104496e-67,3.592106611624233e-48,0.0922009609976184,0.4882449031694278,0.5679324157673882,-0.06968100801475186,0.7114480626695938,0.706605272668311,-0.02247599532808936,0.9470214720452543,0.9547476319117659,-0.030771888263090227,0.31055371751752303,0.3662950762421562
2022-11-21,252,0.8063189000189166,0.8023822922957239,0.0007547023534471788,0.6380430028811888,0.6516952710847894,1.1518671595444765,8.564574566135945e-68,6.704089839879395e-49,0.08501481341503309,0.5208952832726099,0.597472529034135,-0.06490426992838216,0.7291139713215024,0.7254090111181672,-0.08304320805327031,0.8050930009981923,0.8330541065497197,-0.030892650877898123,0.3053211631491325,0.3565231506740931
2022-11-22,252,0.8061253067815529,0.8021847642364626,0.000762455451120391,0.6343272419060326,0.6490372181874726,1.1512914850558646,8.826905391862838e-68,6.233114406302561e-49,0.08552968302218816,0.51829284670149,0.5948663516648203,-0.07843233709897501,0.6796363406862209,0.6828240039426675,-0.08339944357232726,0.8040990032764688,0.8322259174296966,-0.03010461842841506,0.31822524995430695,0.3698322515552711
2022-11-23,252,0.8069210944897991,0.8029967264916242,0.0006529868102487704,0.6826933464898794,0.6923473424470001,1.1476896728607526,1.1563262884787207e-67,2.4808945071643367e-48,0.09137288406779855,0.488840352778218,0.5732650719524148,-0.054900719548736265,0.7728060390756133,0.7707964832002714,-0.07362313415094285,0.8251546320683311,0.8487708895770713,-0.030609665682343953,0.3085244549379699,0.3621823199858535
2022-11-25,252,0.8064433748551603,0.802509297108314,0.000728898107358497,0.6484403915912439,0.6574333903851368,1.1479109736512068,1.681310674261208e-67,4.260698396780864e-48,0.08960071577716379,0.4978931415925115,0.5811106710727436,-0.051170691426133674,0.7881313815093818,0.7861913092255743,-0.07616107991958299,0.8196721159515856,0.8441006716784399,-0.030732761368996667,0.30745747640270216,0.361065432437658
2022-11-28,252,0.8066807156123262,0.8027514618646093,0.0005821668855933812,0.7161582086704477,0.7255346666964435,1.148179849109248,1.1790937218702992e-67,7.58134828259231e-49,0.06126476414779668,0.6513362103036786,0.7101402172434697,-0.037414678006707947,0.8443891198538037,0.8406216000568305,-0.030105411751322697,0.9288303195885294,0.9385074320423212,-0.04431073253217122,0.1869444725235043,0.23014073361799303
2022-11-29,252,0.8039359452073134,0.7999509034432344,0.0006733808587379079,0.6744242767512301,0.6853401164530173,1.1502084831193011,2.2130048316336247e-67,1.1267625218063073e-48,0.0548583741972696,0.6885606903492165,0.7430373914940057,-0.03031946969477961,0.8737578282598818,0.8703572554615162,-0.020945155236832713,0.9506465774156625,0.9571790855928162,-0.04579391644979035,0.18356279665765612,0.23156590701499546
2022-11-30,252,0.8100465420321952,0.8061856993905732,0.00035711933531995814,0.8212312644118756,0.8263155913846014,1.1471663348722876,3.0200929337998725e-68,1.452118213611621e-48,0.03681022047027223,0.7837128961268862,0.8228173762822405,0.01022434766829089,0.956772088044388,0.9544199373222897,0.06914231233922935,0.8364665364976392,0.856838010729588,-0.06233291776290412,0.07076043401585819,0.09811296589477927
2022-12-01,252,0.8100879226967108,0.8062279211255058,0.0003719643331593018,0.8141992595085066,0.8206435180751819,1.1480658530418695,3.1688060503904648e-68,3.392117510384532e-48,0.03815986837854924,0.7759521934306701,0.8162391209321442,0.006163273958100568,0.9735762800064768,0.9720454869540809,0.07013601472007297,0.8339962751597441,0.8548629239242965,-0.06110007614691623,0.0785673495864186,0.10996321245474039
2022-12-02,252,0.8102279168968636,0.8063707607362307,0.0004121399306304973,0.7943952189565084,0.8010713914395535,1.1475234601437263,3.6665220863342965e-68,5.721031972306766e-48,0.03517905738280673,0.7928800389419451,0.8300823011099102,0.0007141587326832677,0.9969429181039129,0.9967693204130303,0.06727358101117503,0.8405661660915976,0.8603796368071324,-0.0626924962331799,0.07243517639140283,0.10776540407782134
2022-12-05,252,0.8091786623305807,0.805300179857625,0.0003507287026651481,0.8244868010787472,0.8292445352391321,1.14617817644313,5.054971480168444e-68,5.705070078590025e-48,0.03608019675465361,0.7878953601478923,0.8260536813659929,0.010903762452867172,0.9533071588360109,0.9503967249330456,0.06699339889505007,0.8413250393749803,0.860826828565251,-0.06380110122705009,0.06776551860369265,0.10168187938868113
2022-12-06,252,0.8195791299081933,0.8159120390526687,0.00015455758355935453,0.9197558078965242,0.9234248810788472,1.1698146221546373,2.625658306621018e-71,1.0066909088596731e-51,0.04009516699466417,0.7581112136398227,0.8043309738496498,0.005071670361169567,0.9776382033128623,0.9775104912025404,0.025495812764254888,0.9375315003780689,0.9476988122488258,-0.0454413581693546,0.18400683570971174,0.24333208859164113
2022-12-07,252,0.8202826666217286,0.8166298752929019,0.00016569895107120067,0.9137618213113665,0.9171936337751857,1.1666491937688623,5.2371374057149155e-71,6.941771166212025e-51,0.03633739130407823,0.7799243462319604,0.8225196717843416,0.012547225622485225,0.9446928042902637,0.9439798487931925,0.06118702536065096,0.850974310616899,0.874833208663514,-0.05308720251031785,0.1280300686763042,0.18114505101462497
2022-12-08,252,0.8213018873966523,0.8176698119372348,0.00011549110118464802,0.9396382368773164,0.9421503442453008,1.168634324832409,2.615895746154993e-71,5.505547436360534e-51,0.04697639414853563,0.7177273234036678,0.7728466127635994,0.0160260829898064,0.9292403107106143,0.9286885371641056,0.07584821853212537,0.8155832073855871,0.8454208504089638,-0.04841193340834217,0.16619873604862784,0.23184818686678066
2022-12-09,252,0.8201831446372609,0.816528330503872,0.00010591848917259326,0.9446257297879324,0.9467239976675773,1.1682287758175565,3.7669200723685995e-71,9.611562314976733e-51,0.04761035262564495,0.7142501699802768,0.7701435304515261,0.014149513905566458,0.9374936253721842,0.9370019227134082,0.07513090700567121,0.8173003086439296,0.8468790485937929,-0.04828355787385559,0.16790039782446903,0.23387592121110323
2022-12-12,252,0.8228472620561237,0.8192465966507604,0.00029725403425531565,0.8438199924593331,0.8487695072788767,1.1637405613016956,1.8820065685327746e-71,2.325791539018353e-50,0.03015889232189592,0.8135152017886977,0.850902890146656,0.024708652698985922,0.8899943045050692,0.8888404194845252,0.08380666259579111,0.7948934727349701,0.828521522546273,-0.059597279944801296,0.0862563228018262,0.1278239649121367
2022-12-13,252,0.8232149592941698,0.8196217674099049,0.0003243553121649108,0.8297333578752454,0.8353256068012687,1.1640116435581218,1.6395025260554268e-71,2.3433279628503624e-50,0.03549665390973446,0.7805631495730033,0.8241294134293232,0.021473507896093313,0.9040024949460064,0.903687190936448,0.09315343773924822,0.7721816031744934,0.809201756252952,-0.05673193064206988,0.10139266397609303,0.14764570322016982
2022-12-14,252,0.8229686479888936,0.8193704497772858,0.0002868801500713822,0.849380283679187,0.8549623189239516,1.1638182382157396,2.1122078928961433e-71,4.425988115822837e-50,0.04362148211521481,0.730858477954557,0.7831563805437451,0.024282196024050684,0.8917311475482272,0.8913482168478593,0.0999226673166021,0.7561775865469531,0.7957889998035467,-0.05418413204510671,0.11673113781932179,0.1670897101258032
2022-12-15,252,0.8219486420736662,0.8183297120345131,0.00026505128677062036,0.8607165472109958,0.8659152458902077,1.1634222407345662,2.1681082974289582e-71,4.834206611055551e-50,0.04432063073515946,0.7260993364177264,0.7782821160611412,0.02432590738877166,0.8910128333314522,0.8901344065215759,0.09783093363821366,0.7611179817788392,0.7998107170493327,-0.053223438791073066,0.1250058692056278,0.17713628291481998
2022-12-16,252,0.8224734935040087,0.8188652311768544,8.500153759564695e-05,0.9552407785428231,0.9571925021219057,1.1668207482564168,1.3798582673370862e-71,1.0979540705680835e-50,0.05377417761096735,0.6719274425273237,0.732743548310756,-0.004445937178050974,0.9801152249469788,0.9800352488527272,0.09586012383687159,0.7663520793173709,0.804527437522854,-0.05105698319313176,0.14134850782017963,0.19535212066530439
2022-12-19,252,0.8225377957582142,0.8189308403874462,6.926581888569818e-05,0.963517508925911,0.9650711750021612,1.1685969165269712,1.1838593143711246e-71,7.215054539322983e-51,0.040464004142249974,0.7499876078581302,0.7970136701146917,-0.014064700415047704,0.9372464635507682,0.9372644826950798,0.0741130694797818,0.818706160035678,0.849100509785454,-0.0536858083910251,0.12189476581619436,0.1717979501161374
2022-12-20,252,0.8228787795591053,0.8192787547533961,9.76526298125161e-05,0.9486236883266929,0.9509013712409901,1.1691920122350148,1.4062224057110584e-71,1.427010043074631e-50,0.037927344748837674,0.764834614734246,0.8091269439981741,-0.009930193372609919,0.9556452695993622,0.9558190382295357,0.07081781029283568,0.8267708791771131,0.8560260450114194,-0.05423477982399493,0.11838247621018974,0.1700602293876886
2022-12-21,252,0.8242119883162703,0.8206390612495278,0.00023747430006505494,0.8750416315847751,0.8801959907296673,1.171321694200292,4.3493960257759374e-72,6.301325549441986e-51,0.04136622032689946,0.7431012039040221,0.7917806903946787,-0.014400989217970062,0.9354320253676112,0.9362432507718729,0.0789833648695939,0.8061702521474675,0.8391180356817409,-0.05558442024614507,0.1078286830141564,0.15880427472499226
2022-12-22,252,0.824246627269572,0.8206744042465959,0.0003036243421624769,0.8404523331764105,0.8454413766151402,1.1714875910885851,3.4756347122965984e-72,2.457933621260593e-51,0.03767090566766877,0.7654048241914785,0.809579178028756,-0.018843388163530317,0.9150227822191153,0.9153765568734644,0.07189006123832081,0.8229001441549695,0.8523166312519048,-0.0565003044507089,0.10420136946766019,0.15569436871474293
2022-12-23,252,0.824603876466175,0.8210389146057313,0.00040252552968632707,0.7893206743919008,0.7964231855755151,1.174237592127017,2.3660914488817326e-72,3.4957070759899417e-51,0.03602986707293661,0.7748636527430132,0.8177505396387548,-0.012467886062105027,0.9436199600970024,0.9439934976232975,0.0800153440854926,0.8029833357308642,0.835704104300206,-0.057020207666136455,0.09981087992927144,0.15159480042063342
2022-12-27,252,0.8248873009610388,0.8213280997610599,0.00047691545437130345,0.7514265371900007,0.7593473666225858,1.1734614531433096,2.3123275261502346e-72,4.390975562183722e-51,0.04135555823723297,0.7429044708427375,0.7921345526352681,-0.011843292915233228,0.9462969246391697,0.9467591156658202,0.08406620583644381,0.7930841573602686,0.8276307968904723,-0.056357085521751546,0.10359092416312345,0.15649868576445047
2022-12-28,252,0.8243674241622682,0.8207976563606882,0.00041466257186114274,0.7828157898555785,0.7886643944078167,1.1756331064510523,4.043373676795058e-72,2.4520334114004123e-50,0.04164720488330119,0.7409294723658593,0.7902548044931166,-0.012482898525278618,0.943378496794061,0.9439830660620931,0.08259378834867853,0.796561040131863,0.8308268728959814,-0.055602631514161144,0.10837301096458206,0.16355052889182575
2022-12-29,252,0.824529049125457,0.8209625663841045,0.0004905424633451336,0.7437900185963587,0.7506772225399605,1.173821127127086,4.185578253225556e-72,3.905294639867523e-50,0.03933120834967206,0.753517444616344,0.8001152822607934,-0.017885037880408183,0.918867900904585,0.9198342698368492,0.0694636561097215,0.8282375178409267,0.8572427000946569,-0.05693438985703301,0.09968736342071975,0.15329758770423674
2022-12-30,252,0.8243983880539271,0.8208292495997386,0.0004712080685544955,0.7535466637021382,0.7601161658982858,1.1733843781115545,5.057420068990701e-72,6.651503266869053e-50,0.039068848077934565,0.755090155501819,0.8014095394381026,-0.019314694410244804,0.9124118605649709,0.9133422165338713,0.06754707111519814,0.8327260699492491,0.8606837531342703,-0.057175878558648946,0.09833850549280203,0.15200774194373642
2023-01-03,252,0.824564452603752,0.8209986894452916,0.00046057752012426223,0.7588169587341647,0.7651178201922293,1.1747097732384897,3.6564593086193595e-72,5.127198502914107e-50,0.04315066409334077,0.7302178795577451,0.7808355666051059,-0.013325418137632827,0.938995550867717,0.9389484907630614,0.09130906440307202,0.7728116054425189,0.8096907502367509,-0.05603993435420595,0.10486886732893025,0.15951543908143373
2023-01-04,252,0.8245582851587199,0.8209923966456858,0.000476646051024196,0.7508431524174628,0.7571883914958981,1.175078943394547,3.833655132235433e-72,5.125274889376917e-50,0.039674489340428054,0.7515119468032914,0.7985373091849416,-0.0008659186564935473,0.9960410975893017,0.9960511908341676,0.0840736133793577,0.7906680670198223,0.8242304376939952,-0.05654852064884487,0.10184455590634389,0.15655260780680866
2023-01-05,252,0.8252570373317601,0.8217053510986658,0.00038012840854632305,0.7996456670025962,0.8057838399951863,1.1745965160341292,2.4816720355242444e-72,4.342587580034536e-50,0.044765514746052865,0.720296642157062,0.7729329824753189,-0.01006927048976236,0.9539356078106248,0.9539319667108516,0.07816290119612174,0.8044996060675963,0.8363981993267126,-0.055838043358390425,0.10544532066518249,0.16119780976159603
2023-01-06,252,0.8244883626196597,0.8209210529168073,0.0003742573551166171,0.8026193698039731,0.8091026425416754,1.1744080096370624,2.0726518199605902e-72,3.9756120027786175e-50,0.0457220114239408,0.7141563863788303,0.7674608975759769,-0.009156498407466962,0.9580358128360452,0.9580239144542546,0.07983237866687581,0.8004812202282396,0.8331359834412415,-0.056554284580947745,0.10308661751263613,0.16061435040546868
2023-01-09,252,0.8248629509881902,0.821303254870064,0.0006144233109276268,0.6812323234309878,0.6883059363401396,1.1751003950571413,1.6253389844335288e-72,2.6853570168366104e-50,0.04943547886383577,0.6917185154819717,0.7487452855744283,-0.04425392762343644,0.8011652530329378,0.8026607617587347,0.021713107108593754,0.9450156781298358,0.9540141142612137,-0.05307452165085098,0.12400531995590694,0.18338090227540982
2023-01-10,252,0.8247149316777975,0.8211522270371023,0.0006620662209114727,0.6572264049696278,0.6627954998888863,1.1719684292708807,2.493928141489784e-72,7.137494776977556e-50,0.03932972521721836,0.7525591946429523,0.8001351495527754,-0.04535362101091123,0.795885667243959,0.7970782684659622,-0.007403410006402322,0.9812151294566118,0.9843084861402928,-0.055753836726647056,0.10639578303279826,0.16685761112178366
2023-01-11,252,0.8270528196960558,0.8235376331045122,0.0008605087858406125,0.5615037498584396,0.5700002388892023,1.1739407472780088,5.751608248337494e-73,6.126488086584022e-50,0.050710916513948615,0.681306305711705,0.7422555365426325,-0.03986610306557431,0.8190325168408767,0.8219613386301645,0.010879995072463344,0.9722330885567985,0.9769479800516098,-0.051781574071160616,0.12968150174858803,0.19368397748669075
2023-01-12,252,0.8246164141120975,0.8210517070818556,0.0006134301373282818,0.6806427796100347,0.6856641541954505,1.168231002177673,2.6333036972630273e-72,1.4499898564804841e-49,0.07716219790449982,0.5315371871642717,0.618591043993285,-0.05897509762103581,0.7368745120472886,0.7414392339788464,0.04139122475173618,0.8950759075770702,0.9123358335669123,-0.043433071381598104,0.20272942081047676,0.28242916718330024
2023-01-13,252,0.8222758629136488,0.8186635837045767,0.0004234349418088259,0.7775708430872401,0.7825649165378131,1.1611531347057775,1.3651929012818305e-71,1.2821869090841178e-48,0.08171092380417488,0.5108054040263712,0.6003483700002606,-0.08389698833647963,0.6335023809261031,0.6437552182327091,0.019614856318558915,0.9504883027507396,0.9587010097748833,-0.04295289701660976,0.2107287609771817,0.2848343856045782
2023-01-17,252,0.8234619161759766,0.819873743740529,0.0004295909642728418,0.774352704807894,0.7777302143137342,1.1627979754844486,2.4862889363697693e-72,9.458811606662831e-51,0.08220393496479737,0.5082133870649125,0.5984768547000257,-0.08334709288474546,0.6360387573530173,0.6477080718712757,0.02807113341913764,0.9295396260870625,0.9416294928017847,-0.04311596114446318,0.21056867231533452,0.28778188495583257
2023-01-18,252,0.8235411434062849,0.8199545812803964,0.00040409266685974233,0.7873550070902995,0.7904723562678438,1.1628598028014023,2.501594980599952e-72,9.157713479736713e-51,0.08244710929640425,0.5070286588438041,0.5974345009136235,-0.08257401074519188,0.6391266149902823,0.6502966130993963,0.029494950325437697,0.9260594988591024,0.9387254497593838,-0.04324199272072876,0.20990322703043676,0.2867923918180306
2023-01-19,252,0.8236562640506857,0.8200720417752931,0.0004943685372772431,0.7413082636409425,0.7442871152259036,1.164797612348678,1.471573982063137e-72,7.250178994460944e-51,0.08538718668743843,0.4913510277011336,0.5816912733725506,-0.08220744564366961,0.6400110680925184,0.6523312151214669,0.02998462961733739,0.924746148544906,0.9376947927988191,-0.03926362846424626,0.26054189019534635,0.3402372962920266
2023-01-20,252,0.8240711497040483,0.8204953600638867,0.0003969793393611275,0.7910973422420097,0.7929969746650694,1.1612984941170978,1.7698140932147389e-72,3.220616805966086e-51,0.07833186393409206,0.5277062107628191,0.6129310984099905,-0.08459755738469488,0.6325798954734331,0.6442772994215007,0.018862213974650988,0.9526627566203498,0.9608157230602705,-0.040926518895797515,0.2412787096312598,0.31710609964571257
2023-01-23,252,0.8224684135225105,0.8188600479436998,0.0002391930204981101,0.8736838641434717,0.8757896879310508,1.1621983440428234,3.253421128699424e-72,1.2913810882933384e-51,0.05991297008513817,0.6287638714359326,0.6993521297821407,-0.08848616394552877,0.618461886119507,0.6280719496830243,0.0010592339556420027,0.9973492525888374,0.9977993408398468,-0.04438934475032673,0.2056011397585632,0.28116088524341454
2023-01-24,252,0.8167510702011145,0.8130264984572347,0.00023699760454432483,0.8750008746290099,0.8765575672063488,1.1567110486302914,4.401744506857029e-71,7.216008733412814e-50,0.07009415077275855,0.572024518716855,0.6493527782159731,-0.10432572289446307,0.5582736476866736,0.5714039952807826,-0.027016784985966213,0.9328452603441573,0.9442719228264842,-0.0389623185206545,0.267772525490499,0.33497928423190726
2023-01-25,252,0.8200635514322271,0.8164063065426382,0.0004990917927362771,0.7380872427157399,0.7400359921785918,1.158100644932412,5.420699368783463e-72,6.468745488204445e-50,0.0890525130898417,0.46969575683114706,0.5663460457379927,-0.0820970236949225,0.642315248068841,0.6568426769311559,0.009169816213621285,0.9769918270323096,0.980997466501202,-0.03343271891155572,0.3381041447939177,0.40926146515945827
2023-01-26,252,0.8200275604427287,0.8163695840289631,0.00047984297449319845,0.747768074102874,0.750943198984738,1.1583600022053595,6.83605476693393e-72,1.5033740969398068e-49,0.0873572832661969,0.47817719103296885,0.5747126372672722,-0.08127620838766336,0.645689510285786,0.6597444526394765,0.00788247722453228,0.9802181854082461,0.9836636023582072,-0.03362957440083496,0.33507288987345285,0.4062340050657912
2023-01-27,252,0.8200252127301441,0.816367188598643,0.0004193386297344189,0.7787196974687781,0.7816765886402851,1.1584296793548576,6.67201899650787e-72,1.3652478943953616e-49,0.08429016813175874,0.4936442650627586,0.5875823075299147,-0.07813013641065969,0.6590966406613203,0.672976259025102,0.0036002610506353783,0.9909643256051213,0.9925329312063074,-0.03424130950095325,0.3266630008674283,0.39843665754493385
2023-01-30,252,0.8212371584379932,0.8176037673493345,0.0005121113015746951,0.7304747528736678,0.7363495937666216,1.1610158617521131,2.743424757367157e-72,2.220912624405047e-50,0.06744703761800176,0.5846717616507698,0.6639138670338149,-0.10225474355436326,0.5646201439460286,0.5819019849159046,0.014102010566736267,0.9645106854411845,0.9707492191525159,-0.03965477779921532,0.2570963025008694,0.3365282253390156
2023-01-31,252,0.8213293010079209,0.8176977827357241,0.00039991941453349574,0.7874714196105739,0.7908042022555766,1.1626225222802509,1.668213367067184e-72,1.1826051017620302e-50,0.05837053217340432,0.6357046217704114,0.7064825159420888,-0.09950925482734702,0.5743901731545831,0.5910748066581457,0.0023282495195747765,0.9941309948614323,0.995175893430063,-0.0384992414677859,0.27051457937749274,0.34913290227867566
2023-02-01,252,0.8218662456074107,0.8182456408433337,0.00029577908652946667,0.8414916376766173,0.8433370155214736,1.1650325539944126,8.556140677941081e-73,3.4806002343421216e-51,0.050931742429265056,0.6789182483626903,0.7426242167096229,-0.10206170412300236,0.5630322242823578,0.5793233159136923,0.01076035172385198,0.9727213512358543,0.9775464173316505,-0.0371027420286202,0.28693471773518336,0.36481506040279466
2023-02-02,252,0.822176522523002,0.8185622242002988,0.00026534077174965266,0.8571676626305106,0.859236256966677,1.1643699775174585,4.591074948900885e-73,3.1651033421364396e-51,0.07499419236570658,0.5319991758721577,0.6140651517107988,-0.10627165284202061,0.5463590528118878,0.5667732152781442,0.014769113184913585,0.9624112601162798,0.9692104199311133,-0.028393622273999292,0.41316360967843646,0.48280168183684713
2023-02-03,252,0.82204993763129,0.8184330664449341,0.000245379683049804,0.8677701643623865,0.8699640935791406,1.1682681203601817,4.9357715933905104e-73,1.0222500948386956e-51,0.06577195705658412,0.5826423477652747,0.6551325972274193,-0.11933506087414325,0.49342036521650245,0.5150284534869194,0.03047201295741586,0.9225452711924768,0.9365985724389381,-0.030407578561385262,0.3789895375386694,0.4493198137513714
2023-02-06,252,0.8221677013668353,0.8185532237523401,0.0002862467393136888,0.8461757443676091,0.8505915889324672,1.1684478981580135,1.0960398820132164e-72,2.484124607966948e-50,0.06542707271530412,0.5876736516613434,0.6642020416625314,-0.11860452527523219,0.49747400262989494,0.5228292032384552,0.031407421875836394,0.9209761693351136,0.936644425395413,-0.029756124579116527,0.38954696888354323,0.46132631826897974
2023-02-07,252,0.8203580667742439,0.8167068079688424,0.00041747250551795617,0.7768327892131608,0.7847810571444228,1.1771331972778667,3.70802734161782e-72,3.631860520992128e-49,0.06264202865337219,0.6026937610291123,0.6771793684284066,-0.1139423792367637,0.5136391175771537,0.5407701523098529,0.05066178680076572,0.8727680302434156,0.8975912362184596,-0.029711623173338475,0.3892196728968035,0.46441157112416986
2023-02-08,252,0.8198219533936929,0.8161597979748656,0.0004939426347812098,0.7372593443950162,0.7477562947666112,1.180185480805743,7.304351398012778e-72,2.7790370479741136e-48,0.05645466751499588,0.6397281701336437,0.7093255969153447,-0.10945743429614224,0.5305506641434765,0.5566863027152511,0.051006082698844935,0.8718251977967384,0.8966294427086758,-0.029989624902115854,0.3846276512913124,0.4610154175828437
2023-02-09,252,0.8211229349979984,0.8174872222947056,0.0005336062168274851,0.7166353225813274,0.7276686172082487,1.1802613969418068,4.179606219338907e-72,2.1680683953225845e-48,0.05735828194859342,0.6340196669368353,0.7052691221833489,-0.1007213218419935,0.5630977271683603,0.5873545190998757,0.07261076222381668,0.8180772536641997,0.8535420223242702,-0.03183595408711387,0.3558711915175319,0.4382338767741867
2023-02-10,252,0.8216481025567824,0.8180230639908634,0.0003835910995947547,0.7936832816099305,0.8027433296607894,1.1823792066585468,2.2947852946476025e-72,1.2318525384884385e-48,0.05267714683035203,0.6614107326823011,0.7284564102028979,-0.10940663017054536,0.5292798373240931,0.55720222713431,0.054259450865690007,0.8631784051967328,0.8903355861995573,-0.029547113135955573,0.3904149634723535,0.46772372846311494
2023-02-13,252,0.8215973677910924,0.8179712980307488,0.0004350384340609146,0.7665563288291446,0.7781407511757681,1.1846930159791007,1.4180900985238665e-72,2.337363027440411e-48,0.05610240821216374,0.6405482764152961,0.7101929658502965,-0.10647932962854506,0.5391748099023093,0.5684673553049423,0.04303222275072777,0.8912278169546146,0.9133914197149078,-0.022836603255659987,0.5146953356456465,0.5796253026421153
2023-02-14,252,0.8215330737993248,0.8179056972505306,0.0005243532965167209,0.7204850547305868,0.7348521017290706,1.1857965203792882,1.161908344508994e-72,2.5830397935758777e-48,0.05467238793086206,0.6485566143317631,0.7166907309136561,-0.10297345799441798,0.5525699586906991,0.5812116221620911,0.04710386943663175,0.8809586472022041,0.9052180777135209,-0.021563346176092783,0.5391244988731125,0.6031943208345265
2023-02-15,252,0.8210737705418665,0.8174370585610101,0.00037194160144911944,0.8005539575759355,0.8097051453826244,1.174268858115979,1.6378143236182558e-72,2.1131422256681897e-48,0.061517964452039026,0.6100734461377743,0.6838696639743569,-0.09161539026684767,0.6016444230498421,0.6262374806377231,0.012719056862801115,0.9679369169611285,0.9745655212615545,-0.020821454130848505,0.5555567273437942,0.6141884367246251
2023-02-16,252,0.8198189793217947,0.8161567634543515,0.00034973897556800446,0.8119927095394808,0.819994281019425,1.1730356087912197,1.7775034946490884e-72,5.367548266054271e-48,0.06304954285614776,0.6008087548350861,0.6766397019017598,-0.07900756895803146,0.6528994219602402,0.6755418587662886,0.013550309309744324,0.9657987033431655,0.9729395887072564,-0.016743171359025977,0.6338751258760797,0.6821133645136281
2023-02-17,252,0.8198430016180716,0.8161812740086828,0.00029758784146217314,0.8396186483934731,0.8455106048416913,1.1707018866781609,1.5612473338752971e-72,3.051199169753533e-48,0.06716605131535305,0.5771633390803779,0.6558216523462748,-0.07744890308897773,0.6598232673641782,0.6816275605104227,0.015213328702295525,0.9616276926226464,0.9695844657008514,-0.016560700645328497,0.6389786338557633,0.6871535902446066
2023-02-21,252,0.8186480354061465,0.814962019865621,0.00016719793678087185,0.9093515955048028,0.9121618463403501,1.1719917568239446,1.302417776620686e-72,1.036916208210414e-48,0.06283131142969753,0.6020916535782046,0.6776761664930044,-0.09006455512644967,0.6104619933351723,0.639117291743261,0.020392607351538583,0.9485093345706288,0.9591061135362926,-0.022108791766532798,0.5302427680927108,0.5865911644640192
2023-02-22,252,0.8188986815355023,0.8152177604285002,0.00024308329562571364,0.8683520519863608,0.8725023207435936,1.1719419363778851,9.850276182315977e-73,8.617067298461782e-49,0.05716107960419185,0.635350448220733,0.7075806387049887,-0.08920104506147813,0.6133067392708295,0.6411629296227542,0.025604105589247528,0.9352009420229861,0.9483737081730499,-0.023930948213403788,0.4967599148625125,0.5585675976266755
2023-02-23,252,0.817971041664223,0.8142712660882925,0.0002948040261702392,0.8408246506877767,0.8454386631685112,1.170956745005454,1.5393842701564444e-72,1.5868854501907705e-48,0.05682726411737768,0.6375682259389797,0.709309882982142,-0.094546911925454,0.5921082745072935,0.6208722297978568,0.02331472080777297,0.9410284578733572,0.9529620026514068,-0.02506341668624877,0.47635538464545,0.5391877226056756
2023-02-24,252,0.8181762213780369,0.814480616121493,0.0002755574812761245,0.8511010889111374,0.856559537625923,1.1701518503446973,1.6083207156871822e-72,2.1552812635622298e-48,0.05860116773099518,0.6271895788145692,0.6998121824769812,-0.09608510320763936,0.5859712602551712,0.6157040582195892,0.03254125520788598,0.9177165456496943,0.9341419473806808,-0.026185675650869683,0.4567690357863091,0.523489136833567
2023-02-27,252,0.8197053395011423,0.8160408138812468,0.0003976254126356021,0.7856195114092102,0.791328573895405,1.1695639285147275,8.523330348979813e-73,7.599926519117418e-48,0.08818172982750533,0.46980630385949085,0.5592391783576736,-0.05956232081207358,0.7373021054922371,0.7425397913819995,0.12691959726921553,0.6920918591168825,0.7389347480900055,-0.02351885617506968,0.5026753616672348,0.558444279646685
2023-02-28,252,0.8201297097216607,0.8164738095127513,0.0002752068653053051,0.8501306912564177,0.8573176315115393,1.169157433085449,4.1787666319935074e-73,1.352538570439978e-47,0.09595566395276262,0.4303066551655499,0.524255369463056,-0.014092694620048252,0.9374229495380593,0.9343792172489304,0.17939505117142213,0.576419934563636,0.6330112080624353,-0.02012874465273666,0.5655114046261118,0.604045337641318
2023-03-01,252,0.8244529961230157,0.8208849675889307,0.0006346395215087043,0.6592469487312882,0.676864397918356,1.193572374927971,2.4115890512340643e-74,1.9835633049963652e-51,0.10669803386247541,0.3737896112512752,0.46714464505368924,0.010328945998514028,0.9535561181216775,0.9511042606842499,0.2013824030076567,0.5249798959403964,0.58579300265166,-0.004482767344656007,0.8982864740675816,0.9013310274125113
2023-03-02,252,0.8246292574333098,0.821064811446182,0.0006871672503982778,0.6331839897679613,0.6543544405603547,1.196844373117039,3.373246084220293e-74,2.3668223265948718e-51,0.1090238362382411,0.3633430644437665,0.4560352946639069,0.034221290525489556,0.8503899048484327,0.8408561825906294,0.22887660553467148,0.4738812464558434,0.532465550920556,-0.0017346292678448224,0.9606899784752219,0.9615116759321516
2023-03-03,252,0.8250712252632135,0.8215157623620594,0.0007062091942736382,0.6238486806427073,0.6465260933709128,1.1949930888822822,9.993436679680855e-75,1.348387360338984e-52,0.11188801361875224,0.3496075744574334,0.4399837306181158,0.03765220580061157,0.8360695802676629,0.8248220876166789,0.22844254826637622,0.47489103539586386,0.5329265923384175,-0.0018639349093337032,0.9578658031728089,0.9587305916501627
2023-03-06,252,0.824696392952541,0.821133311508487,0.0006839497675497034,0.6345869449069985,0.6548419117570672,1.194914554941803,1.1304388009787116e-74,1.7603653107191237e-52,0.11216064322559738,0.34895408669130523,0.43919996046938337,0.03776507133287943,0.8360665636316651,0.8255662184735616,0.22976630017096933,0.47308269830579974,0.5324395731490874,-0.0019189808486375862,0.956723641651585,0.957799275635153
2023-03-07,252,0.8235455488910735,0.8199590763075587,0.0006525011701403685,0.6497985688923067,0.6676960277187013,1.1989569581607635,1.530025102307983e-74,1.0578133259493108e-51,0.10762584773148463,0.36904983992208484,0.4593273135764445,0.009313101265012225,0.9598947303415588,0.9571531892554761,0.19898579791641297,0.538070162864565,0.5961407287890632,-0.0015786948197162205,0.9643462151020515,0.9653529143529834
2023-03-08,252,0.8232042391779829,0.8196108294051777,0.0007341982344002288,0.6096743681922917,0.6299442291840933,1.1990906993266337,1.3153300593901065e-74,6.759120741977811e-52,0.10723458526844352,0.3706826666540727,0.4615186568166336,0.02382410283083569,0.8988102248027571,0.8955933483937099,0.21438858124672916,0.5086526376570379,0.5722808306304654,-0.00042159408589476435,0.9905035662695976,0.9906780517992197
2023-03-09,252,0.8237155103973782,0.8201324923160241,0.0007656447092560549,0.5943224139173113,0.6167255241332679,1.196989220290501,1.720272379941751e-74,2.2142132896760785e-51,0.1157230715789688,0.33315885055396843,0.4267628487674098,0.015442587335549263,0.9352199036655333,0.931118882507119,0.19147416931320238,0.555586145231039,0.6105791489432432,0.004618035744014527,0.8945681076581116,0.8947007951572605
2023-03-10,252,0.8253850801206606,0.8218359963832756,0.0009852979104031203,0.48989031437814035,0.52221002718237,1.2045429410618507,2.432389676763506e-75,2.064803512569285e-52,0.11553368753143194,0.3303950164945191,0.4239849754480286,-0.093591508265079,0.6348106614101332,0.5405616986284238,0.03936562008598454,0.9053762039996993,0.9124912277313465,0.007255169312953537,0.8331438083911867,0.8340992636321704
2023-03-13,252,0.8289395270664096,0.8254626881856456,0.0005928662832681507,0.6788194136355943,0.6882126463027756,1.1770235569423604,4.015410837700754e-77,1.802125220519938e-52,0.13345816572151836,0.26451081214202965,0.3575256023158361,-0.1779829397017988,0.3691271516398973,0.2803687659944718,-0.009978402254572694,0.9762665362830987,0.9782510542967252,0.0008077412123710347,0.9813667113074013,0.9811043058286332
2023-03-14,252,0.8285675567361795,0.8250831574828499,0.0005258666222158696,0.7136746401789065,0.7233381241039307,1.1772614136675137,4.831184957367952e-77,1.5664798049396746e-52,0.13438674652539712,0.26302433114062346,0.35705494222935985,-0.176225752738341,0.37446420575225814,0.2848342684679811,-0.016668389362048952,0.9604001956644113,0.9636998521944771,0.003258005764677839,0.9247880124624859,0.9223078810784724
2023-03-15,252,0.8288605974491859,0.8253821543079092,0.0005513586432883504,0.7003737563280212,0.7152047261604508,1.1801748685630393,6.4500041357515e-77,3.7753120693824994e-52,0.11979282131802678,0.315742315799544,0.40863153396212604,-0.205568626079782,0.2964027628870402,0.21438865412036534,-0.06269451779611623,0.8499657224366955,0.8629709709717872,0.0015646936218954664,0.9635246025981917,0.9627888903991957
2023-03-16,252,0.8283974594850028,0.8249096029704703,0.0004046888830742956,0.7779339680491082,0.7901241148973291,1.1822542123618318,8.512073965792929e-77,4.708352631937869e-52,0.11426620187737668,0.3411477833666695,0.4335951537625292,-0.18350494034249115,0.3548879525425974,0.2715086029306757,-0.05284295194218691,0.8735969897304917,0.884685684078805,0.005081368751690917,0.8814915678015243,0.877137538504186
2023-03-17,252,0.8270972832679375,0.8235830004075297,0.0002625668295607388,0.8554597582019313,0.8637292912350918,1.1707186295820042,6.554695394934553e-77,6.83893039404621e-53,0.1164207787252186,0.3347484941438533,0.4275890856884058,-0.227131029247644,0.25503384447997984,0.2025516193286515,-0.0627505458998241,0.8515679550608616,0.865823198204866,-0.0026328253852768184,0.9380569985325116,0.9356646450655788
2023-03-20,252,0.8250223030976733,0.821465845843561,-3.541369106967781e-06,0.998051683049805,0.9981906326729221,1.172666777363041,2.091863971057096e-76,3.557385396239271e-53,0.12204638063436413,0.31501886822833497,0.4056504246358118,-0.25665523579395505,0.20523457485849622,0.15380442990715978,-0.066095572239388,0.8449585656399219,0.8592848077559909,0.002275162742579686,0.946713487029965,0.943109155819738
2023-03-21,252,0.8249741434286453,0.8214167073194714,-7.202530598661352e-06,0.9960364637115862,0.9962829524998964,1.1728270565007106,1.9719212459201772e-76,1.8376283894618766e-53,0.11503211039115134,0.3432904644536159,0.43287659303328163,-0.27533724425906464,0.16843594446144688,0.12666481359118179,-0.09145384349732344,0.7861412597887972,0.8054806612283835,0.0006615196125099206,0.9844142472430044,0.9833898844238731
2023-03-22,252,0.8252841805161772,0.8217330459738231,-2.5937562825617023e-05,0.9857210990259135,0.9865625310982896,1.173071942942751,1.8626638933794203e-76,2.3917559970256694e-53,0.11533163834961735,0.3413638390029591,0.4301613160117489,-0.27663400224771634,0.16611637270158644,0.1236394358572369,-0.09429614120950758,0.7778892216330451,0.7964702450072226,0.0009545479462074891,0.9775225533250325,0.9760416519953999
2023-03-23,252,0.8258118871762228,0.8222714783789915,5.772441465676432e-05,0.9682270754210913,0.9701313354022814,1.174050674141737,1.4161623533464596e-76,2.9827378861246657e-53,0.12184838050618915,0.3144363212644238,0.40436820137117524,-0.2692281291778728,0.16830324484391357,0.11877604458329513,-0.07983087078809992,0.8089240521933728,0.8250292854760014,0.002030330273850014,0.9521823810672414,0.9490998137351037
2023-03-24,252,0.8260665940830288,0.8225313622554482,1.770269211396518e-05,0.9902521747458313,0.9908964057069546,1.1735932650447987,1.2520989565345409e-76,2.0189962290322642e-53,0.12364959539140583,0.3076357859409496,0.3987030270248223,-0.27426501612126825,0.16129984822061935,0.11194864019156,-0.08652606775598792,0.7929671730968908,0.8093453869271015,0.002295592624783637,0.9458463440727168,0.9421188372253473
2023-03-27,252,0.8258625646118694,0.8223231858438179,-1.0888969874809718e-05,0.9940040538484174,0.994387205923404,1.173592564852385,1.3516236298843755e-76,2.9413345511911535e-53,0.12767114413651165,0.29117734607628226,0.3822026446540544,-0.26019771260565994,0.1837755702292458,0.13285379178807522,-0.0674396328224976,0.8382802395692386,0.8514798723196894,0.0030140459908097024,0.9289810019351128,0.9243669891452588
2023-03-28,252,0.8251081860298644,0.8215534743638047,0.00014691354322693916,0.9194909315087927,0.9245776687342185,1.1742227991076517,2.2118160093019272e-76,3.5586266530822892e-53,0.11555674033431974,0.3404635053876309,0.42932142474597346,-0.24948253719397906,0.20333191620292962,0.15281371314391196,-0.07251139918425792,0.8268240338746222,0.8401379991086078,-0.000518756609970401,0.9877955709493345,0.9870548263761431
2023-03-29,252,0.8220246219041745,0.8184072361705195,5.0108202539012135e-06,0.9972636591600132,0.9974313531299231,1.1719794882618906,1.5635837713407257e-75,2.689458058385795e-52,0.1080883828291524,0.37472939761760715,0.46161513601295656,-0.24809580849336083,0.20854522281289475,0.1573891433769985,-0.0919993284817111,0.78236881310634,0.798325487674792,-0.000635864046919548,0.9851248727753257,0.9841219422291106
2023-03-30,252,0.8216978862545279,0.8180738595523842,3.623324447841916e-05,0.980239365043318,0.9814737761121328,1.1710013632666731,1.751291509069513e-75,4.364584895594634e-52,0.10952714117557395,0.3687396639262006,0.4554444018441528,-0.23812789273490154,0.23472040078637998,0.19078292666793428,-0.08647019213479723,0.7974665867223522,0.814503535520894,-0.0005407140807127345,0.9873647251671378,0.9865424180900013
2023-03-31,252,0.8218425817258215,0.8182214959885414,-1.853239907573137e-05,0.9898872027169234,0.990520403756603,1.1709632429966148,1.7033235311400558e-75,3.65340345322736e-52,0.10968648200453568,0.3672038862636441,0.45451098458372174,-0.2398290068588202,0.23151549723445292,0.18717692116611906,-0.08325093900418656,0.8049067288221773,0.8221623709410193,-0.0007662094833203719,0.9820838276196058,0.9809071714165406
2023-04-03,252,0.8210593645358184,0.817422359749961,2.954732249160286e-05,0.9839012823634234,0.9848176219448891,1.1695203790345703,2.577002940015449e-75,7.218489109737027e-52,0.10754883401161452,0.37739615135015925,0.4640812228801392,-0.24377273436838437,0.22711450303411068,0.18691338769187948,-0.10629062816088164,0.7537831944699872,0.775424656727933,-0.0018246108349174329,0.9574210967546062,0.9546622103117735
2023-04-04,252,0.8210975243528829,0.8174612951730634,-3.0080364400730548e-06,0.9983597277718276,0.9984533199660875,1.1681901224227162,2.909734211790285e-75,3.5040848388120423e-51,0.1100562840018808,0.36602039683129417,0.4547442069501063,-0.1986579661216728,0.323869479800194,0.29325244995703514,-0.09072034754700165,0.7887204678654325,0.8079212502903341,0.0003527632350605967,0.9917617610220213,0.9911923618610028
2023-04-05,252,0.8206708388897683,0.8170259372411863,3.511857521735443e-05,0.980872276105482,0.9819609117944266,1.169856013865748,2.9191026702107733e-75,2.3431610352741905e-51,0.10149451832872569,0.40539981536287284,0.4916940276759513,-0.205734224836915,0.3094800725771877,0.28023237928268596,-0.10301649243542904,0.7625551399695781,0.7845197567373023,4.912275726886954e-05,0.9988543645959229,0.9987764315553921
2023-04-06,252,0.8202224912919165,0.8165684768872806,-1.5900630285529396e-05,0.9913477165863742,0.9918236632212785,1.1705163055555605,3.111339131020822e-75,2.5657400277286028e-51,0.10081943470909221,0.4089583725446354,0.49416073013923567,-0.20155103192747714,0.31958621148649385,0.2915431796122906,-0.09983597801936922,0.769844321025422,0.7911213865469343,0.0009357862921558872,0.978314887890766,0.976901274066007
2023-04-10,252,0.8163439593365108,0.8126111129815619,-0.00018526077632532653,0.9001459597888781,0.9041377351076515,1.1590805880662853,2.2422268301816588e-74,8.977276222819699e-51,0.09791887838111593,0.4263609959212449,0.5103293256469785,-0.18054275013240412,0.3754716543153499,0.3493824215774104,-0.12815909025234262,0.7092845921956814,0.735462462509261,-0.002702543262488727,0.9378148838511295,0.9336588727827297
2023-04-11,252,0.8151841627836127,0.811427743327995,-0.00035609476101900405,0.8099060172259,0.8172237739234562,1.156871137516208,4.696238133973282e-74,9.874371109590767e-51,0.10428697278918134,0.3980640890849406,0.4820256641842514,-0.19666712219643118,0.3373771207989392,0.3065782009549406,-0.13250702340701065,0.7013585402836127,0.7274771047780599,-0.001967433870310658,0.9548819773873812,0.9515906667360824
2023-04-12,252,0.8154117815908964,0.8116599885338008,-0.0003594696681918411,0.8079731878205656,0.8129018719035768,1.1586438942767971,3.5659529862474095e-74,5.758725867018081e-51,0.10573761403830817,0.3914212570911534,0.4747798295309651,-0.21244723800395093,0.2999618331396174,0.26740245300426757,-0.16613710039690005,0.6290557778129153,0.6596953101578942,0.0002607505922994739,0.9940311451828041,0.9936345642317627
2023-04-13,252,0.8132425768648249,0.8094466942807766,-0.0002773328762044286,0.8519681336522603,0.8543091652787215,1.1572425522305099,1.2609208531591212e-73,3.72521564798481e-50,0.10820419838849457,0.38309966657807915,0.4659122046926677,-0.18004725101073482,0.3792003766631652,0.3497165740636683,-0.135787747074042,0.694065384209883,0.71674298013611,-0.0049002612648293906,0.889515323219974,0.883499898256602
2023-04-14,252,0.8117897879802691,0.80796437716686,-0.00014011353976940504,0.9252410823319924,0.9263752590700446,1.159261621425593,2.167508941421603e-73,5.0715875792742255e-51,0.0988057987961393,0.4275199173992569,0.5044433768246397,-0.22044235869248646,0.28662720928993557,0.24999554618762276,-0.15272138275306063,0.6623251920090287,0.6864636627404445,-0.008039984624399237,0.8204097249594262,0.8133641600997519
2023-04-17,252,0.8105505297458494,0.8066999307569439,-2.1089026302040367e-05,0.9887615804330584,0.9890621276145352,1.1558653258034401,4.133490511894148e-73,7.786990583228521e-51,0.10532826511514737,0.3985066343719079,0.47583544708869296,-0.21378455462108542,0.3026786845622732,0.26357295547404236,-0.127192144232804,0.7163034187572717,0.7354850503303254,-0.00898416928824253,0.8009792975542913,0.7932425517735072
2023-04-18,252,0.8097278927161359,0.8058605734623988,-0.0001301724064455697,0.9308194942919527,0.9316504774605935,1.153705707082327,6.08618397410493e-73,5.500021893150544e-51,0.11047565479498372,0.376990402622131,0.4552773904049966,-0.2166839770245963,0.29694983496130234,0.2574993179263717,-0.12295905057216416,0.7257742910056071,0.7442265133050326,-0.00876640300193899,0.8060390092677925,0.7978679586865343
2023-04-19,252,0.810861666871952,0.8070173918083738,-0.0001733687644053148,0.9080875797247225,0.9092748535936176,1.1583979375976141,1.9232514589810058e-73,3.2657258238744057e-52,0.10632469932063822,0.39588203634336927,0.4712724955094558,-0.204156310601101,0.32847685741124244,0.2900715164435197,-0.10671536032707118,0.7624122002459326,0.7780299192602566,-0.008477015451119462,0.8127332454660947,0.8040048351411858
2023-04-20,252,0.8097404808080444,0.8058734174098339,-1.8924176310062277e-05,0.9899760430157426,0.9901194072269794,1.1572465698577779,3.648258813990846e-73,7.387322700550497e-52,0.1110528825429614,0.3777594635671916,0.45418485058034197,-0.20303549053904252,0.33446361464601915,0.2977270906416767,-0.11125728301764481,0.7533528246560233,0.7688118097110239,-0.0065723723405749605,0.8546480514610998,0.847351831247344
2023-04-21,252,0.8101487090479078,0.8062899429716458,-4.7143059890524756e-05,0.9750368965044287,0.9754809918757514,1.1584848841665725,2.6281645635506904e-73,5.4576517421326715e-52,0.10770631517249828,0.3959218147209588,0.47329928567015234,-0.19395897456803457,0.3544883003887904,0.3190608303820386,-0.10482949010151721,0.7676031099512913,0.7833365895972674,-0.0070121439122725684,0.8457747609488695,0.8377247665641968
2023-04-24,252,0.8097164110791939,0.8058488584588523,-8.779640671733235e-05,0.953567638895715,0.9543743628932058,1.1580993873460221,3.11270349076662e-73,5.036185807359108e-52,0.10949405879558144,0.38830613596618824,0.46546264122068515,-0.19426307331564324,0.35444070757669655,0.31984554542462984,-0.09732687201227858,0.7838785321005575,0.7987602046839414,-0.006736968160269065,0.8525903010985467,0.845904379101666
2023-04-25,252,0.8099856735712846,0.8061235937658229,-0.00024899152566122077,0.8688427245543661,0.870821674317962,1.153670523369959,2.809837552812809e-73,9.827540258768589e-53,0.10110468478037812,0.42718406340505377,0.5009002632652413,-0.18791051057090638,0.37072375701727867,0.3380158107893211,-0.09788407379123232,0.7824655344069735,0.7984490955722701,-0.01638207075213579,0.6599729335167206,0.6452455375063966
2023-04-26,252,0.8100218424103974,0.806160497743942,-0.00022889877533568167,0.8793097082533397,0.881130940579179,1.1542054261648382,2.6658833923277875e-73,8.48334851919673e-53,0.10209009512944439,0.4226646857516043,0.496833204176794,-0.19506371378313933,0.35464435899718916,0.3220261350702235,-0.09254639716558194,0.7933894655401608,0.8078679438505446,-0.01686402910618605,0.6502539561071893,0.6345109252128629
2023-04-27,252,0.8083859552094808,0.8044913608031694,-0.00035483890875227797,0.8143535664246827,0.8173652922426523,1.15399742295625,3.7169113076409e-73,6.221776899433734e-53,0.09829038685046648,0.4411549807501256,0.5123064139768443,-0.20621422785261212,0.32867949939983776,0.29407570614878953,-0.11527501221123881,0.7441607053355748,0.761764684571087,-0.016747773570007625,0.6577365760226632,0.6428088639728602
2023-04-28,252,0.8081975932399361,0.8042991703383088,-0.00034563787715602206,0.81911106190989,0.8228339085253963,1.1549853641332923,4.036465689885681e-73,7.7712085217219765e-53,0.09678898690664266,0.4487464245353734,0.5200748843557765,-0.20823522318608573,0.32366008258113244,0.288435239175176,-0.11256945659961326,0.7500904959798691,0.7667699060593672,-0.016984419178089925,0.652925600819336,0.6370845255769826
2023-05-01,252,0.8079095396552691,0.804005262005986,-0.000267654144811721,0.8595997220271322,0.8621049233183522,1.1525284066717854,5.3033528651519555e-73,1.106738755403091e-52,0.10304673100030441,0.423498196154923,0.4995502171609033,-0.20384282826026534,0.33624697866780107,0.30300153674656494,-0.0967644705718328,0.7864991552694316,0.8019545261736373,-0.01644345799295035,0.6635984511523747,0.6477428571280014
2023-05-02,252,0.8076026467751825,0.8036921314657349,-0.0002544116933476878,0.8664232274927391,0.8687653858199786,1.1528097317285653,4.260774680932629e-73,7.323486631331845e-53,0.10346199598621005,0.4250353345734553,0.5068113273576004,-0.20159136493606433,0.3399100392859641,0.3087736728568651,-0.09584685365961515,0.7896386619224576,0.8069885188669162,-0.015897841002645206,0.6722961460578312,0.6553328691429503
2023-05-03,252,0.8077363782789851,0.8038285810895336,-0.0002751505496870663,0.8556582775386377,0.8575341780262298,1.1531882774905728,3.590512388929357e-73,5.733168598390209e-53,0.09828736903582336,0.44963340864872703,0.5300473652888613,-0.1880437254030296,0.3780398739571639,0.3519393055682123,-0.10242104377214084,0.7750426034842129,0.7924570279142067,-0.015768108424386112,0.6744822699050916,0.6570893203335979
2023-05-04,252,0.8076190602813963,0.8037088785797987,-0.0002787470174731787,0.8536633109021021,0.8551971808822677,1.1528244017940794,4.952586349479385e-73,9.034858785141678e-53,0.0954138418684896,0.46313596220236497,0.5424415511145562,-0.18893129904607583,0.3751532587097772,0.35042245302204145,-0.1036095171523862,0.7724076966650834,0.7903432405066009,-0.017353642117290756,0.645348774571296,0.6271328444434681
2023-05-05,252,0.8070681216512059,0.8031467420099703,-0.00014205342133635215,0.9252528029428051,0.9263549340099274,1.1537143790643873,6.3860024119807e-73,3.6401438182456137e-53,0.08886830870455856,0.49479064479427504,0.5710621620332513,-0.220011646549517,0.3005402009031464,0.2752301994621601,-0.13112482775088552,0.7151319184333296,0.7368679221244514,-0.02422276932628164,0.5190178121073901,0.49551540645295655
2023-05-08,252,0.8096338791075708,0.8057646490081312,-0.00030997392343675833,0.8369426847967862,0.8389444003272172,1.1569564456420212,3.6106529364570015e-74,7.886472941422407e-56,0.08992857566179331,0.48667705729704935,0.5656759421450379,-0.2551477344524934,0.22830117786039464,0.20391976411303114,-0.18262327869194594,0.6099292047390401,0.6404284612552296,-0.03190296173693205,0.3963483994260909,0.3432427316816131
2023-05-09,252,0.8095131595698937,0.8056414758213143,-0.00028364236681981906,0.8505625122084404,0.8525309457512932,1.1570195911503507,3.622017973186773e-74,8.279669223907351e-56,0.0895065910977838,0.49081353916726667,0.5706138532501445,-0.25219691494204266,0.23335764826725294,0.20884530538588808,-0.17880392978093385,0.6170330105766553,0.6470605317046068,-0.031847257237906976,0.3991635504271466,0.34790239367561127
2023-05-10,252,0.8014202672556365,0.797384093825873,-0.00040832684489681905,0.7858416371142569,0.7882277531532527,1.1671705054757027,3.148098997612036e-73,1.5066961872839081e-53,0.08970936663689984,0.4888502091857092,0.568784177986171,-0.2246041601502043,0.29045818469738416,0.2536819831478778,-0.11732586885855423,0.745299974073754,0.757152940579427,-0.03536747526958314,0.3500697871600177,0.28449403508706583
2023-05-11,252,0.80122170415158,0.7971814948863682,-0.0004509232492006126,0.7640356813781192,0.7689352081646716,1.1663708384317348,3.3669678014854753e-73,2.0738903435252126e-53,0.08991584507738275,0.48732569203033393,0.567402314752748,-0.2195799711485542,0.30173869964089206,0.2658718024236181,-0.11881447822039637,0.7418705862308822,0.7538012417523716,-0.03469651203987634,0.35939483420537,0.29668442694844865
2023-05-12,252,0.7986598867412781,0.7945676080165074,-0.0002609341499347932,0.8614265182762858,0.8626814263779885,1.1603536968728791,7.126276059162855e-73,4.483337947225918e-52,0.0593403706854803,0.6487520635820795,0.7023263505953656,-0.18755959036730438,0.37598691031726605,0.3476335549498347,-0.10123176439329906,0.7772817856344388,0.789296702239417,-0.043427146119939225,0.2537781302510865,0.17910728083712324
2023-05-15,252,0.8033891048632228,0.7993929484580038,-5.24906629976895e-05,0.9715903018100136,0.971663152630944,1.1633410409881886,3.666020251225716e-74,5.0835857361652245e-53,0.05917927231258683,0.6449178613839119,0.7030889961253696,-0.21216874937476582,0.3103970410931771,0.2859072914068488,-0.037392773272694246,0.9157527668858898,0.9207274070706957,-0.047408255202203715,0.20648595235848427,0.13778130365551103
2023-05-16,252,0.8031536693712312,0.7991527276917847,-4.209427218602427e-05,0.9772025596144176,0.9772379598122307,1.1643215812505707,3.750922115668622e-74,4.1511707573661173e-53,0.056606092838515025,0.6608228170311591,0.717717534741637,-0.21754002508042153,0.295596436048692,0.2658452789943615,-0.04528916489884477,0.897778181187227,0.9033047885872469,-0.04582250456311758,0.21992630674676691,0.1456509935541884
2023-05-17,252,0.8030827770283677,0.7990803944476434,-4.665179115348364e-05,0.9747387414217907,0.9748605050813267,1.1659914618033138,3.75934370773759e-74,5.5796039937548725e-53,0.040398413070643326,0.7563288177692572,0.7979186803157523,-0.21818761266480635,0.2942370929636683,0.2646815286028045,-0.07303885528771759,0.8357578229227072,0.8448356268523601,-0.047372220981063994,0.20684815120750094,0.13534867331989336
2023-05-18,252,0.802781955969346,0.7987734591394546,-4.6585288049267085e-05,0.9747800435692782,0.9750613739412409,1.1655216797820689,3.3548173169207444e-74,2.360810175868161e-53,0.04039641542194477,0.75640228078206,0.797344422030646,-0.21726909650317566,0.29655447503924665,0.2687121108216024,-0.058068581116050066,0.869146389788998,0.8765264383158573,-0.04805364863813828,0.20043112384195988,0.13023144317095325
2023-05-19,252,0.8006434877488591,0.7965915261177383,2.843598303432283e-05,0.9846096907762943,0.9847479623176135,1.165331762943088,3.4126593046140845e-74,4.0787433508103726e-53,0.037870571796502134,0.7715643507907392,0.8107053945622122,-0.21451093351270556,0.30210403925276924,0.27589709034401955,-0.06497920470018287,0.8538309868219417,0.8622568515482174,-0.045633961352074946,0.22564252725789996,0.15295556130856194
2023-05-22,252,0.8000030132482121,0.795938033842688,9.409922264692352e-05,0.9490721503649489,0.9498826837047059,1.167141497682593,4.6489193742158645e-74,4.060234268712904e-52,0.031025313257130815,0.8131633252362378,0.8470171817701995,-0.2133425252119527,0.3044857899194589,0.27728553186377847,-0.07860311334047765,0.8240053420641162,0.8351951384331109,-0.046751267476276614,0.21516747175832984,0.14369642980562933
2023-05-23,252,0.8001672901752499,0.7961056497316574,6.868883889553021e-05,0.9627649177630011,0.9632708261918141,1.1697880453017457,2.8829969003015048e-74,2.5388363960034855e-52,0.029203239637621295,0.823860226989165,0.8559078086872074,-0.22069041705260353,0.2883290876872281,0.2623136223068815,-0.09189032471645397,0.7950591399405137,0.8087543479301239,-0.0454414969168734,0.22666758842186094,0.15334879080713765
2023-05-24,252,0.800281226677939,0.7962219020169214,8.75846197635618e-05,0.9525500531445885,0.9536752911439782,1.1694646512672204,3.2741698180027743e-74,2.2087251898909844e-52,0.03266895437524303,0.8030498016590703,0.8388441689906732,-0.21914266578125477,0.29269329866020977,0.2686237999706088,-0.07819946036402237,0.8263253850050304,0.8391205051026713,-0.043685802795198965,0.24280371529838704,0.16817168483834688
2023-05-25,252,0.8005299650728612,0.7964756960702771,0.00012042008682553698,0.9347721444654782,0.9361626721344833,1.1715956350588965,3.302332961008484e-74,1.3522134017023703e-51,0.020042738597797663,0.878998923879978,0.9034771868968754,-0.20953255147757838,0.313874184744632,0.2898869593079785,-0.08384633336016095,0.8138910938480519,0.8279145128605869,-0.04436972936850607,0.23546106611525935,0.16413553020615068
2023-05-26,252,0.8009669632694301,0.796921576344012,0.00018480750635070046,0.8999554071692079,0.9012372266782559,1.1709392239456067,2.916712942468343e-74,1.1042733066741563e-51,0.02521845556972968,0.8479286089656126,0.8774321260979621,-0.22006579201407175,0.2905744981241744,0.2664926156152878,-0.08623160673692426,0.8083389295230676,0.8228039008757471,-0.04420801504229972,0.23640563553950983,0.1648972066964952
2023-05-30,252,0.8063523334187294,0.8024164052361832,0.000422024298008739,0.7703249710783437,0.7690474836097929,1.1619030040469702,6.448472124894118e-75,2.0197860401879423e-51,0.07064232752499235,0.5874130945330929,0.6483849953937353,-0.2271720858071422,0.2665344177498858,0.25101600350532094,-0.08834928674392883,0.8002922893091924,0.8179976564121035,-0.03930846796099405,0.28426984096555497,0.20523442658253332
2023-05-31,252,0.8066327013959615,0.802702471749538,0.0005411244407892829,0.7075017678628321,0.703470427570259,1.1565166292390974,2.8848020294799362e-74,8.0750946937905245e-50,0.08940688448961326,0.49523684418728275,0.568968433041199,-0.2196836848106046,0.281432268915293,0.267629083760504,-0.07306477562195102,0.8340001824922119,0.8493843744592632,-0.038963057267723984,0.28745173285704656,0.20812573133908085
2023-06-01,252,0.8024272021243892,0.7984114948504947,0.0005714162213178464,0.6922643512512864,0.6933472116941205,1.157193030060347,1.316767582022398e-72,2.2240956807203246e-45,0.08636800025308487,0.5103130000719401,0.5875006693739457,-0.22018520773638336,0.2812337915124596,0.2727845851014349,-0.07611578503713723,0.8271624345048925,0.8438642181257887,-0.040072074089433904,0.2675544100697538,0.18484455385451215
2023-06-02,252,0.801602469733192,0.7975699996058179,0.0005275204489201208,0.714509826854226,0.7136754754355779,1.159711965642611,2.270956941731754e-72,1.7487372449640283e-44,0.08593183121282844,0.512223804027351,0.5894355587891618,-0.22989979766037694,0.2616642063421938,0.2587382987230177,-0.09760405389400978,0.7807464063705698,0.8044062628828432,-0.038529904600018365,0.28654491479896865,0.20495960365099497
2023-06-05,252,0.8028640962127681,0.7988572689000195,0.000666057231056751,0.6438399543072828,0.6439135663198479,1.1555824428124728,1.2608539796032235e-72,1.1346827095542318e-44,0.09961132309989913,0.44807231351511045,0.5315622074048441,-0.21752555991840133,0.2877210518383926,0.28484012153293636,-0.10019647672101417,0.7748325622848466,0.7989050970756066,-0.037311062758505084,0.30167434548926153,0.21878330128997903
2023-06-06,252,0.8019022161513509,0.79787583843085,0.0005791985056034951,0.6885727388032084,0.6863780356287597,1.1506702487652318,2.0132755772182263e-72,1.1081604204293e-44,0.10700519944431774,0.4186500945870947,0.5061869667674339,-0.2300532289678339,0.26283737622396663,0.26112102785063873,-0.12512285220276737,0.7214831374416433,0.7526449917992317,-0.034449732331877994,0.34126397391082997,0.2575376168681557
2023-06-07,252,0.8018642818821797,0.7978371331399476,0.0006890541126581237,0.6331781138802945,0.6322963758916218,1.15393133115096,2.649503241274732e-72,7.489032291989844e-44,0.10476211280083884,0.4272802996132855,0.5128387588155789,-0.24137476963974136,0.23738997015490404,0.236485127925249,-0.12971046549552656,0.7105012900030899,0.7418713135866968,-0.033773440639515456,0.3505114595211545,0.2673922386133495
2023-06-08,252,0.8022516500623733,0.798232374657137,0.0007565639096274098,0.5996819048840292,0.5978228136034449,1.152535905368976,2.807165051806133e-72,1.169362627496888e-43,0.10651813996230378,0.41894223110266626,0.5060798168135352,-0.23463088666044096,0.2502674305140854,0.25052751742316537,-0.12207613389497846,0.7263503602084243,0.7560477858046069,-0.03492389325286775,0.33404319249460257,0.25328903210343723
2023-06-09,252,0.8031648714824393,0.7991641574881799,0.0006549883316160076,0.6486521940326693,0.6469771093398757,1.1548091382387824,1.5504502900455813e-72,1.4051840811175366e-43,0.10877831200531798,0.4079338911622703,0.4968568604514815,-0.24544192822443356,0.22856412605815962,0.23157337255853738,-0.13684305281359804,0.6942433712653319,0.7281997286914073,-0.03354741659559405,0.3524427075552101,0.27148984048320646
2023-06-12,252,0.8028844002156984,0.7988779855859361,0.0005027073583165607,0.7273482715433943,0.728418147405998,1.1572718591385556,1.796204679325065e-72,3.402855437345991e-44,0.08270574588772983,0.5248486698152531,0.605458596948875,-0.2355458924426994,0.24888371563970862,0.24851563681089806,-0.1337000806422426,0.701930267046668,0.7339038514659382,-0.042158155525971096,0.23666540589741716,0.16973984090902272
2023-06-13,252,0.8020899711178402,0.7980674095551947,0.000566479283215825,0.6937583315319606,0.6938493482844248,1.156975594966776,1.3063833501681368e-72,5.560338283333773e-44,0.06807499558778532,0.6018637129830053,0.6738598812596485,-0.191649596610897,0.3540669037890598,0.3605781443067896,-0.07192165752009588,0.8381177313374447,0.8585600809829896,-0.04454087987159186,0.21128424773513668,0.15582349652077981
2023-06-14,252,0.7647483334470688,0.7599667955090011,0.0005902678652587531,0.6817622320232873,0.675263698101556,1.1437535916007786,3.6829462359965705e-66,5.221449996397954e-34,0.0819824028673322,0.5320985705202785,0.6213379645149799,-0.22132706156846776,0.2878550028251152,0.2837201604162858,-0.10612512190224005,0.7644004999982036,0.7879026681450049,-0.03700162926884637,0.30486660031288537,0.22438545254034425
2023-06-15,252,0.76500240828886,0.7602260344735929,0.00047619812638854345,0.7405314110461598,0.7348848740995819,1.1441350123940204,3.250026886042876e-66,5.092983330884254e-34,0.07798797179476845,0.5511420067452469,0.6394955814293607,-0.20540898498986385,0.3218312166947497,0.31306063909501547,-0.08658791671376725,0.8051455704265731,0.8228413600009495,-0.03817985330143579,0.28599087224736636,0.2052162773539713
2023-06-16,252,0.7652897200418627,0.7605191858963721,0.00048049893525935,0.7381743601513102,0.7312586023145362,1.143049991810744,2.308298976600911e-66,2.196504489728861e-34,0.08273801704901185,0.5245030536259506,0.6144714403821356,-0.20580167649353426,0.32068979581701307,0.31212290049136004,-0.08815897016457235,0.8015272145621777,0.8198778193189569,-0.03785876188635186,0.28693281167083523,0.20126259786480782
2023-06-20,252,0.7540162079618487,0.7490165373919675,0.00040421094577799965,0.779817298015239,0.7734384523663544,1.1219584697936273,1.1462616043381692e-64,6.276333564773756e-34,0.0770152298971965,0.5581645486297551,0.6387009109267392,-0.16743503227962708,0.4187479779705048,0.4141390533077024,-0.1348483224595676,0.7086740883930479,0.7276369414394191,-0.03926428452901067,0.2720097211662193,0.18966146376805648
2023-06-21,252,0.7549661149406774,0.7499857514232116,0.00031906432773066626,0.8253247259797609,0.8181972922556782,1.1180149812496931,4.3332054502335444e-65,6.517651143656499e-35,0.08663925474415587,0.5052648680425762,0.5868594084516563,-0.16671741931716927,0.42131514064395914,0.41895041038419345,-0.1436049427091281,0.693936482486286,0.7136913315802569,-0.03622026848077494,0.30956875580225673,0.22685877652632913
2023-06-22,252,0.755005376084915,0.7500258105581856,0.00021837072648337672,0.8798033028030343,0.8751854371248209,1.1191190322726443,3.188673507112625e-65,5.052790092276003e-35,0.07421863532659409,0.5692597243691317,0.6383915128929669,-0.15799358719789044,0.4448632641361744,0.44404892646848937,-0.14228117928112896,0.6963435161947096,0.716484707242642,-0.03738390264941074,0.2942094105294041,0.2111676160071172
2023-06-23,252,0.7540536225838198,0.7490547124737348,0.0002812453087671723,0.845200297151661,0.8405136836780742,1.1121925051813737,6.010210317254424e-65,1.1911960784776199e-34,0.07156931702687166,0.5821395428829301,0.6480106761691974,-0.168498542596253,0.4130908857473482,0.4121860408544338,-0.17696609037258762,0.6256941336308008,0.6501930351017539,-0.04043557546150539,0.25618667171668963,0.1738218548538042
2023-06-26,252,0.7520616350418742,0.7470222373801236,0.00019812533077162415,0.890311265716249,0.8867644126520859,1.1079885972048542,1.5285981756987267e-64,8.193433982834197e-34,0.06259781483568294,0.6303384271293259,0.68494780938368,-0.16180775595243313,0.431110362169143,0.4319550448548538,-0.1892022384210429,0.6009304531167259,0.6256859421115522,-0.042464757451019394,0.23215842048664584,0.15219068628475663
2023-06-27,252,0.7565108924527919,0.7515619268522389,-2.8482632387296408e-05,0.9839645378053066,0.9836816512508728,1.1135891524210737,7.743036600171651e-66,2.3642482348838554e-34,0.021067950216496767,0.8703840273396725,0.8875894124444352,-0.1583926713010394,0.43393902120121275,0.4402685080523675,-0.20734257223375796,0.5611872857960771,0.5938383025002866,-0.04335618133888091,0.21633503864622677,0.14483052695745194
2023-06-28,252,0.7564438838238473,0.7514935562592914,-6.271510826260881e-05,0.9647302100234482,0.9642958076329637,1.1143848421036497,7.37701051349558e-66,1.506990230128022e-34,0.01911566820620844,0.8824430496601177,0.8979563745076484,-0.1635063865748,0.4196093261794285,0.4252975841431983,-0.22144777986407357,0.5351432512573597,0.5683997884887341,-0.04281394887577562,0.2221882637840548,0.1490734764334915
2023-06-29,252,0.7559523675450366,0.7509920498122121,-1.2285719056785179e-06,0.9993085766853411,0.9992996343074291,1.1147804027390307,5.721719524616622e-66,1.3643305642775986e-34,0.01118293012593527,0.9313564431255902,0.9406858477275373,-0.16025008034765767,0.4286170832617823,0.4351065140650776,-0.2159437890626517,0.5445216234649812,0.5781295607435484,-0.04333271426044449,0.21644004036717335,0.1449112506898227
2023-06-30,252,0.7543215481811574,0.7493280837132947,0.00027999028405925743,0.8439188543522461,0.8414918659914864,1.111204862845152,1.5666806030688827e-65,4.539213045175555e-34,0.030709443800030864,0.8131588232818042,0.8386699023484978,-0.14542520894653155,0.47421499242079646,0.48056654719088876,-0.19050686219434562,0.5950944442158934,0.6274741350596253,-0.040939441064885985,0.24374098067531336,0.1703972981055656
2023-07-03,252,0.7538237369358083,0.7488201543532027,0.00028317631400159697,0.8422815365637031,0.8401841394748774,1.1097044841151318,1.7701956844046206e-65,3.394491599174386e-34,0.026230232758626043,0.840361667737924,0.8623990502493234,-0.15628968487016448,0.44386968568411755,0.45429551582128047,-0.2177379404866156,0.5464655634526089,0.5829324093423258,-0.0407829451071721,0.2456259747871489,0.17239061479338247
2023-07-05,252,0.7548345232563266,0.74985148511113,0.00021996822501717803,0.8769351164923228,0.8749770689398976,1.1121694958963928,1.1970298777264968e-65,4.524050442706183e-34,0.024579258378081642,0.8499140295160518,0.8706827469104892,-0.1632004113943176,0.42365055402607155,0.43842349853249074,-0.24078948075878479,0.505287058554341,0.5452899315984724,-0.03781289349145241,0.28218203751573895,0.21152733959483194
2023-07-06,252,0.7537409039832765,0.7487356378040748,0.0001170873500481303,0.9341959274933984,0.933114377121014,1.1091002384673958,3.633849569348913e-65,1.8511804708474955e-33,0.00897395009070126,0.9454084304540793,0.9528512682705393,-0.14300277584394977,0.4822652837228453,0.4940420362020753,-0.25626866654253594,0.4782262849577985,0.5132035575560174,-0.04229875998514633,0.22767087259051305,0.1592999650295035
2023-07-07,252,0.7538984976878866,0.7488964346327625,-4.920873793261908e-06,0.9972259102475676,0.9971947749673212,1.1065390282710408,4.577080559404221e-65,3.6024081493744804e-33,0.011412040440324199,0.9302319910983955,0.9395864069240693,-0.12581700428892062,0.5368735354672413,0.549446879352562,-0.2549698326433861,0.478218443555832,0.5116225161365286,-0.04089669233731864,0.24177576076799026,0.17291396607962173
2023-07-10,252,0.7536515229896111,0.7486444401235464,6.577179241172085e-05,0.9628805332703516,0.962381253137237,1.1089572706332254,3.976447622739993e-65,8.220748643591089e-33,0.019488310497313532,0.8814099417826603,0.8971845728716418,-0.1248998131078815,0.5390785086602161,0.5505959541682962,-0.24173817249367174,0.5009726298021344,0.5303527183817422,-0.03991320810075599,0.2525735040008568,0.18257519025771107
2023-07-11,252,0.7541395933893705,0.7491424306533822,0.00010334892952487066,0.9416331270405931,0.9409356347091076,1.109048156518075,3.2050755832041367e-65,8.265946512295428e-33,0.013709223132409062,0.9164142512027318,0.9277667352197562,-0.12248527446179802,0.5465230028754158,0.5578001531971348,-0.23817016923077955,0.5068045138318016,0.5362396187094374,-0.042374469289664526,0.22560863073537976,0.16098506846713156
2023-07-12,252,0.7482656516138741,0.7431490998174082,0.00014819546840542193,0.9164221322533941,0.9150794648277264,1.1063906224026654,1.18701774094529e-64,6.379921482452263e-32,0.013638422508509003,0.9167083095076995,0.9280974230028822,-0.11946124191143898,0.5563794630731548,0.5686414684309123,-0.22837946583190882,0.5234468228021063,0.5547501617277677,-0.04224038604210604,0.22480095958169938,0.15881319007863615
2023-07-13,252,0.7478368297624967,0.7427115620747425,0.00033291845946336663,0.8141004355102893,0.812565688971254,1.106693525658281,1.7908866783780547e-64,2.607641378218898e-32,0.02170582782360964,0.8679201128607424,0.8859738779912839,-0.14375831649869417,0.4792400193613321,0.49434651642884186,-0.28025905287238273,0.4333686186054485,0.4660092327887301,-0.03765845411520026,0.2789548394639137,0.20750797162326196
2023-07-14,252,0.746907234604296,0.7417630727060094,0.0002832904881780227,0.8411198838076908,0.8387415907214809,1.10186375496816,3.560734925006456e-64,8.077167113273023e-33,0.028002240065725867,0.8301201425045023,0.8518556436309908,-0.15002573452932355,0.45987025652227476,0.478967200716812,-0.28767859339167234,0.4207082762747282,0.4563084328219408,-0.03687145433607669,0.2883248556134547,0.21656494197435017
2023-07-17,252,0.7492238977270119,0.744126822477561,5.054353176774432e-05,0.9712229847582139,0.9696659730994286,1.0967869686372227,2.1545166047565926e-64,9.921602543290901e-34,0.025514521205918364,0.8433555522214462,0.8640678568123534,-0.10142519564449769,0.6157006480875847,0.6157860824137414,-0.28299646282722835,0.4241020828924743,0.4615458710260911,-0.03702783348228421,0.28136454213696543,0.2149013358436711
2023-07-18,252,0.7491672272913422,0.7440690002037679,8.116194090849744e-06,0.9953742534756023,0.9950841037103181,1.0966813963738438,1.6343974552516935e-64,9.586820715258589e-34,0.02567811263376723,0.8421078956314478,0.8633308146413003,-0.09195657604885352,0.6462992865697385,0.642905001679605,-0.26971267663666565,0.4438250757753496,0.4752834675524297,-0.03567542557882273,0.29967793293366135,0.2370578194818842
2023-07-19,252,0.7799848188400683,0.7755129655644599,-0.0006845485145996158,0.5766940628549,0.5710526007122776,1.038000704610461,2.3307353921023507e-69,8.859563921906004e-44,0.10342401493723466,0.3611376362101839,0.34041667336471126,-0.011626311975650144,0.9472246700355311,0.9535112135193781,-0.03483436180227406,0.9102875404178628,0.9198164402782135,-0.05048265727817985,0.09450267596875726,0.09172728006253376
2023-07-20,252,0.7908308154415075,0.7865794092512942,-0.0003853016192583013,0.7469428357163357,0.7479939358545635,1.0426127019973834,9.875730950309759e-72,8.814248612493907e-44,0.14113779625388398,0.20213808821423593,0.16631730299818048,-0.04927005119909331,0.7738602050774555,0.8001222398212327,-0.0808470841450691,0.7885043784614509,0.8120498734852574,-0.044277605164011004,0.1324704603122349,0.12589011291930394
2023-07-21,252,0.7909504262510479,0.7867014511748498,-0.00035797493348136875,0.764208017688794,0.7659851683940292,1.041760389257414,1.1028971842294024e-71,1.110391904976179e-43,0.1474709826139406,0.18390198700483507,0.15253773947632648,-0.05099060389572699,0.7660861391263833,0.7932630948256582,-0.07350160344676254,0.8074058009579651,0.8292995643347657,-0.04380165894655055,0.13595373114569995,0.12853591553309857
2023-07-24,252,0.7937933714781449,0.7896021798415218,-0.000474510443856122,0.6885496118373688,0.6897651414727334,1.0442097795648182,1.6099469578159975e-72,1.9293484502512638e-44,0.13871427114454524,0.20757736240500563,0.17168005303730027,-0.07118937258513205,0.6761177733218064,0.7140781897705997,-0.09661530356731998,0.7469131173889747,0.7769784659330256,-0.042587726087327325,0.1437739139917055,0.1393050803657179
2023-07-25,252,0.7934627973707431,0.7892648867481973,-0.0004614388255284782,0.6966855915893488,0.6977511334681958,1.0441152173487582,1.698997224107984e-72,2.6180767404754253e-44,0.13812366544399424,0.2120842788455135,0.17901849224624333,-0.07026101117042802,0.6807170052087159,0.7192457792058974,-0.096417937659471,0.7474030472569344,0.777337331991913,-0.04271191535369572,0.1436382590964386,0.1410362783466721
2023-07-26,252,0.7915547602948807,0.7873180684309555,-0.0004709647503587399,0.6908548642834064,0.6909866835637423,1.0450768426817296,5.771539240272052e-72,3.703761436738486e-43,0.13724450173381214,0.2139620235270952,0.17966372868933222,-0.06830069569689073,0.6896744123973352,0.7265699094588951,-0.09261254744381756,0.7576635986176532,0.7860877334572693,-0.04300508657455318,0.13996957422699788,0.136662347395118
2023-07-27,252,0.7917612913638283,0.7875287972858573,-0.0004935857973655401,0.6766142721384739,0.6757066818250612,1.0446723933505817,5.900175830669178e-72,2.595439881875029e-43,0.1411871961951778,0.2001013401247619,0.16845241938355104,-0.07377787871644176,0.6659381658338414,0.705067250214694,-0.09948404972370448,0.7404715623189957,0.7711224196145582,-0.04247235486426802,0.14206654089006654,0.13657396984887588
2023-07-28,252,0.7873367448613406,0.7830143209764086,-0.0006390405159375248,0.5859584208252537,0.5871461300369973,1.0369838759346846,8.764104581293006e-72,4.450623779834772e-42,0.11399578423344763,0.2992967969272077,0.2621676089258287,-0.05130090615847263,0.7618516259268695,0.7958763686452277,-0.08329943999639475,0.7792519831957432,0.8098328457314735,-0.04552625324676627,0.1121038784573403,0.11353575708346196
2023-07-31,252,0.7861635049895216,0.7818172347657314,-0.0006948414957085228,0.5532729684902189,0.5554655432073156,1.035797917366886,1.2269474377228894e-71,4.2627594223203975e-42,0.11293874206374836,0.3031652599022444,0.26624774630402925,-0.07003052428332698,0.6820347646334557,0.725037527232818,-0.10887587638494005,0.7152717652307119,0.7526861883454827,-0.044778586997285395,0.11827997015041529,0.12028433402185972
2023-08-01,252,0.7861182117800254,0.7817710209625462,-0.0007171045077805975,0.540464430120874,0.5418638680528888,1.035051826306594,1.2995117938266603e-71,3.019847502324461e-42,0.11310749135761587,0.3033129473576963,0.26683630420640403,-0.06421734912257462,0.705699985114683,0.7436475457387757,-0.10640182835947039,0.7214294503233691,0.7575785040144274,-0.04510221406144374,0.11551767706108448,0.117055125343949
2023-08-02,252,0.7866555458590813,0.7823192764659732,-0.0005490308132507962,0.6376253252861834,0.6425871268680252,1.0318220147343022,1.2251319527190298e-71,1.4357446274835817e-41,0.12067876449376183,0.2703004275144461,0.2342738747834261,-0.07481084832655369,0.6585260937429237,0.7044074273376807,-0.1497425561327126,0.6149921843688486,0.659059826276926,-0.03785148310607625,0.18189056354352712,0.17831090357924195
2023-08-03,252,0.7874129796576705,0.7830921052604687,-0.0006300962824257579,0.5881280552761456,0.5914276388954997,1.032522146258279,8.137422022989923e-72,1.0266684412284367e-41,0.1147785153295107,0.2943060677507079,0.2593403616716171,-0.08543012178386616,0.6139232389386862,0.6647119353581332,-0.17902033969983006,0.5491845794511834,0.5970383662224164,-0.03891697384850294,0.1695288025087309,0.16731230136359898
2023-08-04,252,0.7875491850163612,0.7832310790207588,-0.0005840536439768965,0.6154849386303523,0.6198001930475957,1.0315728288926982,1.0699347398749039e-71,1.1337953161112703e-41,0.12005105022614504,0.27464421205812034,0.24005614791178176,-0.0882608123990041,0.6019565108247131,0.6537322962041994,-0.17554418600091604,0.5559026870554244,0.6023432095073318,-0.039054935798295366,0.165879643991186,0.1625603880893165
2023-08-07,252,0.7873889550388419,0.7830675923363793,-0.0006237246143429122,0.5917610822767223,0.5952196878339251,1.0318834405190014,1.351549791963302e-71,1.4307646932442564e-41,0.12165703386577015,0.26834289242206977,0.23369966778512719,-0.08986503816965269,0.5968924215652045,0.6505030536817011,-0.176949375306683,0.5528807298829084,0.5997028767145257,-0.03778514351243401,0.17822714802991865,0.17397657318474913
2023-08-08,252,0.7901564573081606,0.7858913446518224,-0.0008170789066922932,0.47660995527064975,0.47518094805101774,1.022662615238898,8.556171831083336e-72,3.5441290492232633e-41,0.12882381600626647,0.23495569789607276,0.2085048603465255,-0.09156071700120988,0.5850387456704507,0.6455138874048099,-0.2506394193741236,0.39631235985160174,0.4555615331207564,-0.03452902942451821,0.2128674534062868,0.2110266953693708
2023-08-09,252,0.7897027034542013,0.785428368158555,-0.00079858854731791,0.4866763138578468,0.4841527042385545,1.0224244275153196,1.0970393605695217e-71,4.510613957715293e-41,0.12610484172615605,0.24414380791111467,0.21644798436044654,-0.09630162413331178,0.5659924632075963,0.6285817355886854,-0.25772069987651225,0.3828136963055947,0.4424905023139365,-0.03488422430014781,0.2081534740037362,0.20593294818752494
2023-08-10,252,0.788998758110695,0.7847101149828636,-0.0007447471184146431,0.5162651494235558,0.516284296684251,1.0213097366159942,1.4261720210781327e-71,1.2354466356442293e-40,0.1236604063707157,0.2534925795615025,0.22526450679572874,-0.09347387225061757,0.5773850042937111,0.6392630839496347,-0.26002936374297436,0.3783355487573793,0.43858968786458896,-0.035043606499252936,0.20582443004335108,0.2041479751902875
2023-08-11,252,0.7896431032745737,0.7853675565931626,-0.000906829207462589,0.42445628433421334,0.42191063801330053,1.0205116952079571,2.3937548958417634e-72,1.6453757658726243e-40,0.11533727749825431,0.280380578891462,0.25290178326227386,-0.061087110297691094,0.7135372425017956,0.7603012244978167,-0.18931811227630488,0.518365167368667,0.5751868225001566,-0.033162217629353286,0.22260229857820665,0.2188241382626943
2023-08-14,252,0.7902972926803942,0.7860350425316217,-0.0009845099562750764,0.38508997732227235,0.3821755576315873,1.0201737262071846,1.8059908511356359e-72,1.5285435565390878e-40,0.11656655171522211,0.27321891399960824,0.24686216785300952,-0.05370940046174352,0.7466340164236261,0.7893384871845075,-0.17694759837367358,0.545041298254918,0.6020231529129412,-0.03392396393415242,0.21137050457566858,0.2093431145811936
2023-08-15,252,0.7904500572766525,0.7861909120993487,-0.0010406224928618908,0.3573093225152383,0.3554942877913789,1.019721973635575,1.292482063524754e-72,1.0900655145462687e-40,0.10505003369992538,0.3246333303509984,0.29890846918302527,-0.07434786858564879,0.654865758552706,0.7106249845200563,-0.23014639017093036,0.4343959577846864,0.49868861101812556,-0.03277843549149191,0.22218289295023885,0.21742719786760667
2023-08-16,252,0.790474408943787,0.7862157587190672,-0.0009508394874619199,0.3998754131617511,0.39712200014990495,1.0190496148420811,1.249597384384285e-72,1.3815540213045862e-40,0.11125153659557205,0.29834332351372284,0.2728394359561511,-0.07637371881770896,0.6457965823823153,0.7034671994579899,-0.2107864032581681,0.4753195786774942,0.5389352518320316,-0.03194841044140808,0.2340917639777656,0.22841385787512503
2023-08-17,252,0.7927709445027105,0.7885589718300013,-0.0009000237088736625,0.42567294392064214,0.42381415546439016,1.016104163315917,4.408549807136085e-73,1.1688430320893739e-41,0.11233174511023157,0.29386478615199574,0.26837344878622016,-0.08289102274508106,0.6177639898327785,0.6812170057545,-0.22463903825728315,0.44595567383399937,0.5140901160306811,-0.031053774610523825,0.24664422736649025,0.24086110740247324
2023-08-18,252,0.7923389267570176,0.7881181732358187,-0.0008686920342318695,0.4422329585944079,0.4413573616175106,1.0151535259555082,4.8347453634065195e-73,1.3333431219882964e-41,0.11127672834002163,0.2991018292518615,0.2736904666974014,-0.08074733501931218,0.6276342284931576,0.6894338826862649,-0.22371943294413715,0.4487301273990769,0.5164151548202075,-0.031819163026077776,0.23476704461326492,0.2274326140114309
2023-08-21,252,0.7928990132483041,0.7886896435988795,-0.0009289782220751734,0.4106369947684799,0.4106069879832127,1.015208570950863,3.553631759145336e-73,1.1027088845719198e-41,0.10810224126640035,0.3111201227353635,0.2839438303456213,-0.08948219208435047,0.5909746325754907,0.658981437907965,-0.2559841495598191,0.3891929784802045,0.4639377607070342,-0.030982939378128703,0.24673995633737494,0.24009418562399454
2023-08-22,252,0.7833823816774055,0.7789795845570275,-0.0008957222937920394,0.42691065297360065,0.4243989746667095,1.0062777524501056,3.1252403893526637e-71,1.121439667656825e-37,0.10797638806485042,0.31086333894615387,0.2848258784337634,-0.08894500332008859,0.5924578932431148,0.6645880920590814,-0.26033284839987736,0.3799429376274426,0.4594495270192399,-0.030471016753111847,0.2537156608872728,0.24785620703626465
2023-08-23,252,0.7837930886736978,0.7793986392564966,-0.0008183361231882964,0.46811439563984447,0.46613184571674726,1.0086201879588286,6.742089753624205e-71,3.074322337413083e-37,0.10834269112351597,0.3091711827147316,0.2823801904897688,-0.08281541738600262,0.6167136433315088,0.684952952660129,-0.24458228536796175,0.4083197717559631,0.48528029537813344,-0.02938621762226146,0.2743802183896554,0.2657211519845596
2023-08-24,252,0.7844751665976882,0.7800945805529258,-0.000871677890480142,0.43852605912809894,0.4376434123206735,1.0087147709465007,4.348629639882735e-71,2.353192274365982e-37,0.10863424112286921,0.3066418059119044,0.2812059852274086,-0.08477219139000995,0.6073995987322724,0.6762036188732177,-0.23165651794533543,0.4320042717474919,0.5097592053507166,-0.029652043352179143,0.26875732152827336,0.26328407338033555
2023-08-25,252,0.7844671428103712,0.7800863936805007,-0.000889421640668672,0.4292822450033963,0.4282959916648488,1.0089571228341356,4.152024724513016e-71,2.2903082826192646e-37,0.1088943950111951,0.30552170669649087,0.2801805909337183,-0.08512000885631828,0.6060416079604064,0.6751819326677693,-0.2338908820144689,0.42760128958337074,0.5055988856446831,-0.02902041934638516,0.27762230967287693,0.27037049562540627
2023-08-28,252,0.784481526868924,0.7801010700979673,-0.0009469924843411785,0.3996658532756222,0.39971376290388627,1.0094099596710144,3.324426943363416e-71,1.6130755979254793e-37,0.10510186879821705,0.32276639221070336,0.2966486084427684,-0.0905930759297714,0.5828143481957978,0.6540527134650135,-0.24280457555044024,0.4098071365898931,0.48782649298719394,-0.028453606413353084,0.28649543509142394,0.27726222733386474
2023-08-29,252,0.7822732687027858,0.7778479286357692,-0.0007949211858708691,0.4748683610306459,0.48786364977481445,0.9997479287827886,1.57587773559053e-71,3.7586704730428387e-37,0.08476239628980789,0.42069047230933765,0.4008407664032526,-0.14476888122610976,0.3775704137211746,0.47221727749863385,-0.3447322250028195,0.24055079806721982,0.3132246417195975,-0.019262294337086885,0.4689015732898558,0.43313825556424523
2023-08-30,252,0.7844799314577161,0.7800994422597022,-0.0009163997313792486,0.4074322892721278,0.4151460320951007,0.9984154228924219,5.45699243210158e-72,2.5891405682433164e-37,0.0923835804821125,0.3777766839013532,0.3597222137496162,-0.1439974381830273,0.37723627687031636,0.4736339466529752,-0.33784954061603256,0.24710804924465787,0.32355176083400494,-0.019637648465439504,0.45726562209142696,0.42384940942257654
2023-08-31,252,0.7843400324812095,0.7799566998080634,-0.0008764910693029066,0.4290074305835656,0.4343618902990237,0.9948885253448487,5.44404944244118e-72,1.5287654796528962e-37,0.09822386076946017,0.3496361275951112,0.33353659510343425,-0.1347765073894263,0.41043249931822323,0.5026843089005602,-0.3144677311956321,0.28279489015112996,0.3579887424216095,-0.020448362010285756,0.4394015069965207,0.40393389318100525
2023-09-01,252,0.7842923824038879,0.7799080812332352,-0.0009173933358776561,0.4079074668810676,0.41261000850434015,0.994322617960214,6.590931719082979e-72,2.35389765877197e-37,0.10049085874729777,0.33921120814250527,0.3242360598548556,-0.1329191537387865,0.4164066967900515,0.5083541135691277,-0.31477351426488137,0.2798777667691727,0.35448900478643997,-0.019874232676914683,0.45119547099073365,0.4137769016126377
2023-09-05,252,0.7849873203418603,0.7806171439260444,-0.0009651775446641019,0.38277730470497995,0.3829326446706184,0.9931385390926489,5.938050551060218e-72,4.938705157888234e-37,0.10228850884889142,0.3285031703535075,0.31296447550475626,-0.1355232984057807,0.40607950299978135,0.4999416461473324,-0.3420393334068813,0.2412789381478587,0.3108607995336202,-0.017858879447373778,0.49555348918426056,0.4596846160866547
2023-09-06,252,0.785021566234159,0.7806520858730647,-0.0009743665059718969,0.3780371368011477,0.37683629011585906,0.9932960143031114,5.504007103073902e-72,4.162483032019017e-37,0.1042511490792328,0.32063201610780656,0.3086728252034898,-0.13917898616332447,0.39378677178858734,0.48869705763931104,-0.3435342414025252,0.23878233713812097,0.30794988701059545,-0.017394249649767886,0.5072398034522199,0.47324697717466513
2023-09-07,252,0.7928503893176239,0.7886400313769252,-0.0012273826256063766,0.2583564157653441,0.26373328527299333,1.004538840091719,4.906315907336328e-74,5.601628375549017e-41,0.08986357818957577,0.3828420699964945,0.3781435245285364,-0.1418142215309536,0.37604376170516907,0.47604407348719535,-0.3755120809547636,0.18988786081291736,0.2581391593580695,-0.021182000528093874,0.4111614734612138,0.39358195326680334
2023-09-08,252,0.7924566615261925,0.7882383009881071,-0.0012589624859856148,0.24540137177176136,0.2548378080806347,1.0038408363393132,3.8315601805860424e-74,5.514272389571976e-41,0.08597914032760652,0.4031637049506416,0.40151618720823,-0.15047353955243736,0.3477734005761163,0.44799472324119527,-0.3876148565371001,0.17586257556169702,0.24101191531987232,-0.01994876349715215,0.43862510881120587,0.41165432624790177
2023-09-11,252,0.7923398172280334,0.788119081805839,-0.0013597378434127474,0.21166585995989598,0.22038124082785393,1.008842836290929,1.5845862230721388e-74,4.9334693567997126e-42,0.07699509767815771,0.4551276421496546,0.452826182501767,-0.14481090683600195,0.36854826268463614,0.4647737169389139,-0.3636088849732252,0.20538895952830313,0.2725455157038008,-0.021424790479961733,0.4074633936527565,0.37811656904605784
2023-09-12,252,0.8001628225567712,0.7961010913079251,-0.0011479819994953595,0.28070657674007754,0.2833063827699924,1.031202086891827,5.318782536496429e-77,1.0793545982981275e-49,0.08219611206580515,0.41467980363276324,0.4168736798093441,-0.1626678502988391,0.3014203084049976,0.39864042040308256,-0.3859115259249409,0.16955484692562972,0.23172345462852173,-0.019440093841855285,0.4423024022144162,0.4118097880341539
2023-09-13,252,0.8074845194593883,0.8035716031882376,-0.0009674874404479896,0.35431393983748294,0.3587323230906315,1.0388121434087627,6.197713429320999e-79,4.833305464349695e-51,0.1015236727800771,0.3056029807567741,0.3092602163332402,-0.17337326737367853,0.2620667253697024,0.36435266609444805,-0.42998837434702547,0.11952358059152803,0.16483361426058707,-0.009915459231795092,0.6908910606900567,0.6579536074783511
2023-09-14,252,0.8070211759641827,0.8030988421423164,-0.0011173813450250992,0.2816089659766109,0.30000124694458685,1.0473304501241778,9.804931347888292e-80,7.83839971136243e-51,0.1242906730870974,0.20912734713516049,0.23651070500856208,-0.1705302692717287,0.2648343123892066,0.36750609517858834,-0.438312744725013,0.10690389788023064,0.145103407195197,-0.011321390298829798,0.64658212562933,0.6126982401533837
2023-09-15,252,0.8096480101835855,0.805779067301138,-0.0012122478354818188,0.23886294921647716,0.28229265305924534,1.0491156146700007,1.4265671722320659e-80,1.64955841116999e-50,0.1193941574761897,0.22321162862709934,0.2519043542532675,-0.1495416470705504,0.3243637064827649,0.44904595809171743,-0.4214649740190146,0.11808317417649096,0.17175765592413728,-0.009049514625257604,0.7113342331311314,0.6865611498537065
2023-09-18,252,0.8214212762249138,0.8177916273676966,-0.0008666871729319035,0.37692286192611213,0.3852523481778065,1.0439714819183756,3.680839642614227e-84,2.1349745706285538e-51,0.0877042740893223,0.34845158764708317,0.3684927420167987,-0.27174495715223757,0.06435605768523475,0.0995407705800275,-0.5796632217339035,0.02551901829180049,0.03443003355012821,-0.010119258767965662,0.6639872026996801,0.6473693709026204
2023-09-19,252,0.8229211247390212,0.8193219606077006,-0.0008079776342673848,0.40750190337873515,0.40923976415224506,1.043851136079429,1.1742117059225757e-84,4.4346707563186244e-51,0.07958199703759974,0.3929621201306649,0.4145234234148728,-0.26231888793212005,0.0727209328330137,0.1124377832552486,-0.5744416168545236,0.026068127815160345,0.03596112109816168,-0.011519588614281338,0.6192284967386257,0.6027407490616166
2023-09-20,252,0.8244877493310672,0.8209204271629994,-0.0007142641423416293,0.461040028719492,0.4614666762264885,1.0414950184231637,5.713980558426449e-85,5.539094204899877e-51,0.08659304626057807,0.3493915914636406,0.3746180066957907,-0.272194068002765,0.06085902588061144,0.09917586188573754,-0.5787891386387821,0.024043407638024733,0.03445812700050822,-0.01195050460294406,0.6033550723186645,0.5891532385346185
2023-09-21,252,0.8239549284299795,0.8203767765688003,-0.0007164909311789156,0.45930117873225196,0.4599044027383008,1.0414716650336642,7.698968260821831e-85,1.4041418367840992e-50,0.0865492249944647,0.3496251907939255,0.3743109713988234,-0.2712343948051134,0.0590451376507364,0.0947890393030711,-0.5773883183845196,0.02351819645396404,0.033824799191697535,-0.012120800980465965,0.592580154712214,0.5724594340073941
2023-09-22,252,0.8250611694627524,0.8215055021754101,-0.0005625233507778087,0.5581005911513921,0.5635539835377346,1.0403566510055184,2.0401770478952283e-85,1.36287629320895e-49,0.07394135242428439,0.4213180093366584,0.4497407966669389,-0.25043832097818003,0.07885277968375018,0.12501631124961665,-0.5489051728053717,0.029802853625842292,0.04650673678045394,-0.013667544255940255,0.5428443378585903,0.5236604088572099
2023-09-25,252,0.823900272378074,0.8203210096215308,-0.0005872832523767889,0.5400492070238325,0.543628157209008,1.0351124477641807,1.7046115015982097e-84,1.2554723571954269e-48,0.08593105115057592,0.3514122696691059,0.38636714514837356,-0.2654540127948822,0.06331865337837676,0.10676213477763236,-0.5754359114975193,0.023398159065680126,0.034426981849804715,-0.011492971807936982,0.6097661679894155,0.5995972310172801
2023-09-26,252,0.8244149715109579,0.8208461701189042,-0.0006168679960959483,0.519213838368024,0.5228691076479739,1.033953908030174,1.861643380949102e-84,1.0279907626149001e-48,0.08370825866966317,0.36342810589082775,0.39727443857046374,-0.2725551785955359,0.05536593561497305,0.0959766090726643,-0.6201843188788623,0.01529238129725686,0.022866749600589376,-0.011258669614688951,0.6143461687538967,0.6004541565734796
2023-09-27,252,0.8248578659992243,0.8212980665276638,-0.0006918948845472661,0.4692589260532689,0.47320904579822076,1.0331486617906902,1.6687795957786082e-84,1.2132779424950528e-48,0.07954112293613239,0.38785096937626085,0.4217188493607198,-0.2611197390733133,0.0653112091377112,0.10731648068736363,-0.6270302301556815,0.014143137664839305,0.02101942523600527,-0.012838727131917237,0.5666201334260315,0.5523190349161125
2023-09-28,252,0.8254507198382829,0.8219029702415,-0.0006920987411593958,0.46913195075144065,0.4737369532149007,1.0335950263663058,1.3576802248393523e-84,4.880955341438969e-49,0.07868780826684293,0.3930334469420774,0.42705396670679796,-0.2645296897126301,0.06080445336012114,0.09893661623811256,-0.6321549380454223,0.01311299140587107,0.018782504475720097,-0.01307770549128178,0.559368922195952,0.5448783215683495
2023-09-29,252,0.8259025031074843,0.8223639360974737,-0.0005878509622239778,0.5377671679110133,0.543248348894862,1.0323311417138137,1.4421255948057194e-84,1.223291455075051e-48,0.07996337838966588,0.3847748687401251,0.41840148932398236,-0.2615253484648502,0.0634321647229941,0.1020973781642656,-0.6587553672631525,0.009750694734922322,0.01394062620450096,-0.013786867784749534,0.538115658070701,0.5249674517411336
2023-10-02,252,0.8243552669186971,0.8207852520186706,-0.0006475402627595349,0.49939674767745434,0.5037314583812862,1.0301346576590737,4.787529312265772e-84,2.775652100626881e-48,0.0638142278267632,0.49402858768426194,0.5273126800920773,-0.2591746670137993,0.0673365423163088,0.10507114021002865,-0.7027046046128722,0.006262182549682065,0.009513572702693688,-0.014894512247766667,0.5076773378969707,0.4921169589599871
2023-10-03,252,0.8243449527134389,0.8207747281750941,-0.0006468651403971684,0.49974919964363584,0.5048302439453249,1.0302817609557273,4.453375794730267e-84,2.6828138670941283e-48,0.06527262004508938,0.48637109516374777,0.5217046139692689,-0.260822978845484,0.06534857975884995,0.10295986400583268,-0.7038129077650106,0.006137428070207585,0.009453419449736112,-0.014114267648092586,0.5281540185801179,0.5131002374279885
2023-10-04,252,0.8233151169761754,0.8197239608171546,-0.0006880092688055321,0.47405306265420166,0.4809482767894012,1.0290857404161684,1.0510786306500248e-83,1.0308365113567853e-47,0.06906525770029502,0.4641066605476091,0.4961968085771151,-0.23537077803728976,0.10036360168751898,0.1486103401371312,-0.6780560583398725,0.008700719428550364,0.013349039283057243,-0.013208838416901921,0.5558756176405948,0.5418390279278141
2023-10-05,252,0.8236942318107643,0.8201107812378123,-0.0006740566007106975,0.4821410416335604,0.4944298191124714,1.0299645997897022,5.86345260988486e-84,7.659612200215887e-48,0.0806240301731716,0.39422236060634386,0.42815063562449696,-0.2294335871426924,0.10819118866055073,0.1600433475903984,-0.6912866896131091,0.007494576853593906,0.01036807665693536,-0.011672705863000777,0.602872649927706,0.5909007189194629
2023-10-06,252,0.8240802187308732,0.8205046134205252,-0.0007058970699472955,0.461631695879571,0.4729493380821408,1.0299773874532772,5.219562837064394e-84,5.960778680683855e-48,0.08017856523953115,0.39635691691233044,0.4302233861039848,-0.23264876754984407,0.10301827638579948,0.15393146589890871,-0.7071705220823067,0.0065618778362054875,0.009005364402994235,-0.01114002044904169,0.6194282680451387,0.6083917991942006
2023-10-09,252,0.824478582491811,0.8209110740058723,-0.0008815802869147813,0.35891445151239776,0.3744032720269771,1.032142879921119,3.9615173165360697e-84,1.4297607231886015e-49,0.06706251032304315,0.4789394638820307,0.5141697203219115,-0.2726066003138482,0.056593354901457324,0.08885416924494222,-0.7878284781524552,0.002812365284491659,0.0035133060110014375,-0.013307527478987082,0.5541446519204856,0.5432577410658119
2023-10-10,252,0.8249322062177962,0.821373917726288,-0.0009453621675949213,0.3249520837219173,0.34173140576492755,1.0316335751477512,3.0160313730139145e-84,6.862744377991787e-50,0.08322636536091632,0.38800686102988835,0.42648309463634193,-0.2706394062931352,0.05781552982518313,0.09042185104063914,-0.7833062630337837,0.0029330499531190846,0.0036469637355809863,-0.011547467142767501,0.608222954632319,0.5994108044202473
2023-10-11,252,0.823488676096675,0.8199010475620545,-0.0008216386670998478,0.39372232519572814,0.4051363669459235,1.0285661892376512,6.477530048701573e-84,1.4088030681141008e-49,0.08284219571556714,0.39147255066941333,0.4294841835092237,-0.27315951394379934,0.0587387133360331,0.08869522610060183,-0.7815765641740163,0.003137506462081847,0.0035281388809482823,-0.012977650344447422,0.5649194633887343,0.55503041041038
2023-10-12,252,0.8235060009171549,0.819918724513032,-0.000847078039956096,0.37938788958609804,0.39142332293390714,1.0284223377047639,6.970767885744403e-84,1.2023463101246913e-49,0.0823158995570176,0.39492127720267145,0.43357527927994366,-0.2758313285723781,0.056612729748174086,0.08645943278664968,-0.7910721167731879,0.0026989567635094087,0.0028986185141119843,-0.013168464623758938,0.5592428960077919,0.5497731386941506
2023-10-13,252,0.8228034440590151,0.8192018880439544,-0.000816818606016697,0.3977570173652435,0.4099761376081742,1.0285963022537115,9.832099379504729e-84,1.3930879244966343e-48,0.08617861245338616,0.3737882886219537,0.4113350450686942,-0.23587137132399472,0.09309427281806243,0.13114550246586265,-0.752346867614999,0.004023620542305065,0.004047776708436051,-0.010286234488232189,0.6463822568551575,0.6378376185655065
2023-10-16,252,0.8214034658665197,0.8177734550101481,-0.0008536032064078785,0.37939443881301416,0.3921366503547562,1.018573356703428,5.696623224615593e-83,8.2392237080128e-48,0.10963787580810519,0.2605363269542731,0.29119391680801565,-0.23918862699445292,0.09093417833571112,0.13816309323901366,-0.7786030439328189,0.003222898108378039,0.0031411289326067748,-0.0036048782386983898,0.8721372898058377,0.8725922471246169
2023-10-17,252,0.8227225343792102,0.8191193338584624,-0.001046410379465923,0.2804983045601518,0.2974011838587276,1.0163658539170077,5.8340765556564664e-83,7.439701169892961e-48,0.13436744589642757,0.1725970502589978,0.18662932724530357,-0.22118599359402846,0.11776722461697886,0.1704831742190953,-0.7772379391093837,0.003186041637122333,0.003072286390846137,-0.0013900559991798962,0.9505225302693385,0.9500513525064624
2023-10-18,252,0.8220128807987361,0.8183952564247268,-0.0009943967135271482,0.3053694975374834,0.3205283015333755,1.016458760932796,7.563008569577521e-83,1.597029097578403e-47,0.134742558474358,0.17626359505269687,0.19311856206626565,-0.20561154909530016,0.1412912546564686,0.20058400342350047,-0.7628202895478557,0.0037802892009753527,0.004001798839676867,-0.0007150530436833627,0.9746865469698702,0.9746348892849158
2023-10-19,252,0.8216419288439585,0.8180167647960714,-0.0010122221273088355,0.2971233182484215,0.31406971267769435,1.0152071508427267,1.0795379225037555e-82,1.7658379411353568e-47,0.13607789350053134,0.1726685943765128,0.19032996885432707,-0.206445543993808,0.14010532544757842,0.19948584911851297,-0.7538420941694406,0.004177171767137288,0.0045807126679848235,-0.0024907670401646837,0.9114150232733671,0.9103442961341119
2023-10-20,252,0.821637882641389,0.8180126363536124,-0.0010189823350938302,0.29435048405943265,0.31284064398100886,1.0140670358981048,6.455818009704998e-83,7.629135181940102e-48,0.13988999499070226,0.15862225364842786,0.1745518265681505,-0.2104245839559637,0.13287289801139723,0.19097291067601407,-0.7518850632118703,0.004313665912688231,0.004779066904414931,-0.002178449347978362,0.9224330487536785,0.9213399902223272
2023-10-23,252,0.8254438775718549,0.8218959889046162,-0.0011045785013996518,0.2572494971074104,0.27608010197009747,1.004989764670905,5.162145480051935e-84,2.1838200518270366e-50,0.1543889741851165,0.11957012367983691,0.14056003182000404,-0.19666954578832146,0.1597200612340327,0.21814831929867706,-0.7281671749285785,0.005689397933458178,0.006135962037547028,-0.00019958339181841596,0.9929027523389315,0.9928155318791949
2023-10-24,252,0.8251765504407594,0.8216232282952465,-0.0011401591767362183,0.24255528600708806,0.26281807118384615,1.0041002889478472,6.455381622726287e-84,2.4587114965560887e-50,0.1528042785342384,0.12583943437390566,0.14913400158675272,-0.2032055220943655,0.14571009501558221,0.2018339321722038,-0.7497842127700528,0.00407801235482702,0.004091757288209296,0.0008377868198080132,0.9701848664503498,0.9698712762642344
2023-10-25,252,0.8262191378064472,0.8226870064610498,-0.0012692992449458568,0.19138464781646103,0.20218074891036597,1.0024934748032597,2.1800253557845567e-84,2.5497836297153324e-50,0.15024487660855307,0.12874140000605633,0.16032908878616214,-0.20143398061765538,0.14714334699417647,0.20266019245233424,-0.7527674845032727,0.0037657160691247134,0.003992319289470789,-0.0005615213799847734,0.9799384192250193,0.9799965504850349
2023-10-26,252,0.8250828328023485,0.8215276058267865,-0.0013116323439807346,0.1739216674207426,0.1683413841384529,0.9999996152700283,1.0023558088099066e-84,2.231001268987144e-49,0.12300230822076491,0.20902819887968446,0.2716439544204502,-0.1782659672881613,0.19706386196672634,0.2516061715480763,-0.6966192296340076,0.007143689831881755,0.004470423417360498,-0.003350127323281016,0.8799172966618372,0.8828376731836713
2023-10-27,252,0.826265107922671,0.8227339109292294,-0.0014762256405637289,0.12225629165791504,0.11014838506275432,0.9948928447600118,5.570323689942382e-85,3.649499768435494e-49,0.1717367505252349,0.08399524714570428,0.10675242546086335,-0.1625515726758273,0.23502424009499945,0.2937154304563946,-0.5943349999648972,0.022040783531854912,0.01327402363119744,0.002257460558880508,0.9185272171053737,0.9189784301826772
2023-10-30,252,0.8257447320229205,0.8222029582835491,-0.0014795371545818258,0.121541375297704,0.11013254647199303,0.9947810629940183,5.869197691185803e-85,4.978304256856045e-49,0.17119497387277438,0.08563258983661037,0.11110246580719617,-0.16188152510951764,0.23773155028287044,0.2988049511357388,-0.5907136597661328,0.023461452659791115,0.015749569786532837,0.002333519449160151,0.9158336569824754,0.9167785496827705
2023-10-31,252,0.8255188976615393,0.8219725337928714,-0.0015019150358089677,0.11598646791216936,0.1035386576066253,0.9948557695256826,5.294481906340885e-85,6.394124494478338e-49,0.1648904755818586,0.10037400565704321,0.1331095039629011,-0.15533856042418162,0.25919173134287005,0.3278243605908646,-0.588076948631667,0.023586381945756404,0.01565637713124681,0.0016834725278101889,0.938891639095371,0.9395711398923434
2023-11-01,252,0.8272452870439381,0.8237340123903596,-0.0016126917695125503,0.09011301793252967,0.07971479459428743,0.9938089261317616,2.4791417168840465e-85,2.7682196653221665e-49,0.16883981785157007,0.09088719386708315,0.12296180988440016,-0.16631082714590242,0.22552581752875336,0.29406046403224595,-0.6344117862524533,0.014570144916314713,0.007616266917038965,0.003508676965341728,0.8724674783523971,0.8744505216481314
2023-11-02,252,0.8270162493923656,0.8235003195019666,-0.0017114419269767121,0.07264314698417886,0.0634964311293674,0.9963283129823954,1.2521232192905329e-85,4.311202523845187e-50,0.16887869112717196,0.09184711441373371,0.12621894397369185,-0.16637915582512403,0.22642172516504463,0.2944781254192754,-0.6154596574992587,0.017659963333981465,0.009773458261934166,0.004864895961372589,0.8242584026976005,0.8270278032032965
2023-11-03,252,0.8262705264831514,0.8227394396230528,-0.0015643520649712857,0.10094910746699853,0.08780947435431616,0.9946347784699316,1.3830841482828516e-85,2.8146566827672474e-49,0.14488895386123193,0.1585609312623347,0.22591380594454535,-0.1782791545948526,0.19414402418160032,0.2610685402496613,-0.6764092432501531,0.00876178303118985,0.00327786327373128,0.0017477922821307955,0.9369331390084006,0.9400787003904433
2023-11-06,252,0.8252639147643641,0.8217123683164853,-0.001523771659919391,0.1118739374584343,0.10475551296270504,0.9937220140309063,5.369381973363433e-85,1.120213520987052e-50,0.15933454403068614,0.12436376672241405,0.17916273656092618,-0.19287306991700648,0.16230569469089665,0.229941050197093,-0.7185204688003786,0.006247436038034078,0.0025351898738031793,0.005250482395772617,0.8141337111802481,0.8220424265376421
2023-11-07,252,0.8227261660112047,0.8191230393041155,-0.0016460651420217374,0.08557341068715858,0.08053423233218038,0.9915708905793297,7.906618811145969e-85,9.74529459646055e-52,0.15647772310080058,0.1304866119363614,0.19061787060128677,-0.19795732432923183,0.15186199072833975,0.22483739068310993,-0.6792188527281635,0.010381597546464333,0.005105595904395452,0.004412781315304901,0.8431766724378964,0.8504112210876631
2023-11-08,252,0.8234727850860478,0.8198848335634066,-0.001559763270262558,0.10115369843562963,0.08729123883270382,0.9867040617445535,1.2793887905617613e-84,1.8004280905516024e-55,0.16323586584713934,0.11279635689261476,0.17262085929415683,-0.2057037359284051,0.13385207665483542,0.2193716518175699,-0.7231577403495455,0.006354202022979112,0.0043816773207342365,0.005829270179671178,0.7927291143413796,0.804226177537418
2023-11-09,252,0.7984532775793299,0.7943567994813489,-0.0009759290826746767,0.32542745185408395,0.29217113119925364,0.9666117230364417,1.1584404851486247e-76,1.0459242054127897e-92,0.1926932634441416,0.07482897097267958,0.15251504591833856,-0.06989029433492266,0.6280856857756134,0.645801377920185,-0.6172428705560585,0.025063413121081173,0.018183083283830188,0.0151189138616647,0.514902481507387,0.5514489713898045
2023-11-10,252,0.7684300297831613,0.763723323071437,-0.0009231703271855124,0.354757521618139,0.2902154361449668,0.9401185180195508,2.3180411454003593e-70,6.049831371612402e-116,0.16529661125947764,0.1270012056050838,0.22467060343780143,0.009311808129797344,0.9484242922096038,0.955337639886712,-0.5418407802177883,0.049953688123411465,0.0358373561704448,0.010634918759525967,0.649042513066448,0.6670216632678633
2023-11-13,252,0.7540232976929334,0.7490237712232777,-0.0009559878511277485,0.3253041233274978,0.2718286383236127,0.926074003907354,7.623036797837123e-71,1.0085213768610654e-130,0.05436177812255554,0.6216385168154809,0.60688309816548,0.006046898116281146,0.9656579427644418,0.9704194183014513,-0.41565837953035933,0.12619848059159008,0.07186266364176837,-0.001980690976047493,0.9316344066983768,0.9309199141635959
2023-11-14,252,0.7549008653667705,0.7499191756384529,-0.0010971434206429563,0.25986946943779043,0.20812441327191544,0.9355795292274792,1.9297839166302524e-71,6.262211906093321e-124,0.0360285775042467,0.7430658680676072,0.7372846884563353,0.02366229238315712,0.8665729390603318,0.8862378643162575,-0.2921941466539095,0.2885295900646063,0.25057469164453483,-0.004722347827665781,0.8379978231099557,0.8348173829280521
2023-11-15,252,0.7541216676020348,0.7491241405207754,-0.0011051745640935269,0.25774916237096956,0.20160642734756618,0.9282545854364759,1.8595760548818314e-71,1.8262022121422897e-136,0.03645555106225032,0.7405613274435303,0.733849662560199,0.029614554230695006,0.8340286854207506,0.8585379117660689,-0.2975118476559699,0.2807693918783118,0.23438905074498018,-0.004660983591949765,0.8403432482560883,0.8373089868976226
2023-11-16,252,0.7568813857442631,0.7519399504951628,-0.0011046873680366242,0.2575447353659987,0.20087093315519633,0.9301229116236925,2.992811020440644e-72,3.047417960214981e-139,0.041056101845031806,0.7110229903419695,0.7089633612829503,0.021491466011728216,0.8784219781823299,0.8955986301327935,-0.30662542242874125,0.2660174103350304,0.21883969049502627,-0.003366547691722869,0.8851275540018976,0.8845976103239727
2023-11-17,252,0.756404300487413,0.7514531683834986,-0.0010787178025647246,0.26861751052422633,0.20976299757824468,0.9289092259817804,3.1731399622755383e-72,5.360685200350489e-140,0.030059291648859517,0.7874761243811028,0.7836417517137296,0.02607291780602744,0.852390251259072,0.8732477958799697,-0.2987054938948138,0.27638899787326826,0.23353164152885575,-0.005024699599244474,0.8297215696549807,0.8274042937042891
2023-11-20,252,0.7572551814915796,0.7523213437170182,-0.001004033932836621,0.30310261357933826,0.23879471693539633,0.9298180279778517,2.2202784925458202e-72,1.6789863783906698e-139,0.030003918246219376,0.7877174379513394,0.7833573969115799,0.019718970315141388,0.8879342987757225,0.9037658975974716,-0.3001610700916856,0.27346154401205086,0.22649172423878838,-0.0051927612029695905,0.8240608500791707,0.8210188909770224
2023-11-21,252,0.759719639959509,0.7548358928042145,-0.0010456111971005998,0.2829518195059308,0.22186670844566736,0.9296797182384466,6.043541409618187e-73,1.7821129011007804e-142,0.03215619852028706,0.7726723412541779,0.7680336194832413,0.02190925890624182,0.87462927240115,0.8916115217317456,-0.3036786774637218,0.26665317329397115,0.22065329919413568,-0.004428316029022541,0.8493961022553543,0.8477634293563232
2023-11-22,252,0.7575000726310089,0.7525712123186311,-0.0007901675006153451,0.4153007949687929,0.3535295251787143,0.9261136312996852,6.397347203760882e-73,3.7364140977261604e-150,0.011609614996862909,0.9167114316344347,0.915907497787052,0.028094685112793144,0.8388814596434215,0.8602953651534871,-0.22004470832293918,0.4196984237248883,0.3532789731255074,-0.011885214487534853,0.6106865276320739,0.6012255889460312
2023-11-24,252,0.7570570282870566,0.7521191630083383,-0.000787255510380377,0.4168278469576019,0.35563393446265357,0.9261593819811318,6.869618621174854e-73,7.266369874759731e-150,0.011668084004415881,0.9161921219742939,0.9154134827032362,0.02783848783546919,0.8404871988095914,0.8619486504972163,-0.22103976345154458,0.41807934126616497,0.35395355125709327,-0.011892270921078798,0.6100946373712399,0.6001916798877265
2023-11-27,252,0.7564947522498191,0.7515454585963601,-0.0009050032082183834,0.3503882292879553,0.2807754784504388,0.9263314843842836,5.870779247658411e-73,2.4024170288617595e-151,0.01193278661225978,0.9142654807806008,0.9133778237538857,0.03501920436934594,0.8004516897971702,0.8269839410788401,-0.1733180493480373,0.5298552482466267,0.4695248058517262,-0.012402825026139208,0.5946327510513403,0.5845202105319711
2023-11-28,252,0.757921657959574,0.7530013664546873,-0.0009962633400368596,0.30287721221091435,0.22817322196262568,0.9269710696770712,3.017795902800077e-73,2.481843797546532e-152,0.016822403406934725,0.8790777849009862,0.8783969549082203,0.027856642420840017,0.8397852327401092,0.8613458898563855,-0.1704182128857894,0.5355133471141578,0.47743540596465905,-0.011874501902795142,0.6093908673222592,0.6002270592519374
2023-11-29,252,0.7570424827318087,0.7521043218117236,-0.0010148712490258742,0.2946120203862584,0.2210928685088156,0.9269147717023365,3.4800080940540816e-73,7.916854149904765e-153,0.015876874024327338,0.8859188063130964,0.8851775600817156,0.025097920552255487,0.8555626520200257,0.8748184693132712,-0.16952451444302383,0.5382531341614276,0.4807167120968818,-0.011914045428141782,0.6086604211846369,0.5996343491108916
2023-11-30,252,0.7576949693288311,0.7527700703314496,-0.0010512037528500496,0.27562098039965793,0.1975650475538666,0.9248880245010903,2.629752100454981e-73,1.0888043946927917e-155,0.027590013377146914,0.8026961618974918,0.806667035738795,0.016193100916983838,0.9062166820493123,0.9196489407997124,-0.160039508524584,0.5579219941138085,0.5116896694801838,-0.01019021943546079,0.660539469652926,0.6567740527884054
2023-12-01,252,0.755870786779208,0.7509088109007367,-0.0011328844699899226,0.2382622433828252,0.16662947993018162,0.9222536107582066,2.3690073271470194e-73,3.922430255257709e-159,-0.008521591430668107,0.9397780390737733,0.940897444546287,0.02657382171689343,0.8456445444219861,0.8671305063296133,-0.12804593103396922,0.6390498432790024,0.5994611806025467,-0.014345129674977433,0.5383916710315269,0.5376795148807568
2023-12-04,252,0.7608715802934362,0.756011246559563,-0.0011116743748046498,0.24698271283152434,0.17556593015301025,0.9210899723099903,7.135804406972377e-75,1.692996233313967e-171,-0.01098969409739714,0.9224084689335501,0.9245647269109541,0.03701200164584113,0.7852238615054047,0.8164132182610297,-0.13313326701584594,0.6254759952397833,0.5836363653282899,-0.015088340355885223,0.5179595336749498,0.5194344175690256
2023-12-05,252,0.759530166609436,0.7546425683697904,-0.0012094836435528392,0.2099530745687919,0.14308626468785215,0.9159318496833022,1.3556793746792421e-74,7.540527585258378e-173,-0.007103323624241778,0.9500623709451687,0.9513329177545429,0.038075887862990085,0.7800503948650258,0.8115353121410934,-0.15306571376304812,0.5754109544938788,0.528923960637634,-0.013841443986498305,0.5551149049775925,0.5557363319838806
2023-12-06,252,0.7592559628881982,0.754362791402186,-0.0012055228313691004,0.21205666686017138,0.1455645251900006,0.9175381739843704,1.0836091011833516e-74,5.367699205368058e-174,-0.008025914983463611,0.943647165148365,0.9447583090375077,0.011848061506719021,0.9310396825059688,0.9409515508945239,-0.16291623804817218,0.5511143962591154,0.5044445270990074,-0.011698408020616849,0.6183849172262164,0.6181199219679859
2023-12-07,252,0.744776389978018,0.7395889182296037,-0.0009640329905159669,0.33498136868985484,0.24708172998011402,0.9102924238780108,2.341576384330521e-71,1.2469246897876998e-159,0.04124117720885063,0.7256750657646862,0.7417053253401009,-0.027132406878020904,0.8479331015333407,0.8714481017014631,-0.28120630328199253,0.3183724348262141,0.31578691994586106,-0.002799672587498494,0.9079647378924565,0.9109356115274034
2023-12-08,252,0.7438841069117201,0.7386784993286251,-0.0009471930514160906,0.3433457600773596,0.25415550688082644,0.9069838592369321,3.94542006993921e-71,1.8018990204905704e-156,0.039166720853708,0.7388576068009501,0.7546928072169006,-0.00939822833168727,0.9468240363061902,0.9543262758518348,-0.30531915172973306,0.2789606916279712,0.28210087746834056,-0.0014865261980431706,0.9509646120497771,0.9535015589196705
2023-12-11,252,0.7477282976352942,0.7426008240099954,-0.0009855254451757718,0.32207636695527486,0.23496565690742321,0.9042052346072462,5.706723641533172e-72,6.83617697309708e-163,0.03435001892026099,0.7693994963502188,0.7830984697753985,-0.009975800943111082,0.9432361437717087,0.9511255796237028,-0.2979806608277901,0.28923541038984374,0.29382695731618,-0.0020303553343214986,0.9328465182755954,0.9364630547599777
2023-12-12,252,0.7469099742491796,0.7417658680347321,-0.0010161420856040738,0.308113048921639,0.21831242078676838,0.9042018926713914,7.523251477151926e-72,8.95645585004923e-164,0.03294383483971225,0.7790152633930164,0.7916981072158602,-0.0058605598538668535,0.9667086459755496,0.9712843170490754,-0.28945231276219563,0.30382826267175483,0.30412642637305787,-0.001396237494886595,0.9538356942307531,0.9565732630859404
2023-12-13,252,0.7474609516056345,0.7423280441179442,-0.0010609350110766477,0.2873666307505056,0.19951476523632228,0.903289175782349,7.231403754984416e-72,3.0401773171455284e-163,0.020487394665579646,0.8634478229442624,0.8719472232812775,0.004518416356027205,0.9743534921830086,0.9778423855949564,-0.2712462999008057,0.3297295653388054,0.31777796339119757,-0.004482080160421023,0.8549924462092231,0.8637941170942881
2023-12-14,252,0.7451730530869367,0.7399936435968338,-0.000997602444193196,0.31849304068489054,0.22979723556930742,0.902129279283087,1.678476804737642e-71,2.659941407498322e-161,0.022438893446269474,0.8514372117555552,0.8607630611971758,0.02355386128513831,0.8669223905906887,0.8855067046742028,-0.28560708630451936,0.3071051557883115,0.29454385343441647,-0.0033322861402921046,0.8930277261093288,0.9003506432645233
2023-12-15,252,0.7464378728118273,0.74128417103971,-0.0010210940129012534,0.3082783469042112,0.21748364959467792,0.9044521531346533,9.94604398209999e-72,8.933113653268067e-162,0.00852930932766148,0.9438107992140904,0.9470408610499726,0.018002124266120925,0.8982702443071989,0.9122294031780673,-0.319735858994524,0.2527127533627718,0.2430939851570748,-0.004920745799883802,0.8441064266989129,0.8542892821393803
2023-12-18,252,0.7443307061048872,0.7391341757411654,-0.0010370965727574488,0.30280116106835936,0.20889650310372154,0.903448558738909,1.5228988971087845e-71,6.295692182905134e-163,-0.005246136918824071,0.9658113338975203,0.9677557221274767,0.012033656145942956,0.9323432329434195,0.9413646188431247,-0.32160660288459486,0.25065958451088266,0.24088353046713162,-0.006634530077501227,0.7909069779219882,0.8038053329866723
2023-12-19,252,0.7442468947943002,0.739048660948656,-0.0008722328860882191,0.38004062366127667,0.2915453755107641,0.895118327917553,1.451299870842428e-71,1.991440828719445e-175,-0.0342406641751153,0.7773028693975262,0.7947533288865071,0.04242985925984728,0.7623597574151983,0.7936529854679311,-0.28554249138016863,0.30127739460947983,0.2919453753414648,-0.012858489644973162,0.6038222371350114,0.6324541067423165
2023-12-20,252,0.743836904089999,0.7386303370999584,-0.0009917330693733832,0.31946546701538964,0.23067577950740392,0.8926769003221324,1.4715514944668661e-71,1.3720477210045647e-179,-0.018341695110765277,0.8806085412054606,0.8892736553377556,0.04750333656378581,0.7350668890395757,0.7704666085775927,-0.28061683780922736,0.3102423839540566,0.300421737148009,-0.012773398529917546,0.6073462440284922,0.6362853012769658
2023-12-21,252,0.7426710435886414,0.7374407802469471,-0.0010066119358036873,0.31208162771588677,0.2178488965506178,0.8911867426602027,1.9625620252718405e-71,4.751942972081414e-180,-0.002122632468991789,0.9861297262371066,0.9870946620109211,0.032321894277402494,0.8182457857962047,0.8435899224971943,-0.2845535578149588,0.30231137607230385,0.2905578870872524,-0.00950129430479137,0.7024789161453979,0.7237313991779697
2023-12-22,252,0.7387195592730273,0.7334089812094711,-0.0008721227582209159,0.38569681176432813,0.2876040534527554,0.8903397192878102,1.6125800125821583e-70,4.443855611414487e-177,-0.015869071914064017,0.8976548761071712,0.9036848195296211,0.056902400583502516,0.688136508051429,0.7290985691865466,-0.2712049823452516,0.33120578951035984,0.3124528602233787,-0.014035089971445938,0.5755772415488696,0.6063762835803348
2023-12-26,252,0.740586324947599,0.7353136892758023,-0.0009560309061352247,0.3425583518038967,0.24101395807280634,0.8920389946489123,6.94527821411715e-71,5.500184544844998e-182,-0.014511670130142436,0.9066694247399323,0.9116857935960401,0.06764665132200967,0.6375091038537488,0.6842897117455561,-0.25503287068833996,0.3622378818772929,0.3410674885145272,-0.014968581812586815,0.5513232176848656,0.5846412494859052
2023-12-27,252,0.7370336801198614,0.7316888362198586,-0.0008059908426710352,0.43051543268062753,0.33973087714412475,0.8945495482739945,5.825888200004911e-70,5.704566202765337e-178,-0.03347340875579455,0.7897695467482642,0.8015128412746824,0.09307492793071448,0.5225990460271366,0.5857914284647652,-0.27152751211824966,0.33916812069316915,0.3105697442499724,-0.019845732907293648,0.43677919700232704,0.48693148370706807
2023-12-28,252,0.7371140881309308,0.731770878540096,-0.0007718921389813784,0.45043421192782296,0.3642726661729714,0.8939419262699638,5.81627552235267e-70,1.0148011878717534e-178,-0.03467243410149696,0.7832260281733998,0.796242180265325,0.09364206471803124,0.5211116678855681,0.5863443116876086,-0.2696803957872409,0.3424790344781865,0.313869985424312,-0.019953846487396686,0.4346497770217066,0.4852376161249419
2023-12-29,252,0.7372157785269042,0.7318746358140364,-0.0007670178262195548,0.45337525703390935,0.3650356220938039,0.8941584507706708,5.2474957903142084e-70,1.3519375869239968e-178,-0.037246730253434356,0.7680861546338481,0.7815781576199332,0.09519874758952561,0.5138828497337942,0.5803159068311776,-0.26635658687960556,0.3483207997902996,0.31967849124780234,-0.020097960676596534,0.4314296081953779,0.48171111569166813
2024-01-02,252,0.7337224035584795,0.728310257289343,-0.0008795136946403629,0.39327662270748787,0.29625570485192754,0.8835122323720832,1.8399907366782474e-69,5.119357423246527e-178,-0.024521253501866472,0.848394621190047,0.8567571932770954,0.08041586648747696,0.5835974339942931,0.6367729714164287,-0.3312021698293091,0.24405071082327007,0.22310591756351794,-0.020312934251766432,0.4312240145685401,0.47968113206582885
2024-01-03,252,0.7373330775053095,0.7319943189180191,-0.0009745926547678317,0.3446309734012931,0.2541380710906902,0.8866535546593635,7.907032788230772e-70,4.394044872262764e-188,-0.021593692705895215,0.8665937004085407,0.873940369575066,0.09973323045929694,0.49456683558796866,0.555776270328042,-0.31385043027880066,0.2707721071561635,0.2423442056075069,-0.02176043841569859,0.39961546526426095,0.4494925364776754
2024-01-04,252,0.738520409768403,0.7332057839506877,-0.0010206651021226522,0.3214807899073907,0.2283755872849198,0.8864265033123796,4.6982612311262605e-70,5.072452174832399e-190,-0.022776683703403994,0.8589866295319213,0.8666252862027193,0.07959615042833779,0.5902611697401701,0.6440921181075812,-0.3608193927640847,0.2142390135014983,0.20107746318146735,-0.021822431844109497,0.39750494201042674,0.4475989897543382
2024-01-05,252,0.7396573623912555,0.7343658453666875,-0.0011056657123850854,0.2805771074671662,0.18586424453214156,0.8863862286382227,2.2006643305874534e-70,2.869224691006687e-191,-0.02219082107167812,0.8617739990972615,0.86964919468225,0.0693098985227609,0.638074593862474,0.6878231826394459,-0.3617326764824606,0.21115733997133943,0.2000040547131342,-0.02037958774409969,0.42596161562541257,0.4772136472445352
2024-01-08,252,0.7377068432975022,0.7323756815759068,-0.0011660910704306719,0.25860334333401214,0.1671700974925009,0.8799740987470016,5.901065247535734e-70,2.439212993769989e-180,-0.04671144693002083,0.7141095890373304,0.7283560815766427,0.09251351128977617,0.5303083430962768,0.5900391396479006,-0.3436633603832888,0.2376162810992883,0.22506820010376272,-0.02437156067356208,0.3415540834747749,0.39830413196482506
2024-01-09,252,0.7355510059968778,0.7301760264439688,-0.0010832619391556075,0.2951176029680751,0.19539257668952714,0.8780006979007102,1.5663988943829048e-69,8.55426600143335e-173,-0.05244927868570322,0.683439390931639,0.6980115583035187,0.09867790706334108,0.5052443224948968,0.5681190505233054,-0.3099055995824662,0.289199147489832,0.2805371123464858,-0.026228458897276322,0.30747893006813565,0.36614871047225483
2024-01-10,252,0.7152715412080338,0.7094843774114492,-0.0008580499633515248,0.4308879445523346,0.3420897837359883,0.8790954653082286,1.1019576684992104e-65,1.9732991051103935e-174,-0.0374403902423914,0.7824386557235757,0.7766934229527862,0.078069733673834,0.6169705500263576,0.6456584730402783,-0.3091169298054431,0.3195218009659134,0.28199427223109996,-0.025586488185604744,0.34673047379011357,0.3521688276379249
2024-01-11,252,0.7137928497114958,0.707975631209697,-0.0007674902149752166,0.4818497162120353,0.41126294826209187,0.8783568698032213,1.9966862399186372e-65,1.1997610674098618e-172,-0.04180795434588863,0.7583690426538325,0.751324259130335,0.07212400906350197,0.6449234266828674,0.6717004163757598,-0.31842576453937543,0.3072419438750199,0.27096532818553953,-0.026536930942026256,0.33115663591280875,0.334585391433167
2024-01-12,252,0.7110852091397902,0.705212957293038,-0.0006599490671348015,0.5466894511461108,0.5053646401349393,0.8642018501524155,4.701885355593649e-65,5.285452367393476e-146,-0.051426698852137354,0.7096176023143465,0.69314687911444,0.1192812527023594,0.4427654319614239,0.47831351922082477,-0.2731762233094376,0.3818327767173385,0.34126930429729596,-0.030309973017864034,0.2734837782491589,0.25773553672522964
2024-01-16,252,0.7120307847345192,0.7061777519039201,-0.0004595438193398362,0.6744172544065297,0.6518456265246968,0.8706076420709123,1.638072362731165e-65,5.133723518397518e-150,-0.0585444211281311,0.6718145321706755,0.6527105342593474,0.12195028088656253,0.43211434132024396,0.46057382115224255,-0.2716726068933582,0.3831571379771401,0.34949961055634715,-0.03218356076819672,0.24593257768234889,0.2073703577908047
2024-01-17,252,0.7143503788128356,0.7085444922033404,-0.0004318493520435976,0.6915771298409787,0.6677582852140924,0.8760215296029323,6.557750321447848e-66,5.000300768218282e-142,-0.0579979945088165,0.6735545771461829,0.6538103923228158,0.15732837174437048,0.3083504733117905,0.33514015057448665,-0.23148885659060264,0.45560814174005493,0.42640792907090197,-0.03483985166174859,0.20581123469580617,0.16109970469260382
2024-01-18,252,0.71168035169205,0.7058201962386363,-0.0004966792699654774,0.6462667216952738,0.6220258699528507,0.8669972524464304,3.141263846304995e-65,7.279395760189067e-152,-0.06724093789404523,0.6232288871290934,0.6031767291291872,0.1772518023291922,0.247414872535815,0.2760032848721131,-0.2245432585748251,0.46572277042293553,0.4429095526383975,-0.03968317914960026,0.1495838148115661,0.11026242803443886
2024-01-19,252,0.7108766988368236,0.7050002089757834,-0.00043607659873549866,0.6870964422152763,0.663849497485058,0.8658964571765266,3.6828610551710743e-65,7.848658174744713e-152,-0.07294680197397493,0.5936159927115274,0.5727400598115413,0.17344708877210216,0.2571933143636214,0.28614108429701224,-0.23422962831559413,0.4466107417490863,0.4240582507496249,-0.03942957295515177,0.15170717005087228,0.11227010850096687
2024-01-22,252,0.7139893068423312,0.7081760813716469,-0.0005865435590978584,0.5900387921963881,0.561620333237736,0.8726362235596917,8.381325698336042e-66,3.9551765634444566e-154,-0.07346749476831818,0.5943710547676833,0.571413562414862,0.17619854280301547,0.25275054692570326,0.2818446409773556,-0.22602267542885812,0.4652040275488748,0.4399804742022987,-0.03895949272155975,0.1593537002994482,0.11827968596613757
2024-01-23,252,0.7041814526396445,0.6981688805388242,-0.0007399737536389386,0.5006003884658896,0.4742306413815095,0.8707106675965552,3.1715991066651256e-64,2.517015955272131e-153,-0.07255207479947882,0.6070679033185122,0.5866223121841607,0.15577937971320965,0.31605537465031125,0.34050516879739745,-0.27920232436101117,0.37126095643533596,0.34023468378700206,-0.03510301329000268,0.20984241122594327,0.16941376821290743
2024-01-24,252,0.7065226731437028,0.7005576868254854,-0.0006953008093022815,0.5243740488781325,0.49826257670373986,0.8711992109181989,1.2797181074199641e-64,1.2217625849648314e-152,-0.04084310730375357,0.7733965125631378,0.7605421771176843,0.16381102405912645,0.287325902173504,0.31254199360237067,-0.24531750911758454,0.4282615330688144,0.39331230520148475,-0.03184398707665745,0.2524779458237291,0.21291146787117576
2024-01-25,252,0.7091419755981883,0.7032302271347368,-0.0005374205652484873,0.6199591545073603,0.5991667894332029,0.8683526739879492,5.651750645620909e-65,3.7612694278374616e-153,-0.061531619579372754,0.6621847345656922,0.6450325549880852,0.16991036609196158,0.2654714409527981,0.2935320247632335,-0.26444533344377197,0.38840035984629473,0.35800187421917495,-0.036178074903189125,0.19079440488457267,0.15286245595652714
2024-01-26,252,0.7079490510247428,0.7020130561268718,-0.0006764678881953825,0.5328473577544937,0.5120852119101753,0.8633250284777617,8.820664600065169e-65,7.901638744274414e-157,-0.04685095401452338,0.7392615452303466,0.7252761258807847,0.17100648114132533,0.2626823753962289,0.29117058006459484,-0.24776861361802724,0.419476422157779,0.3880553657043073,-0.03444763845016488,0.21288968683045661,0.17547831794746416
2024-01-29,252,0.7082276159417172,0.7022972829324026,-0.0006937008761335274,0.5227010554389007,0.502610336617633,0.8624265773008444,7.816570891799756e-65,8.510064005415177e-157,-0.052905441352637916,0.7075565783331026,0.6941100341282558,0.16912195890239795,0.26809868573608,0.2974275488242577,-0.25402185215240086,0.4075202880737724,0.3754840031554333,-0.0354210836745881,0.19954535340845017,0.1618066387437791
2024-01-30,252,0.7072201129430062,0.7012693022304657,-0.0005984413355544704,0.5814630728759485,0.5613966440151876,0.8615752818163996,1.229564540676843e-64,2.869933373377223e-155,-0.06483021376116312,0.64536609199639,0.6308771257828754,0.17168306105194436,0.26179202582108496,0.28911609456232246,-0.26259756264819145,0.3926738803213945,0.3609174699324874,-0.03751880087158087,0.1737859199834438,0.13680137638274673
2024-01-31,252,0.7063774403022707,0.7004095020970322,-0.0006604726329573633,0.5437287229516798,0.5223641595031698,0.8618333730419863,1.6864396857036078e-64,6.257495017674339e-156,-0.05107634448273164,0.7165157617838264,0.7004001113291299,0.16410455998585283,0.28420365464990466,0.30904174803352735,-0.2510412924775267,0.41458819380042544,0.3831257233404318,-0.03691138766318793,0.18173174734173086,0.14293677781514336
2024-02-01,252,0.7063049601100033,0.7003355487301254,-0.000666861792607745,0.5397379627168439,0.5183640351257819,0.8618011944325186,1.7042943191469467e-64,5.405294409403886e-156,-0.05211352243307514,0.7117888590037209,0.6959869856404551,0.16392292501806968,0.28481994541047245,0.3094106818647454,-0.25088418477882557,0.4148825194721607,0.38311619607553615,-0.03697179629670646,0.18132664501583548,0.14300767074420917
2024-02-02,252,0.7052917766695992,0.6993017721303634,-0.0006910182812542104,0.5253342094738811,0.5012008462917277,0.8612866730321764,1.8299887401399883e-64,6.662091595768557e-157,-0.04981260853788476,0.7209399716371614,0.7030938696483162,0.16962045615128662,0.26926032165634717,0.29391111397760317,-0.2190779815751927,0.475789450868195,0.4544219270608707,-0.036220517992937504,0.1885855824490135,0.14814724902633641
2024-02-05,252,0.7062406528197631,0.7002699343811405,-0.0006835242573247572,0.5284747654753714,0.5057093018907859,0.8621934577066062,1.2504411005060885e-64,2.433274069588274e-155,-0.09893767473674125,0.5007531840430701,0.48276876024288773,0.17373428760962623,0.2572509477881386,0.2794598392010269,-0.2383126634765021,0.43836151945905233,0.4085155733989243,-0.04382535495617517,0.1225913080798428,0.09755205147314663
2024-02-06,252,0.707203877070647,0.7012527363607008,-0.0007027043138459794,0.5173874790099307,0.49500740290069956,0.8615715825781102,1.4555943893313167e-64,3.9306149365081754e-155,-0.08515538065503259,0.5651795598256413,0.5510603262115006,0.20571533849678206,0.18461128395846144,0.20522780050285006,-0.2670074546381307,0.38588618732647595,0.3543518459081305,-0.042997257948847914,0.13056852972034041,0.10658995407270444
2024-02-07,252,0.7064940553116598,0.7005284873301895,-0.0007108913398114245,0.5128305053937112,0.49025101979456065,0.8613047793391759,1.6426123844320933e-64,2.9495184064412576e-155,-0.08615944296854133,0.560213518221012,0.545445744695183,0.2059708094171783,0.18481152624229266,0.20676392570949442,-0.26643573643238605,0.38942271566933495,0.3615630912063649,-0.04310475741163276,0.12956480523324043,0.10562682628837909
2024-02-08,252,0.7046305192391804,0.6986270745082694,-0.0008237570288566988,0.4484867030943007,0.424420563235672,0.858790503784197,2.8970766324218472e-64,1.1063745663689313e-156,-0.10081342271849963,0.4982579897086987,0.48075211627832504,0.2050444329541155,0.18729080915369326,0.2073037174382123,-0.2733121605136143,0.3777757932679049,0.3491932673464717,-0.044332673930357266,0.11969931830263025,0.09709174255748412
2024-02-09,252,0.7051566856046483,0.6991639353120598,-0.0008335443763246315,0.4440471996251909,0.4199006626124143,0.8582327330583592,2.116687174047128e-64,5.8013635054350546e-157,-0.10395031802419413,0.4847333938065609,0.4653457549493626,0.2067803629846566,0.18296894378606335,0.2017358865178801,-0.272182455931705,0.37984063907998267,0.35033129126095186,-0.04489732443541516,0.11346319647669813,0.09010102267597395
2024-02-12,252,0.7045073829288403,0.698501435427394,-0.0006616284638336419,0.5445070084512231,0.5201929610111555,0.8596013889350507,1.0751428290205164e-64,6.421729865107074e-158,-0.10279678183086602,0.4896792952858233,0.46935808106565036,0.1822792178527167,0.24170921059424452,0.25937629786046745,-0.3082640540221801,0.32215351916647866,0.291818311636715,-0.040015836111495805,0.1561053451619477,0.1265102721327263
2024-02-13,252,0.7044808363028738,0.6984743492358592,-0.0005774982033970035,0.596510112046063,0.5747662370892236,0.8593516182019942,9.76153432056339e-65,7.300345133395602e-158,-0.10968931730447862,0.4614403884439531,0.4425560837671424,0.17950476863118514,0.24674417094611528,0.26631026888935727,-0.2924893670584737,0.3474770948050735,0.31751487388452815,-0.04014898536977185,0.1526272930751371,0.12451158399848929
2024-02-14,252,0.7069247482116716,0.7009679341509332,-0.000502364817488447,0.645209130050354,0.6268699199540244,0.8611037749785648,5.033052418485248e-65,4.0587323864249106e-156,-0.10326039693080058,0.4904190879735616,0.4760160876582934,0.17177458116745514,0.2692486853463498,0.29119990829469244,-0.30626776402602185,0.32629267897825176,0.2989934520096035,-0.04052020098989273,0.14910750086736346,0.11856656638486453
2024-02-15,252,0.7062606392443662,0.7002903270338858,-0.0005071291142569332,0.6419199239757245,0.6244444341866513,0.8600716537821316,6.144892815371024e-65,5.235675728405147e-156,-0.10000619687135773,0.5043853845223545,0.49106986323959334,0.17200228963246908,0.26842809034919973,0.29048696348944847,-0.31589531200686544,0.31077144431445536,0.2836509560484052,-0.039107111625695246,0.1650751125494891,0.13327552121677694
2024-02-16,252,0.6997305869115444,0.6936275500601531,-0.0005551705760197454,0.6104687799943986,0.5892455810669807,0.8602513223235678,1.510075609076202e-63,1.4888821352642581e-145,-0.09339739511532452,0.5327245338303384,0.5186277062895364,0.1684283696517338,0.2789791446857882,0.30065193076295305,-0.31460288467807834,0.3154240685074219,0.2903581417966996,-0.03847833125619443,0.17210771120215881,0.13972751017197352
2024-02-20,252,0.684799667754495,0.6783931569364969,-0.00029956694444402453,0.790518492764822,0.7815471318316436,0.8613559605326891,4.156920808216119e-61,1.0445574253445743e-143,-0.09399505185302087,0.5441823662016061,0.5173302848086218,0.18529575364871342,0.24926970521750272,0.257760540001017,-0.34635917988713133,0.28534686223270905,0.2482117369631628,-0.03155834304279082,0.27804138733456385,0.24442483313854346
2024-02-21,252,0.6837566957264732,0.6773289862900195,-0.00032669056821722244,0.7720053834906897,0.7605854125191978,0.8619125780540755,6.765166699512282e-61,1.1571280274715083e-141,-0.09215405551446199,0.5529428657885638,0.5278567308041997,0.18713619251619745,0.24456903457142337,0.25327447273629433,-0.3424071612916613,0.2907797618331752,0.25216637397619057,-0.031346315254919196,0.2818117960975023,0.25022856176587205
2024-02-22,252,0.683302149627348,0.6768652014490422,-0.00023221382292444993,0.837118106583959,0.829665191119256,0.8610279709909854,6.088909262046322e-61,9.256372365957075e-143,-0.08388214016466355,0.5834054629832471,0.5553264745293429,0.18055143643145888,0.26198442996250576,0.27027863133342855,-0.34281452458956024,0.2899214604630371,0.2513363796527065,-0.02844885198695622,0.3278769999780671,0.29821381795842006
2024-02-23,252,0.683177723458023,0.6767382462925357,-0.00028204672143231427,0.8028644005559119,0.7927273587518071,0.8618318507639166,5.603349389863474e-61,4.802386295819447e-143,-0.07571068952545751,0.6194207255881166,0.5943581020444603,0.17131515042507783,0.2855671754531291,0.290681347046857,-0.3515626548180995,0.2789513446963124,0.2409876747266554,-0.026242690392773736,0.3637023268484608,0.3404165150757683
2024-02-26,252,0.6905205729172275,0.6842303406594475,-0.00026265849551319474,0.8166541471610991,0.8078745150988544,0.8703278836787439,2.4041941726619237e-62,3.5935523740186294e-142,-0.08237307288027483,0.5894603136188911,0.559746126024717,0.16519803787280762,0.3037880863337188,0.31043634191270897,-0.3618507636845808,0.26588142119372143,0.22895193300464067,-0.025370959875481335,0.3811349774813708,0.35595710114210777
2024-02-27,252,0.6883275558573039,0.6819927500820459,-0.0003489753904623342,0.7591989543463381,0.7460673762520351,0.8669442757709263,4.63417743022153e-62,1.2501756136501926e-148,-0.07723970154694498,0.6158715492838225,0.588887378970651,0.1609805870595314,0.3173331370400504,0.3237649725081003,-0.3741459807736285,0.25164460374794484,0.21717746533140958,-0.024204363317190787,0.40543875099795634,0.3823938722748773
2024-02-28,252,0.6854458461757293,0.67905246906548,-0.0004531549536504442,0.6930171514532066,0.6755461438209442,0.8528190478742872,1.1133838689546364e-61,3.719663872344332e-141,-0.06758491530329835,0.6628413486788332,0.6374749074988142,0.1644103933055953,0.31071630909269327,0.31319245730366363,-0.3853327047126086,0.24208675001567914,0.2082071251361054,-0.02500908874722073,0.3935833365043393,0.3666727663733864
2024-02-29,252,0.685212253972166,0.6788141290529011,-0.00041850028025286804,0.7155743932546155,0.6988963129807941,0.851868482991601,1.1785458634110344e-61,1.859177341929177e-140,-0.06664094077350244,0.6670808604762866,0.642580434943869,0.17081505857012094,0.2921706537074267,0.29531149894887687,-0.3745224809176425,0.2552125376190676,0.2209518364908487,-0.025462083949098116,0.385478689130373,0.3589260195921561
2024-03-01,252,0.6853655807318061,0.6789705722100948,-0.0004691249750867751,0.6831236608032962,0.6640868427098146,0.8510215609378684,1.2396358137981967e-61,1.0798384510470238e-141,-0.052499244316303095,0.7349044370081707,0.7150201530849896,0.17929181268096048,0.2626671927627891,0.26352221670158815,-0.35322756418267204,0.28268412337903986,0.2469588277823228,-0.02419392789764664,0.4096569958759644,0.3851260254851625
2024-03-04,252,0.6865712847189271,0.6802007823758159,-0.0005141500865405622,0.6559958789397946,0.6343531245031631,0.8424032766866598,8.289268826579157e-62,1.1694753849889916e-129,-0.04741608731669378,0.7604390114634269,0.7418275207627923,0.1582701405804138,0.3218096766123398,0.3166271691660757,-0.37349658459584145,0.25917845777299564,0.22458313145057263,-0.024309705613586835,0.40953953189445,0.38385414718422095
2024-03-05,252,0.6791768903120553,0.6726560953996987,-0.00026353476541150214,0.8202975604216166,0.8081998201297325,0.8285976096392293,3.267307041071551e-60,2.024200392991096e-98,-0.059811948887546484,0.7032179156876799,0.6801918399401617,0.17686227512298194,0.2719202677432945,0.26156275957228914,-0.39029165814205613,0.242079667618732,0.20837036220542804,-0.024174540092492057,0.4156405646950254,0.3867816273523219
2024-03-06,252,0.6789075657407426,0.6723812967517333,-0.00012430178061139372,0.9155768515546407,0.9109399091545713,0.8331286000438485,5.100914259035079e-60,8.204070041973681e-107,-0.05037731989821087,0.750563271607384,0.7283092565865632,0.18422851485319014,0.2570757386955068,0.24471837040031663,-0.41927297868144775,0.2133797288854764,0.18071948878834898,-0.022177403815376084,0.4593074296782945,0.42790072020323133
2024-03-07,252,0.6797303498809775,0.673220804146851,-0.00018687629016047745,0.8734664575364642,0.8668309364469984,0.8330383166386384,4.303914627051625e-60,8.671895841733297e-107,-0.0447832280336162,0.7762445411843922,0.7546909781472974,0.19336828009688847,0.2350310354947448,0.22260465817788988,-0.45057471425258755,0.18259112568455604,0.15164418329675095,-0.022213454927442124,0.456671808997304,0.42426551587950634
2024-03-08,252,0.678333129111244,0.6717951845809847,-0.0002521694763353192,0.8300987811183044,0.8199201791334161,0.8320563458737892,7.524927092851354e-60,1.2348747143645404e-105,-0.03355376207404184,0.8308825357881205,0.8138576766113191,0.18549460165417844,0.2542920992529463,0.2383423533787945,-0.45281653512636194,0.18097456759027458,0.1496324459211502,-0.02098668915095893,0.48200117976579815,0.4512536944946445
2024-03-11,252,0.6748989854376113,0.6682912412391888,-0.00019255562070876668,0.8700653150152334,0.8629019777080756,0.828816687454189,2.125911515072438e-59,4.42234306287106e-105,-0.033705126993399614,0.8299860587992142,0.8132758319856487,0.1855499594574952,0.2537853384792504,0.239201778457103,-0.4712581490243559,0.16512095323876727,0.1365283767837701,-0.018317483865147553,0.5433361223253963,0.5210451309834967
2024-03-12,252,0.6750633582187211,0.6684589549304838,-0.00022063803467620765,0.8515598384957888,0.8438417311051618,0.8292680931599512,2.262668067928714e-59,3.4458733225732072e-105,-0.03921762068468654,0.8033910707503811,0.7839777626985642,0.19458130270845242,0.23196438160233263,0.2187954950053278,-0.48149136375142854,0.15853271806344277,0.13080699325627995,-0.01673311520375801,0.5785790305928262,0.559597714821993
2024-03-13,252,0.6381963078793519,0.630842574299664,-0.00027482067002772867,0.8155513431958615,0.8059485307202726,0.8249944441877478,1.9019710666406532e-54,1.2735738347143199e-84,-0.03298301993268232,0.8342320588260039,0.8174212116467579,0.18541133561164175,0.25790412575647265,0.24967667841220476,-0.4747597595603582,0.1655437836359755,0.13531204186542237,-0.016368011171558818,0.5895738742949974,0.5744018943512581
2024-03-14,252,0.6398230307130567,0.6325023606055985,-0.0002923215763785136,0.8038111149562096,0.7935408222309303,0.8261464442937783,1.351325041427843e-54,5.273612761251875e-85,-0.03259243460198766,0.836329139926791,0.8193907445961256,0.18685251687500187,0.2542198904699156,0.24542243514840123,-0.47953197492424743,0.160933793549552,0.13041336536242207,-0.017517415443716343,0.564135761309212,0.5476136069645577
2024-03-15,252,0.6407144023449949,0.6334118495471289,-0.0003431454290182489,0.7700587056807597,0.7590988258460307,0.8274949274994243,8.677467907170793e-55,5.459182896720285e-85,-0.008002835002625996,0.959778391923654,0.9555111096716902,0.2066984983238366,0.21329651145357725,0.20205496834722414,-0.4283054445219892,0.2209528977773521,0.1910733828999176,-0.013762883055615883,0.6525800068325918,0.6431161722420996
2024-03-18,252,0.6415072860568174,0.6342208487815495,-0.0004523133289366125,0.7019055482181937,0.6911642206780877,0.8342399786856458,5.705582518093645e-55,6.647781036858551e-84,-0.023249718211964143,0.88428923691682,0.8711792919895988,0.1943782811923599,0.2451409341483379,0.23155702192749883,-0.45844696027609855,0.19312961432260364,0.16469279346882926,-0.016747370450985545,0.5874281710206899,0.5720937710740397
2024-03-19,252,0.6504140912454078,0.6433086865959243,-0.0005942402144606553,0.6157507223204757,0.6120827499729409,0.8563465482554308,1.6200820321412943e-56,3.1795375149014228e-71,-0.020204087266657705,0.899863171190258,0.88847386201342,0.21410983556754776,0.2074872172117904,0.1876385797945449,-0.4932919455264189,0.16365715076142254,0.13339701958300698,-0.010428098738569105,0.7382076881070561,0.7316162200256231
2024-03-20,252,0.6701790517382163,0.6634753739280175,-0.00034479307342785703,0.7690709465576591,0.7653309483909745,0.8677147211778127,2.8931435248173367e-59,1.7925862144822876e-63,-0.03571062049455381,0.822547324671302,0.7998544773371621,0.21678608527421755,0.19770026778578456,0.17884936620533665,-0.5539531538679797,0.11470667381203263,0.09134482487035112,-0.016607953518539394,0.5919984015215722,0.5837438705906024
2024-03-21,252,0.6698739441397483,0.6631640649555969,-0.0003949358997205018,0.7363018083812088,0.7306671240816962,0.8626997580227924,3.0407051407291722e-59,1.3501233585201674e-67,-0.024831701457618954,0.8757744544364439,0.8603692418165577,0.3035089256203154,0.07209413707715674,0.06939244954684211,-0.4450198909008876,0.19910175818670678,0.16905497730055197,-0.012467822331532201,0.688106658054975,0.684632804282275
2024-03-22,252,0.6707263432704609,0.664033789271893,-0.0003636844796328381,0.757108897955995,0.7525572295629462,0.8622069469647389,4.027756869972154e-59,3.934868624352402e-66,-0.04887847179116059,0.7602822301513334,0.726178405761258,0.30639543811207454,0.06919149970245915,0.06729041239676752,-0.5158854579571253,0.14396236371230176,0.1137257352306284,-0.013697052483975007,0.6592248468525959,0.6546625146865457
2024-03-25,252,0.6751452863366081,0.6685425482540188,-0.0003943590354704847,0.7371865340024288,0.7328430168609498,0.8575241167258401,7.996097003905397e-60,2.453662663405059e-71,-0.05458706950235384,0.7349729092849601,0.6952687264273651,0.2856802422273437,0.0991285392391846,0.09936290047380532,-0.5386075770879628,0.13180825075635824,0.10752154902915916,-0.014579408081374673,0.6394883636163904,0.6352975018929523
2024-03-26,252,0.6733218036821544,0.6666820029439868,-0.00037449367327635507,0.7498983576957077,0.7460204956687735,0.8567118250332175,1.332133362536019e-59,1.5834278019626388e-70,-0.0546002482404532,0.7346659154176365,0.6947928950582059,0.28560327877652036,0.09915784198977848,0.09941348071651866,-0.529379281907169,0.13987105985114012,0.11462870026536563,-0.015128093500806586,0.6274455805320013,0.6238870953194202
2024-03-27,252,0.6722942437084207,0.6656335576049334,-0.0003944825367180331,0.7383504896461909,0.7349738664463576,0.8569256073958833,2.0253827431328794e-59,2.4547361559050613e-70,-0.06521573352300211,0.6889056828225397,0.643975701821265,0.2588486052655088,0.14053613379730082,0.1406502807862308,-0.5689507646655414,0.11604976634385773,0.09610603951371242,-0.015315140507804574,0.6258058126238635,0.6238173069167958
2024-03-28,252,0.6736324091704979,0.6669989215520121,-0.0005049943805536932,0.668412381852163,0.6629149494360208,0.8571410092644843,9.732056949264705e-60,6.3839674423488924e-71,-0.0456058270485884,0.7796338040175106,0.7437895468301521,0.24804324283208895,0.15356327534899375,0.15001759424654038,-0.5468711093089192,0.1284885792214665,0.10305131402669038,-0.011916523044442288,0.7043285121439256,0.7025786589166546
2024-04-01,252,0.6754969011661867,0.6689013097264751,-0.0004687535956017882,0.6901440030902037,0.6856062380616499,0.8602855629103676,5.366201382592419e-60,6.13726008764683e-71,-0.028529937306489617,0.8610500707910573,0.8377336597995434,0.24706023130664073,0.15167121434806694,0.14666467141658326,-0.5262764902117167,0.1407440770643028,0.11163985435052774,-0.01121704111281168,0.7197151164449077,0.7176784347504188
2024-04-02,252,0.6808859423408549,0.674399884258352,-0.000569599462964498,0.6281294800206851,0.6220051648495202,0.8652059399952714,6.640608238579753e-61,3.5996904338540384e-73,-0.027849673386639934,0.8645594859976331,0.8419824428609586,0.23757413859947113,0.1678830463997354,0.16129452871205574,-0.5094942779277148,0.15478065786534378,0.12440185823962495,-0.012664121499250752,0.6856039752610594,0.6821546261972572
2024-04-03,252,0.6808783529351982,0.6743921405964827,-0.0005949445906658737,0.6124917106001697,0.6061647883967658,0.8647843333521149,7.363122540888324e-61,3.3530183207669923e-73,-0.03558258457411917,0.8289640241931326,0.8032071176087991,0.23613967310683281,0.1688682804338925,0.1615649521683482,-0.5175415019755921,0.14914506714031475,0.11881927608653457,-0.01333242987612427,0.6705062988750203,0.6679052962167922
2024-04-04,252,0.67892160947797,0.6723956259307743,-0.0007482363009744213,0.5257949883890383,0.5198486044333503,0.861957845253619,1.6250259686309156e-60,1.1370244926410455e-73,-0.030516923457611422,0.8536465369672006,0.8292373028261989,0.24867970515763543,0.14789229980370283,0.14022825085255594,-0.4669959043285733,0.19377476922332465,0.16225086756249496,-0.018696852229677277,0.5480901799565149,0.5459733003527196
2024-04-05,252,0.678696776398851,0.6721662230736244,-0.0007981513133979894,0.4984115971617674,0.49136786117594644,0.8610901410481797,1.530741794392791e-60,1.7521642994750138e-73,-0.02301237536622791,0.8887290064726512,0.8697431852654864,0.2353383064346771,0.16727369314518378,0.15803803585371567,-0.45156699866634853,0.20511345846348633,0.17240191093589752,-0.0186204492088399,0.5490464554617629,0.5468838841429489
2024-04-08,252,0.6805501995813975,0.6740573174590683,-0.0006815642735312373,0.5704662682678903,0.5618009230159113,0.8736856481934747,1.152632716296554e-60,2.36835543108971e-72,-0.04262338146500633,0.7994046208627831,0.7661409026949104,0.24280964695552668,0.16157321232409633,0.14552025114693207,-0.46998899338380407,0.19522317051874213,0.15796836848556706,-0.02496686909136079,0.4292869507831746,0.44613822787174773
2024-04-09,252,0.6824927474211404,0.6760393479784808,-0.0007179756035089547,0.5508029035599664,0.5374871101884721,0.8768605378277178,5.197572948390972e-61,6.012209820032531e-71,-0.042305719725269836,0.8012373080205619,0.7681859861169941,0.2287503904211852,0.18803754909884518,0.16971758481361987,-0.4811699048599568,0.18564892070511196,0.14933181838906573,-0.0247671318020532,0.4338517071925727,0.4473065197902124
2024-04-10,252,0.6839282978951203,0.6775040763076228,-0.000658307576996495,0.5832703950233904,0.572036937450562,0.882571141943355,2.9862094306006416e-61,9.718368155065985e-72,-0.03350515486091668,0.8416843304076793,0.8151884888138857,0.21985959512481215,0.20484321100616837,0.1860622924612758,-0.4388031580086384,0.22266130630091208,0.17760910603057256,-0.022877142678889392,0.4688663495760178,0.47980007781799106
2024-04-11,252,0.6871801100218671,0.6808219821767831,-0.0005474972927338919,0.646951227970544,0.6456533960540096,0.8847988523971745,8.675827953171579e-62,5.948990849410511e-72,-0.052536512513966044,0.752428880896223,0.7156234100354021,0.22194261217126482,0.19582663730289238,0.17795547103275422,-0.47863820382546807,0.1805901031260911,0.14196041430242284,-0.023632408043297574,0.45205553327878567,0.4663149931296645
2024-04-12,252,0.6909351694623714,0.6846533639636392,-0.0007585241933769067,0.5292215762556791,0.5194530387432876,0.8902276946722802,6.039421598874699e-62,4.553080822897933e-71,-0.0489385657858033,0.7714879189821988,0.7362887235967415,0.2182745433659105,0.2060432333957978,0.18559415508012012,-0.48959130236619613,0.17655712099241402,0.1473057212758064,-0.029994857960910164,0.3390462579996595,0.3607406749414198
2024-04-15,252,0.6949294689220048,0.6887288483716391,-0.0007934588966788327,0.5067496308554404,0.48962397147927994,0.8878928294335409,1.1626947917277289e-62,5.884311033938275e-74,-0.07735568838226303,0.6447573777049811,0.6006767493094293,0.18487137801078043,0.2838262385861825,0.2792681964790422,-0.4981287719982273,0.16643669365486283,0.13910336204962692,-0.02880950866526364,0.35493149265777557,0.3745565297205736
2024-04-16,252,0.700656637158458,0.6945724224665568,-0.001111914941643635,0.3473565215100074,0.32761512045357544,0.8884262730561407,1.271741694276111e-63,3.30298405471055e-74,-0.03423059638989889,0.8365443590419744,0.8161053674527399,0.23672683324558264,0.16729601836454647,0.1547087860011226,-0.520501517197941,0.1428354368732686,0.12160667094405271,-0.019146572728121328,0.5334695582208142,0.5519688559371061
2024-04-17,252,0.7037767187255786,0.697755920325692,-0.0011777248849381048,0.3158552024506823,0.3014284027639471,0.8911843649987561,2.581596620975645e-64,3.7975503847800606e-75,-0.04481964039110409,0.7841587965166583,0.759364593605811,0.23284157658978422,0.16973347525799537,0.15678631195920517,-0.5663459574404786,0.10796231790949337,0.08689585313372326,-0.019262581031870528,0.527776159079613,0.5478516358892307
2024-04-18,252,0.7053568898217182,0.6993682087205336,-0.0011265337233525886,0.3365561861571563,0.31960420596087524,0.89256610170016,1.2299849505380863e-64,6.603247533378907e-75,-0.04728239050559646,0.7719434301576301,0.7447812765928973,0.23536448131646065,0.1640909730215175,0.15326616183521743,-0.5843115369258791,0.0966764743138211,0.07653420729073329,-0.019256673601563093,0.5265918111277518,0.5459340214348054
2024-04-19,252,0.7012024110245134,0.6951292892973694,-0.0009884828202607722,0.39619208931919425,0.3769617969650152,0.8839505348036639,7.544582700209093e-64,5.2913037016505145e-74,-0.04583773929078286,0.775072594964591,0.7464665099248613,0.21710133521809521,0.19665578338751963,0.18235396424015238,-0.5795443046921135,0.09718702764727899,0.07887008029796314,-0.021296068353902693,0.48065929695246934,0.5002341500429641
2024-04-22,252,0.7046222538924031,0.6986186411666389,-0.0010282494338412287,0.3757191436972901,0.3616079976279547,0.8870732361060967,2.513779199161294e-64,1.4930519831964036e-74,-0.042882858838306476,0.7886920434610909,0.7618543363880487,0.19037242794519552,0.24188329981371823,0.21764447403056475,-0.5825410945557572,0.09365559923289246,0.07603907313784615,-0.023064395908009308,0.44242277149212605,0.45920508762452605
2024-04-23,252,0.7022712480218667,0.6962198506239372,-0.0008952014912169557,0.4410130911664516,0.42403039221667826,0.8831483978567011,8.574086049480929e-64,5.179313840009439e-73,-0.04579621454546623,0.7745839763829364,0.7446258748933641,0.16763683220137943,0.3065617639665511,0.2847309044394506,-0.6116415022068713,0.07852037105861218,0.0626695622591204,-0.024626745700341242,0.4117682376704188,0.4280879920200078
2024-04-24,252,0.7037429733806281,0.6977214890997465,-0.0008005223377936851,0.4904054545465725,0.4730240448338573,0.8823929274010331,5.2765484114586524e-64,1.3688856404172403e-73,-0.050315272579474574,0.7529327583340426,0.7201924715985035,0.16639257092251755,0.30956358140482937,0.2884610143336206,-0.6343315250086132,0.06876474945629915,0.054938044830553805,-0.02454767884188512,0.4126399826378684,0.4287886851248498
2024-04-25,252,0.7037949098940728,0.6977744812333833,-0.0007759215116599466,0.5029101876964795,0.48584767267942974,0.883515654943601,6.734583566360115e-64,1.0757461918486172e-72,-0.053385840574778104,0.7368741686434028,0.7021472407849857,0.16852243851579252,0.303557798154031,0.2844051129170191,-0.6272928285712329,0.07179730365580025,0.05920921188275802,-0.023989358521783744,0.42127959136146576,0.437144759034918
2024-04-26,252,0.703904113050388,0.6978859039660463,-0.0007468409650247449,0.5198869183841197,0.5036641562616921,0.8832002349054724,6.85237666470069e-64,1.1453668377390067e-72,-0.04650600115873521,0.7670466903210753,0.7345717286976026,0.16773456613723053,0.30651686987617094,0.2903172966213876,-0.6261936680665035,0.07207924140944912,0.06227693232337248,-0.023239105732406812,0.4353135753478792,0.45078127176218774
2024-04-29,252,0.7025566857724669,0.6965110899548341,-0.0006264297525039635,0.5896830086987981,0.57656115915932,0.8839297387196958,1.235053113641208e-63,4.520038948215002e-72,-0.040799204785794685,0.7963699852616031,0.7668448312336432,0.17432095568858408,0.28972138913958967,0.2717413806166519,-0.6330486421846322,0.07013307303625159,0.05983269462231223,-0.0246420953142253,0.40947861225483473,0.4236915921324438
2024-04-30,252,0.707105921449753,0.7011527897719025,-0.0006779223252799607,0.5582222328888108,0.5423060811513405,0.8860744539721996,3.31825764962741e-64,8.04249992153922e-74,-0.0316612558961466,0.8403866808008688,0.8189491627045358,0.19314015951530925,0.232163339644416,0.21494703441423035,-0.6215621977410888,0.07560015820868725,0.0648559012751697,-0.02501168634637671,0.4048500137004635,0.4210923421675469
2024-05-01,252,0.7053442225749083,0.6993552840093576,-0.0006245984640275112,0.5894795519508618,0.5753754875430299,0.8842667599435818,4.772147915779971e-64,8.248948094736396e-74,-0.044368821305813405,0.7775249339250823,0.7486695003223542,0.19145619872117992,0.23680916633631105,0.21811781915051076,-0.6642833024425456,0.057424860215163596,0.04902232512771404,-0.0267353168375045,0.37319051449728413,0.38973804038280113
2024-05-02,252,0.7046237171034393,0.6986201341177369,-0.0006647497325905005,0.5658330317272564,0.5499903160902602,0.8839163105403469,7.53871052485537e-64,2.3658467050528082e-73,-0.04901063027095967,0.7547549481230983,0.7219929787599968,0.1929428745273739,0.2357338573569736,0.22222941299557664,-0.6532594955125957,0.06141315559147871,0.05049968124335649,-0.02713505610971218,0.3687689095830795,0.3892071694395772
2024-05-03,252,0.7045145661971619,0.6985087646971042,-0.000732919872146484,0.5282458407188713,0.5109935599024529,0.8796387115349372,9.938260548881128e-64,1.4369888528827244e-73,-0.05781316867688302,0.712761467998985,0.6751841984296506,0.1929874670074053,0.23661455233071244,0.22236452784644212,-0.6456018277600414,0.06666346193293113,0.0543331256375701,-0.026786876833884747,0.37610530802265385,0.39703633553550155
2024-05-06,252,0.7036107472338113,0.6975865754296205,-0.0007492636068691028,0.5199469726008101,0.5037743525122651,0.8794225114965427,1.322566560940435e-63,1.1451350492368323e-73,-0.0690173662793773,0.6596716417676272,0.620658959825763,0.18419650928212683,0.2586101937579713,0.24027722798404427,-0.6613627443142724,0.06036001102741571,0.04920283345164494,-0.02692261911630224,0.3767088605619304,0.3962274740921866
2024-05-07,252,0.7063876954878751,0.7004199657213684,-0.0009442529312470275,0.4127862864335412,0.3987006886486838,0.8795104852225584,2.0367165189637262e-64,6.118150248697248e-74,-0.06807417544626343,0.6606210457719595,0.6265360839604425,0.2331558112752901,0.1523703982032933,0.12568822246262543,-0.6381472973908979,0.06688101324052295,0.05671944096166543,-0.017652689831197416,0.5607195769773607,0.5743126896458549
2024-05-08,252,0.7009640065152287,0.6948860391679773,-0.0008285185340078087,0.4713993083864523,0.45907792111589374,0.8732412419014226,2.119736247895042e-63,1.6821576255482788e-71,-0.07012141783354547,0.6501833527992078,0.616378382802274,0.239510881553329,0.14105015694370182,0.11626958489144597,-0.6248113685478621,0.07230768200122997,0.06172098138894143,-0.019329915577800547,0.5230055205716084,0.5380076023994702
2024-05-09,252,0.7011058502553016,0.6950307659108972,-0.0008692152408820713,0.45013880013853724,0.43808004560293123,0.8722724064661032,2.2074647919340844e-63,8.799549329445324e-72,-0.0684462317791468,0.6580771189543513,0.6241602685059053,0.23453503233551878,0.1497505245269914,0.1250551471887148,-0.6233394991394658,0.07331981333878641,0.06280092930403605,-0.019125106559819388,0.5276277434700327,0.542867560826561
2024-05-10,252,0.702689731814438,0.6966468401846502,-0.0009094818234926897,0.43010862609834466,0.4174001450950533,0.8742708247932474,1.1440573226532358e-63,1.0513229755299939e-72,-0.06657366635230857,0.6672549075959019,0.6339155856253311,0.218684641010833,0.17623164376510736,0.15129240953288356,-0.6387633208597705,0.06643685014882841,0.05672908086230903,-0.018325593618017944,0.5451993797856478,0.5598055083955318
2024-05-13,252,0.7015450515869752,0.6954788940989056,-0.0009558105129589655,0.407508555046284,0.39548773782959246,0.8727966224149031,1.4651355398103113e-63,2.6688475080713647e-72,-0.0754001790547407,0.6253133285743081,0.5848754089538775,0.23199783678908079,0.14857690202583707,0.1215876801029259,-0.6244741935012041,0.07291824589002338,0.0612203915091808,-0.021259648447027178,0.477748520000261,0.48809925603301285
2024-05-14,252,0.7032693781827746,0.6972382679832375,-0.0010437184884797318,0.3649571438839816,0.35170978977206935,0.8738877658487304,6.96637860722534e-64,3.273691157901395e-73,-0.07590206685626144,0.6221838619019529,0.5822769923518638,0.22385957889111058,0.16244960170598927,0.1371888670828902,-0.6582732671572179,0.059665338354082886,0.05032393952341141,-0.020624241930074567,0.4903629669153966,0.5013606129084603
2024-05-15,252,0.7050805626992611,0.6990862651931485,-0.001059299737319922,0.3591305310903605,0.3474652122481924,0.869086800590009,5.615740412565981e-64,1.024588308266405e-74,-0.07507536866322878,0.6268899245059898,0.5877783888902577,0.20771152150898287,0.19357025153473528,0.16601190961892598,-0.6542223982376731,0.06177073824810953,0.051765736740905816,-0.01907408444255214,0.5244896153678525,0.5358421797863877
2024-05-16,252,0.7062558899124873,0.7002854811708712,-0.001200927655528012,0.2987024633376663,0.2900589452157878,0.8708991821704919,3.523124374268121e-64,2.2891134170448364e-75,-0.07410618752816339,0.6312720098576915,0.5931515873612548,0.22988161520282735,0.15371008539786093,0.12663478288356012,-0.6381468983039946,0.06872201277407759,0.058916098506601955,-0.020048066328805958,0.504360666843466,0.5163340532490807
2024-05-17,252,0.7071481407552493,0.7011958671933642,-0.001101925789769525,0.3415899455097676,0.3313756107113567,0.8735668537409844,2.630806560215277e-64,6.044305771402441e-76,-0.07974405791034486,0.60643417804943,0.5652698740489197,0.25252608834635576,0.11578261674507163,0.09004859983764515,-0.6027048113621438,0.08674461681132255,0.07577476364565958,-0.023148980712016154,0.44157473268582625,0.45244487662300936
2024-05-20,252,0.6929159270806642,0.6866743808831167,-0.0009752261367485804,0.4342217812834478,0.3978391588739404,0.9063600253593149,3.1751552340676965e-62,1.987761242819447e-57,-0.026506077048824572,0.8736479306087576,0.8615541833038021,0.3521706275645787,0.04119665840256734,0.05032136276730768,-0.48489229096558106,0.20108452188305118,0.2013936245632012,-0.010835416978128759,0.737051556097637,0.738622452003231
2024-05-21,252,0.6843939271676941,0.6779791695898016,-0.0007204330281554329,0.568829247576641,0.5515672097678213,0.9006263482896116,9.118223877258184e-61,6.200681333538761e-62,-0.03211075029344562,0.8495132971739081,0.8305257627138709,0.32983718609319823,0.05971003518368467,0.05356752425225556,-0.48809436129072764,0.2055652428511381,0.19699666665319837,-0.014144020674765126,0.6664771499181641,0.6570485024540889
2024-05-22,252,0.6846794237628455,0.6782704689612773,-0.0007123693893360435,0.572709717137324,0.5583814790920252,0.90030198552285,8.873913378231594e-61,2.1372803185200607e-62,-0.034109643043597135,0.8405102257943387,0.8210299245313566,0.3250245518731672,0.06197705063108971,0.05232942659383641,-0.4886923216871429,0.20499744814649337,0.19567312442794615,-0.014347281886371265,0.6623463119648595,0.6537640303836667
2024-05-23,252,0.6807386506208544,0.6742495988042051,-0.0005544666611732252,0.661799661693623,0.6628143280464671,0.8962638105259335,4.694191919624813e-60,1.656090782118923e-63,-0.03291197851563199,0.8469929593092036,0.8267568618353702,0.26385790220654254,0.12384255878858576,0.099870093071809,-0.539262365923851,0.16351387939053047,0.14353618513383992,-0.013208485030095696,0.6895604873499408,0.6827551824356899
2024-05-24,252,0.678221505271434,0.6716812919639428,-0.0006706413771361457,0.5978309966221436,0.5921815464291912,0.8972826484978373,7.809104279434081e-60,2.4890377770753343e-63,-0.03430442162366282,0.8411093431495484,0.8199025652401655,0.2725349712514114,0.11280959123532754,0.08597637555533146,-0.5189209246536267,0.18061390808397923,0.15899479541416484,-0.011932966986007286,0.7194157170630617,0.7166537273842445
2024-05-28,252,0.6758135154429814,0.6692243592527981,-0.0005967653017550214,0.6405700200452205,0.637708895256822,0.8972478162267463,1.7693438585477092e-59,3.6433246335774205e-63,-0.00405431871873288,0.9811402016309247,0.9792048919311132,0.29296303349094155,0.08986648495972442,0.06210448111374843,-0.5208238781369063,0.18194509146406115,0.1579048659238823,-0.0036390091026022794,0.9120649227547247,0.9149153783891942
2024-05-29,252,0.6762714466644693,0.6696915980194382,-0.0006314401380539736,0.621009702392786,0.616419338790898,0.8973808946078038,1.7332887467988387e-59,3.063239921641713e-63,-0.011514762231758013,0.9467241931368556,0.9411990165592082,0.2942558094919031,0.08831156058946953,0.060718505763618084,-0.529103454834478,0.1753571232141654,0.15087421410265764,-0.004772481776051371,0.8840163493578124,0.8856448881303054
2024-05-30,252,0.6740976342298949,0.6674736024052993,-0.0007266836814791287,0.5691899172417165,0.5634463310649138,0.8961906496491676,3.620474342892976e-59,1.5458535008208195e-62,0.0036424488491157148,0.9830648589835205,0.981578699155275,0.2958848519172981,0.08735914643631316,0.06130076629106539,-0.5018628747181956,0.19733952060563245,0.17271675811734266,-0.0037455654722491558,0.9089516645275819,0.9106494254202993
2024-05-31,252,0.672798034106746,0.666147587645501,-0.0006390985789769488,0.6165715333418955,0.6133172002337859,0.8943826371754516,5.531510035569883e-59,1.6107453968174845e-62,-0.014176990316971949,0.9337767326976253,0.9264723250892909,0.2833203600009111,0.10107721228266878,0.07064489550045319,-0.5111309807675105,0.18978132567812306,0.16426707741267788,-0.009073221925114082,0.7782608977359732,0.7759803608006555
2024-06-03,252,0.6713606277636859,0.6646809657263624,-0.000708566082641381,0.580128410964761,0.5732241607220332,0.893285758877253,1.3145887096994612e-58,7.932634914916238e-62,-0.019739873215261966,0.9081819136385278,0.8973955526266333,0.275476696720549,0.11121239104156384,0.0777943831101133,-0.4865832734645076,0.21348925157067364,0.190542784317984,-0.010810858174089881,0.740213033306059,0.7387156481696657
2024-06-04,252,0.6716427399291143,0.664968811878893,-0.0008015802019514676,0.5309918902386621,0.5245171259119286,0.8922058908816297,1.1995006339393543e-58,7.646970942489925e-62,-0.0242267033995949,0.8873728427770644,0.8744541811730351,0.29148273538331376,0.09152843783006803,0.06113359268136216,-0.5042193671228268,0.1978432041507969,0.17663571119883337,-0.009335083350951331,0.7748346336889933,0.7740465704123707
2024-06-05,252,0.668399536383524,0.661659689562051,-0.0007845146831533346,0.5407738040040662,0.5342991703302439,0.891907342752392,4.362268651341616e-58,3.8675855504067797e-60,-0.018878825941920196,0.911434830514656,0.9005596196339203,0.2965835271624361,0.08400961742762758,0.053996914619302686,-0.49402505608141994,0.2045170553291658,0.1826139993162057,-0.009169453094513919,0.7787029131489487,0.7775453125508034
2024-06-06,252,0.6671319694513481,0.6603663590743429,-0.0007997088542248493,0.5326502917664979,0.5257764699789893,0.8947010142660283,6.245492894377041e-58,5.580172139660696e-59,-0.019077265735388482,0.9105287604327323,0.8998662085863358,0.2966220488509801,0.08405775413261556,0.054334104306977236,-0.4782212888174302,0.2200664807704836,0.20002852606238963,-0.010074191638961373,0.7580730257199719,0.7575801252865313
2024-06-07,252,0.6677546803315402,0.6610017266797422,-0.0008643985482705518,0.5004376606847729,0.49473654826596336,0.8962122920921813,6.408148997481314e-58,1.3427676639912084e-58,-0.011879327979812948,0.9445968362770362,0.9375148118271647,0.31008369293559046,0.06785385131855848,0.040991271712028945,-0.47377378266384923,0.22525598367669508,0.20714274532138577,-0.008772081943925904,0.7885608922119889,0.7874397671085281
2024-06-10,252,0.6677854596101632,0.6610331315534592,-0.0008600726047611018,0.5027712910932434,0.4965592508049228,0.8960714216080837,6.577809298719863e-58,1.3639580839900349e-58,-0.01293556126918674,0.9395473537194359,0.9315533806124423,0.3106021404380447,0.06747576757487533,0.040499252993042426,-0.48389454773564083,0.21693944413644478,0.19995988400310116,-0.009033151943935787,0.7818596968880825,0.7795307284232027
2024-06-11,252,0.6695547269350131,0.6628383595962939,-0.0009252120847990518,0.47159757089583754,0.465796694781236,0.8987232952446402,3.322740997035952e-58,2.5054763627783274e-59,-0.024366195928476733,0.8862550355646897,0.8705741875252612,0.31118456116676363,0.06736269276259721,0.03973049839508484,-0.4890399345329358,0.21297558576338121,0.19610600977817216,-0.010310802542365494,0.752104368599413,0.7485885318179446
2024-06-12,252,0.6696236598161154,0.6629086935522153,-0.0008358110463414034,0.5130747523898935,0.5062143657159472,0.8955334590625602,2.992076433268857e-58,5.01943099361263e-59,0.033203948990964384,0.8478348655742356,0.8199636296798167,0.3003119409371236,0.07551942153118223,0.04774247989368173,-0.4861256584588642,0.21302167030005698,0.19860746836425447,0.0006787557961444243,0.9836662501118418,0.9830809123432108
2024-06-13,252,0.6705113989084994,0.6638144761220868,-0.0008196346919147986,0.5211735882070174,0.513809588091193,0.8952539073825221,2.620388476287539e-58,3.139216736493975e-59,0.03411974260192054,0.8436509631610024,0.814915457171679,0.2976915529382037,0.0774411515585802,0.049057809911526286,-0.4864402276700124,0.21306429432976579,0.2002245584804757,0.0006625140933174678,0.9840566956537286,0.9834845412829281
2024-06-14,252,0.669147879843801,0.6624232432552604,-0.000657352315711428,0.6064598633741459,0.5972518408037474,0.8900372196888808,7.253970389046161e-58,9.028243530537193e-58,0.0328159476720452,0.8487587661424933,0.8217061427400145,0.31358046179413424,0.060150757893492605,0.03611489326397855,-0.4882935124126168,0.20833328445062108,0.19316349738519245,-0.0009459143855250832,0.9771426804956955,0.9764117674925054
2024-06-17,252,0.6695412754420509,0.6628246346990032,-0.0005974795271166301,0.6393275189417051,0.6308011664836686,0.8903801821498336,6.306156222488001e-58,8.34423196225309e-58,0.045716774829830026,0.7909148830094656,0.7546062845191899,0.30388707398368225,0.06772782534331524,0.04087231877832454,-0.5293312198526483,0.1771062841529908,0.16568278313017692,0.0024414776829762286,0.9415483238454041,0.939734151514558
2024-06-18,252,0.6687231832477349,0.6619899146145589,-0.0005897678445313571,0.6437354571808236,0.6348741092936233,0.8887456348404416,8.332746872003946e-58,2.4678040095972234e-57,0.05013356437416578,0.7731144287464303,0.7358608943516738,0.30667672754251696,0.06494216339077752,0.039410671505016766,-0.5325883140787747,0.17483327408586716,0.16487678935205152,0.00316806129181528,0.9249561366145833,0.9229012342588998
2024-06-20,252,0.667435647080081,0.6606762090126029,-0.000498121206949974,0.6958616883990096,0.6876538001616392,0.8943551600992226,1.7155990128575215e-57,6.9337111663284355e-56,0.05239805873040783,0.76296054813008,0.7241002453111216,0.3034482381807088,0.06739172056973068,0.038110478467808184,-0.5163314698988104,0.1872337206485075,0.176403471876025,0.00564330586969293,0.8664558032880763,0.8625029533306908
2024-06-21,252,0.6632647603930073,0.6564205482058734,-0.0004094333931406965,0.7484616929154069,0.7414584731817281,0.8929410008742058,6.62554096972724e-57,1.0771020970148492e-54,0.05023972941839106,0.7768420858190325,0.742817973920457,0.2850074596385638,0.08403756831638363,0.04701240302177017,-0.5232453394915468,0.1841252535526879,0.16950194312680766,0.005174574219906337,0.8787876962736487,0.8755648888866917
2024-06-24,252,0.6660559257837388,0.6592684446004815,-0.00038002728147122796,0.7654532010234747,0.7596956066076676,0.8917102493574235,2.0309957483420547e-57,2.639950846360192e-56,0.04740216980074953,0.7885338489825278,0.7575432951345946,0.28458361266078647,0.08525198738551314,0.048640195413500245,-0.5287892411631303,0.17843613279845724,0.16142876605744028,0.004814600207292463,0.8870066911450941,0.8840584483264182
2024-06-25,252,0.666323821995024,0.6595417858567115,-0.00036750006628827585,0.772911829895669,0.7672327548008587,0.8926958977372816,2.133973221607938e-57,1.110400087256202e-55,0.03970477005600375,0.8219949903483996,0.7952854981769384,0.2915676434326475,0.07805906264430112,0.0447228141446692,-0.5163055268062173,0.19001411355429643,0.1757344643667681,0.004682403335240129,0.8900552550678795,0.8872850325154786
2024-06-26,252,0.6656611925087114,0.6588656882914088,-0.0002890068182219072,0.820725957976168,0.8166461088491683,0.8913597138921499,2.697942737730183e-57,1.7129801203018784e-55,0.03918364839705228,0.8245758643582031,0.796926861331692,0.2875202600575943,0.08222009760136362,0.04769983847829099,-0.5122690239346286,0.19407915616977633,0.18019525489092914,0.0045665722496376834,0.8928277036888841,0.8903292301446878
2024-06-27,252,0.6657874989104592,0.6589945618964441,-0.00027970037156160334,0.8264367299753442,0.8228490621758602,0.8915916735814278,2.588124412750574e-57,1.296372051832591e-55,0.03476474979569437,0.8446952331442542,0.8209897236003356,0.29413876254988336,0.07515403570880358,0.04217060649083389,-0.5078821464458293,0.19809312892888986,0.18404246765823074,0.003923320031102767,0.9078683845898728,0.905840072619584
2024-06-28,252,0.6655142049061251,0.6587157131359245,-0.00024066825956255155,0.850066400394786,0.8472078440785449,0.8905717987492272,2.7030666862747563e-57,1.4601945001502475e-55,0.036699338205032614,0.8358088640650708,0.8112379437044839,0.2962397315381903,0.07291497559697817,0.04096799653327221,-0.4867710828152808,0.21807605935061666,0.20275601833362222,0.0030889497088331525,0.9273843480784278,0.9256055248170817
2024-07-01,252,0.6648444748068792,0.6580323706362874,-0.0003114675229166625,0.8070390253208505,0.803031817316388,0.8875694701354295,3.856554863322739e-57,9.886681157168051e-56,0.030128767961787428,0.8649690944265974,0.8442556345548349,0.2958238233983186,0.0737112208120257,0.04159530371568648,-0.5022343805848312,0.20547279949597194,0.19154433497334766,0.002655053929280095,0.9376366031700001,0.936067306025514
2024-07-02,252,0.6680604073777805,0.6613136676903371,-0.00041154352220715013,0.7448561683892707,0.7420169794646736,0.8886507889628409,8.418113635856557e-58,3.385680493390726e-56,-0.005358989961128286,0.9758068695613736,0.9715791102592032,0.29114755933419917,0.07596150637104215,0.04323222948178338,-0.4686511649010609,0.23408487708707593,0.22272589444559088,-0.0030592618596713902,0.9279005433106016,0.9264843112361765
2024-07-03,252,0.6691151453415589,0.6623898434176069,-0.0004325120051873623,0.7326729134710646,0.7287335483977757,0.8917556376670899,4.0157761860163086e-58,8.404770479709282e-57,-0.014290243730786988,0.9354535655653797,0.924039375670769,0.2793239287133192,0.0874215527557977,0.05192040174244026,-0.46339842187396085,0.23983496716182393,0.22841837837872536,-0.0042521485507645285,0.8998914208649671,0.8976726998097585
2024-07-05,252,0.6715807584426361,0.6649055706061043,-0.0006065016372163934,0.636339195647107,0.6314485367189716,0.9060628628705252,5.815171844167065e-59,1.121852125145726e-56,-0.05613086681374703,0.7525680657687515,0.7192242161790083,0.262117094252928,0.1128333148940797,0.06985733340859329,-0.39394349864143696,0.32307632440089085,0.3088855571370084,-0.01231146113400047,0.7182371848419928,0.7176723312144545
2024-07-08,252,0.6700434127822028,0.6633369780826541,-0.00046425051860948666,0.7175838611208758,0.7108599544348344,0.9046891085211117,8.965693095322571e-59,2.294760344680787e-56,-0.05383129135984852,0.7624878574828735,0.7292406637929787,0.23776000080541398,0.14923246445696026,0.10529534181991922,-0.4274746759713,0.28614543818112004,0.27119144550898544,-0.009950707248406545,0.7718069498415302,0.7730366124404613
2024-07-09,252,0.6702132333568651,0.6635102502950128,-0.000444335948546744,0.7296307126979,0.7227526883144454,0.9043683089845405,7.919872795388535e-59,9.092181154326953e-57,-0.061081332384587274,0.7329048306862683,0.6952164678063083,0.2371886409731936,0.15008572529916098,0.10607865579983076,-0.4511852904639637,0.26509652364591313,0.25253463386282893,-0.010950129564249178,0.7500496273961956,0.7509125940781366
2024-07-10,252,0.6694432740510283,0.6627246414097892,-0.00041198892502428564,0.7492778503737814,0.7419696622775396,0.9037928156050479,1.0631686112996246e-58,8.990283695613713e-57,-0.04359611835938865,0.8064181057384081,0.7733899285036726,0.24112847916631341,0.14420231572120365,0.10007390179627326,-0.44420096292321326,0.2743078354996859,0.2618696833805204,-0.008210184868380488,0.8106000454734907,0.8081983681086875
2024-07-11,252,0.6696824321162043,0.662968660411249,-0.00038756857664075405,0.763153720646393,0.7570296470018685,0.9038645012883295,9.807452838001984e-59,1.0143274746879217e-56,-0.039758379666628575,0.8196119677376634,0.7868344329590762,0.2400307290797643,0.14426144874426652,0.09822686977919719,-0.4463622068066716,0.2697014752572012,0.2596406608105353,-0.007872234815642684,0.8172450266748211,0.8149673011722357
2024-07-12,252,0.6698175907118351,0.6631065661328074,-0.00035797895911048006,0.7808797742671981,0.7752379539780465,0.9033204720199126,1.3231631323263795e-58,3.0201765295587473e-56,-0.04191501856682289,0.8102014111274392,0.7750552502488286,0.24009610801965672,0.1438918653174026,0.09763704769989305,-0.4650492369915254,0.25635264377802536,0.25794949435217185,-0.008587517394883094,0.8015150010057023,0.7983538931639349
2024-07-15,252,0.681077502430314,0.6745953378455642,-0.0004761938454189696,0.7099499508092175,0.7045363699218994,0.9025528460937258,6.896264999082094e-61,3.723699277900313e-63,-0.07043703598439871,0.6855158360476902,0.6316348917246833,0.2582926135043716,0.11414032395259355,0.07181468074024513,-0.3662012276697495,0.3718102455643968,0.36449056811628955,-0.01431883786023205,0.6731105590725877,0.6677215734060986
2024-07-16,252,0.6786834775958428,0.672152653969742,-0.0005265171553256689,0.6820353982589844,0.6743874771080003,0.902259785321823,1.6938883110972303e-60,1.0974160383144785e-62,-0.07302667647128873,0.6753735222536578,0.6183709854590147,0.23766823241247603,0.14330972879626838,0.09401706088691475,-0.3917975341793531,0.3394187986780377,0.33043613974162744,-0.014354236545820832,0.6734490865675384,0.6671190553011679
2024-07-17,252,0.678854728113381,0.6723273851888563,-0.0005249783626693854,0.6817437534940705,0.6752250687497389,0.902036358529234,1.7613341141416978e-60,1.390043847177275e-62,-0.06283411722106033,0.7157617515736815,0.6690011246932062,0.23748317959385695,0.14251692256661477,0.09390851305323834,-0.3820840159873024,0.3437608845408947,0.33289672452671226,-0.013654455037054557,0.6891093419764669,0.6836915302239613
2024-07-18,252,0.6779761785534635,0.6714309789305664,-0.00046974427381606305,0.7139178932977889,0.7070661981085751,0.9022509090763309,2.2311291772575792e-60,1.719386816065699e-62,-0.056155040360108724,0.7451678978852234,0.7020887580374071,0.23788367840604063,0.14448310123818092,0.09659481289298681,-0.3685116607898099,0.36242786475248623,0.3504815984421177,-0.010640183265565518,0.754116531868026,0.7485789149513754
2024-07-19,252,0.6782254931397913,0.671685360886535,-0.0004955181591939468,0.6985504664908283,0.6927593946660929,0.9009383303450651,1.6687096082873126e-60,5.297475323351075e-63,-0.05227759832065251,0.7623135711804381,0.7225745908322845,0.2499495899345069,0.11945633497541558,0.07630864385493405,-0.3556081314043842,0.3796627558091036,0.36975113339715826,-0.010702763519059792,0.7529185229147745,0.7475761823869975
2024-07-22,252,0.6759318139985385,0.6693450622505414,-0.0006531926550426086,0.611656269183672,0.6046313603936442,0.9008483977505692,3.443200842038664e-60,4.73546851861095e-63,-0.04514903652520511,0.797152210585522,0.7633459000040242,0.2524629159387104,0.11734515526788057,0.07397676724095882,-0.37608719989549433,0.3561299266668342,0.34669974225779265,-0.004777053829302887,0.8889349747921766,0.8879307973836299
2024-07-23,252,0.6722197916104655,0.6655575922529546,-0.0005064067777274012,0.6956010811423274,0.6869149159454085,0.8971224480409813,1.3891778425217491e-59,2.6027056207200965e-62,-0.052364957465465344,0.7672293537132214,0.7280940733989432,0.26487510991195296,0.1020999111465004,0.06283627768098987,-0.3498839704795853,0.3932405254039608,0.38273187208485937,-0.007328358852673987,0.8316057458027152,0.8282132086929053
2024-07-24,252,0.6697828917778269,0.6630711619359129,-0.0006830619240565796,0.5995518992245386,0.58723045118021,0.8961460440444279,5.447653198989527e-59,5.97532881667844e-62,-0.0207404987486014,0.9067926365541432,0.8924270979503233,0.2671856115381119,0.10120204449144518,0.06144391512866208,-0.2852728344563191,0.4872730870385472,0.48621776299103736,-0.01492828810280487,0.6645470324749477,0.6561902685025196
2024-07-25,252,0.6657088805699543,0.6589143456221891,-0.0009693567474462053,0.4599041108465386,0.46165201289773483,0.895940834584534,3.111400513533424e-58,5.699291408283152e-62,0.0014263796903350862,0.9936375218976479,0.9928177462230604,0.3462952559532556,0.0318141463827901,0.034136463257407906,-0.185796998236978,0.6524733422600948,0.6657550579747125,-0.015024196496287525,0.6659361461467619,0.6556101929709837
2024-07-26,252,0.6666102573900254,0.6598340431093349,-0.0009871433670374625,0.45237480379276185,0.4550968164121334,0.8957639688271457,2.6945507414495855e-58,2.292409496215397e-62,0.004148950246483457,0.981527505767003,0.9791262072886155,0.34473837461521684,0.03170884647202453,0.03209663560838481,-0.18526173139891072,0.6537336479554994,0.665606073096678,-0.01417864087728933,0.6813609777921437,0.6682928050552928
2024-07-29,252,0.6638646781668408,0.6570326594303946,-0.0008883129933340995,0.5003983812553927,0.4964408957630867,0.8935072680636263,7.108927923236478e-58,8.423459219926291e-62,0.0060528738790378706,0.9732264703538985,0.9699067930103246,0.34646565700159954,0.03174130883091842,0.031140320839534174,-0.17871984315712813,0.6682588662256139,0.6831133014026608,-0.01448715515132605,0.677584720388134,0.6644989957007211
2024-07-30,252,0.6639449647204807,0.6571145778245555,-0.0009169675532375967,0.486583044482498,0.48226042977646544,0.8936469376443925,7.290304288617707e-58,8.083643790833237e-62,0.00829344910645137,0.9633542643336857,0.9590596952117013,0.3421872702781553,0.03361129415086135,0.03164155652547783,-0.1791912129492179,0.6675747911074886,0.6824152088593488,-0.014623425868481005,0.6748628845214887,0.6612775852849707
2024-07-31,252,0.66424426015672,0.6574199565013688,-0.0008832416586223298,0.5025502393781796,0.49834814095440516,0.893092825597857,4.5776672015379775e-58,1.2110978686792576e-62,0.013875813689706425,0.9383141807659319,0.9304875351377792,0.3455666901729013,0.031983766655769345,0.030563409739096964,-0.17232204347924984,0.6798779522846513,0.6942264972914767,-0.014103605358432303,0.6858678074867702,0.6730161516700683
2024-08-01,252,0.6634447142436118,0.6566041596550674,-0.0009551694842175048,0.4693315902758124,0.4638797287408626,0.8913782672502543,6.945374925000912e-58,1.2346793810521264e-62,0.022460263134507864,0.900283667238651,0.8879847749451877,0.34295247112305577,0.034212967832712424,0.032097544673191904,-0.18039865638123959,0.6662700273121938,0.6799140630889888,-0.015992340053586893,0.6462654094033927,0.6303978521139294
2024-08-02,252,0.6683580141201653,0.6616173233502499,-0.0010167612262002145,0.44067210122381695,0.43382386607476064,0.8934406958024269,1.971032032870009e-58,2.580611262477597e-65,0.021636023751967687,0.9039632831310609,0.8916141434702659,0.3536888193532444,0.02735098503525518,0.02203872792485502,-0.12541322594334992,0.7530836417014466,0.7524132713148953,-0.020152297510193172,0.5536482608641959,0.524897704240287
2024-08-05,252,0.6980168684073993,0.6918789998790944,-0.0011851000980556575,0.3796468597514171,0.3676211154237713,0.9145473073444519,1.773322533255704e-59,1.3415246770068838e-68,-0.10436019580236079,0.5596701840241154,0.5356543173836199,0.423756030015191,0.00913712270020178,0.006005318540980789,0.09835757148393257,0.8062299799154635,0.8072591213334082,-0.0740098568736704,0.015248872019112224,0.08805771555975266
2024-08-06,252,0.6949712079108001,0.6887714357138652,-0.0014358261954333447,0.28789942092659304,0.298781668847359,0.915640426490608,3.403246906682753e-59,1.0522408020719906e-66,-0.03950862914872279,0.8216624683714565,0.7859036185814074,0.4321031724825377,0.00817659771354548,0.006571617626404874,0.08934631640280247,0.8252603829969085,0.827236685121712,-0.05557559592102022,0.05017970931012725,0.07409048211648302
2024-08-07,252,0.694259213366402,0.6880449697356378,-0.0015664150529715011,0.24871528633145737,0.2706532080762929,0.9178936992837308,4.700001533595685e-59,1.073750093837642e-65,-0.018638451422285637,0.9154912046441164,0.898757475661727,0.42779330247681785,0.009185461672684615,0.006893511031126245,0.07445252488107408,0.854701094863967,0.8544998151061064,-0.05334050554127077,0.06166327267511893,0.08158423562103263
2024-08-08,252,0.7081678263827584,0.7022362781385056,-0.0015305811841398883,0.26130564069960915,0.2803176727864647,0.9248085704176321,1.8880316062314695e-60,3.24174992727351e-67,-0.005406492433929655,0.9754441338940998,0.9710073196780961,0.4426396309135416,0.0069223192780107435,0.004981032203848945,0.09863064011785627,0.8086377751545518,0.8071221619798641,-0.0538458094089502,0.059731676238526536,0.07089368619079603
2024-08-09,252,0.7073048192502756,0.701355730210647,-0.0017203206766442302,0.20818851162964414,0.23605369700690204,0.9289357355295971,9.66927526114342e-61,3.463553513287822e-65,0.026243642977473697,0.8815949382591924,0.8640883564310362,0.44198876563342615,0.007213947286333112,0.005071854762802336,0.1129005421493281,0.7824071433941564,0.7820335371871151,-0.04599463562409578,0.10318228911459872,0.1274621668094444
2024-08-12,252,0.6971915861617639,0.6910369436040762,-0.0015088520564746708,0.27923854606905796,0.29212397860859907,0.9221594522089747,6.461240785457621e-59,9.69492703382828e-67,0.041425409119013684,0.8176187767802878,0.7931844938262571,0.4870495095930189,0.00361132265015836,0.0037231221392025806,0.1540305718648857,0.7116644969029855,0.7098926554886344,-0.044287877920638444,0.12375688584665662,0.15102863794773774
2024-08-13,252,0.6946082949736042,0.688401146497458,-0.0016249907314677308,0.24652828932102488,0.25863532889064145,0.9225501316406937,1.2499578066327252e-58,1.0884038047994759e-66,0.026649454818860302,0.8831490425524893,0.8636662420805905,0.4951000879637905,0.00321467031981403,0.0036076541679415535,0.20452398873788447,0.6242389873442145,0.6281017271309739,-0.04255569235300102,0.1435926958697218,0.1850261380564978
2024-08-14,252,0.6941772889517994,0.6879613801906572,-0.0015277869270852156,0.2748752786913406,0.2888001138545889,0.919685375311861,1.2369173989746815e-58,2.711167972341152e-67,0.013958681339336018,0.9386390579282777,0.9281127946255604,0.4841887458886144,0.0038356346659064893,0.00357067177984552,0.19396127431119772,0.6432924639325482,0.6447059036422398,-0.04593182852539315,0.1106213524765899,0.1357125940978305
2024-08-15,252,0.6940752968528396,0.6878573150815559,-0.0016160806334055305,0.2495893420860905,0.2641982322983688,0.9224835075605571,6.912898284590377e-59,3.8023896796335694e-68,-0.011546539472971573,0.948780208392513,0.9400796074416898,0.4765908667787322,0.0044490918000480014,0.003851974370989771,0.14788811248887,0.7226652043810863,0.7203673513098204,-0.04762072182293451,0.09924716990497585,0.12400975713816761
2024-08-16,252,0.693100970011772,0.6868631848494096,-0.0017150986379482528,0.22322422537794295,0.236829646364215,0.921658733247858,9.878688066645622e-59,3.9473319661525404e-68,-0.0009363037443950173,0.9958587337659168,0.9951075599950224,0.46270152140064574,0.005571739763027425,0.004772607042692287,0.16622371560955418,0.6900094393807187,0.6880241160631682,-0.046376526378170614,0.10908926356242676,0.13483999049860795
2024-08-19,252,0.6891172689224597,0.6827985142257618,-0.0017182918029591794,0.22346028842125368,0.2381667500935265,0.9233656700082744,2.9364679127305664e-58,8.489407838595125e-66,0.00675681588094354,0.9700646071397019,0.964301550241272,0.4628621824760967,0.005602254496333852,0.004990422086142737,0.15523450340822872,0.7086971272290155,0.7064937703246332,-0.04562762598713937,0.1144461852877528,0.13929516642608647
2024-08-20,252,0.6891831181577897,0.6828657018601838,-0.001800722450758331,0.20278030528089322,0.21585682513252447,0.92426119779414,3.578543316798715e-58,8.205336832875539e-66,0.007845124607379406,0.9653070199542012,0.9586374773144434,0.4637735717780605,0.005531320561375628,0.004762164048425919,0.17615104169913307,0.6708987029494301,0.6660820859229106,-0.04618866237606986,0.11018985045849117,0.12921344346679026
2024-08-21,252,0.6894115598172934,0.6830987866428482,-0.0018256371332321221,0.1965419778294874,0.20961180694480808,0.9233906433048935,3.008886216234327e-58,4.360801670531589e-66,0.004843522897010177,0.9786853344212758,0.9747637330101171,0.4658054067299572,0.00530628747275424,0.004483363409313021,0.18448732428028605,0.6556922633147804,0.6503370835873327,-0.046819047454010276,0.10555475687791996,0.1233799870203058
2024-08-22,252,0.6888607259887752,0.6825367570048073,-0.0016617344719665034,0.23918141300209947,0.25043533014914265,0.9226568677331108,3.62366450282182e-58,8.95994816028519e-66,-0.004935243585099919,0.9782480678535779,0.9743131673623566,0.45876768227221926,0.005938709240089959,0.005117436275117117,0.20994833101050092,0.6121242416763815,0.6080869320268061,-0.047137520124766005,0.10334823536800894,0.12185246016604843
2024-08-23,252,0.6903495977304175,0.6840558903672146,-0.0017120319605981133,0.2252795653890142,0.23676504140809274,0.9212017810807116,2.8956834608912445e-58,3.1726261413362843e-66,-0.007564532590297213,0.9667248336951408,0.9607567342501264,0.45284373788762644,0.006703827684881722,0.00600782698694566,0.22579726099004188,0.5836708902123039,0.5826772433910783,-0.04661135510246978,0.1068780569059669,0.1267820098060889
2024-08-26,252,0.69066615542695,0.6843788821632701,-0.001775097426043552,0.20901762357858422,0.22033965725858518,0.9220579324866796,2.4927193616394867e-58,1.4730910289800543e-66,-0.0007860471382975243,0.9965479910396186,0.9959225682453631,0.4497079137379778,0.007125825329629873,0.006434486620242766,0.21900801497665917,0.5965115070600693,0.5959984959431162,-0.046001063322532766,0.11154476974964801,0.13174257622461746
2024-08-27,252,0.6937574205895624,0.6875329779186186,-0.0019526283945156184,0.16894134344500056,0.18058760914924654,0.930530508592771,4.035300556288099e-59,2.0288993323476993e-68,0.010671643131070246,0.9533616094060243,0.9445565132480692,0.45779892264162547,0.006427645522381743,0.005201642415485936,0.26082681289886267,0.529695566577391,0.5280364845252552,-0.042468104608662086,0.14357387796299598,0.1677837595074062
2024-08-28,252,0.6896435616210017,0.6833355039303717,-0.0017625566444008428,0.21747192222197248,0.2211290846022551,0.9311378433084722,1.243780934460834e-58,1.2613905779951276e-67,0.015365312778847312,0.9334123888110628,0.9203034662487874,0.45273826206398377,0.007463379708930308,0.00585968273394286,0.3200247730936465,0.4430290008089508,0.4517939762339809,-0.038662152479290654,0.1851461866108213,0.22353192875270778
2024-08-29,252,0.6881809473036385,0.6818431616797288,-0.0017821681129209193,0.21164439884357322,0.21622511008949785,0.9338963143132062,1.5056948735361445e-58,7.183043406937819e-67,0.033381420538905665,0.8556685932581187,0.8284617935805245,0.44861304457270257,0.007835127249490308,0.006141055920039698,0.29541505073659213,0.4784249665235186,0.48270448078439454,-0.03570697561661246,0.21747351100116455,0.2657336989728589
2024-08-30,252,0.6878388743201502,0.681494135993324,-0.0017482650257286457,0.2205109250804383,0.22427643930328178,0.933466466055315,1.9164466659556607e-58,1.322250113367217e-66,0.03713861569829044,0.8393865299786842,0.8094642167386075,0.4440337419282026,0.008285878153430026,0.006519167805995994,0.301559728550435,0.46973177194609816,0.4759601303834271,-0.03570562625908896,0.21793095063766435,0.26567691792528003
2024-09-03,252,0.6887669066639545,0.6824410307831406,-0.0018154087405307384,0.20358140266828398,0.2040276451555305,0.9363764133517767,2.6483589745340235e-58,8.426701586112518e-66,0.03681948048934178,0.8406238860195391,0.8107925744032478,0.44433852685113745,0.008193521063662569,0.006425829580439123,0.2836512039118031,0.49722401627067336,0.5023721945848234,-0.0351445984520634,0.21473539533025796,0.24081689921686722
2024-09-04,252,0.6887606023158978,0.6824345982979282,-0.001758186793292873,0.2182336313484538,0.21830151223389838,0.9362828272472947,2.7117534349607942e-58,8.944075906648996e-66,0.03434249779428217,0.851189572950983,0.8233223984960337,0.44510481397045865,0.008104263902873858,0.006392065995089843,0.2878472696489689,0.49175558701262745,0.49798190765795913,-0.035531010895388127,0.21028199517860613,0.2354673325140294
2024-09-05,252,0.6898600169640983,0.6835563587723117,-0.001828636672294164,0.19985569798483208,0.20136272946263778,0.9373337552849981,1.2321470381022566e-58,9.748986736810556e-67,0.03224691329280935,0.8602523601042958,0.8346542115179314,0.4451978460504914,0.008069666359102222,0.006382862797636461,0.2761657196793148,0.5108016209625377,0.5167687522530736,-0.035648264205030915,0.20813455945671347,0.23542372786269772
2024-09-06,252,0.6925910113662629,0.6863428611907805,-0.0019323514369488238,0.17560701967694559,0.1760670006928391,0.9386965424900676,9.225167510092224e-59,1.2311234383050718e-67,0.04864989054814173,0.7899108325021029,0.7527020432818592,0.45276362105663814,0.007065444717630231,0.005207492383247666,0.28872921596831075,0.4918734948716821,0.49521734832575326,-0.035122308656270494,0.21538272738403097,0.23973088718562496
2024-09-09,252,0.6951968743094801,0.6890016888279655,-0.001901590015514271,0.18272443561844473,0.184385286968328,0.9392098214836864,6.327887454193223e-59,1.6727393742983677e-68,0.044331692129020245,0.8086531992651511,0.775483573900839,0.45306918795924356,0.006977126553290917,0.004974916945637882,0.29212141446092044,0.4853162081497199,0.4857394485585783,-0.035641235206038846,0.20717185108534428,0.22770773634221697
2024-09-10,252,0.6953094021103492,0.6891165037792588,-0.0019202501425037682,0.1789080755609989,0.18054578187203663,0.9396464081837935,6.561192201166199e-59,2.362012368944561e-68,0.046290806456634165,0.8002429295122169,0.7650574270816082,0.45350256507498365,0.006895366705811094,0.004878138296233303,0.2928280385834956,0.483948363008875,0.48394527434760615,-0.03522390780346983,0.2131039626014578,0.23373597229815968
2024-09-11,252,0.6940836581418941,0.6878658463155098,-0.001891151256751561,0.18517425489166528,0.18867673526443418,0.9378695196682586,9.438832422870933e-59,2.4550769428377308e-67,0.04463076234454674,0.8064603378563462,0.7703352174706769,0.45079590358781624,0.007178404279799634,0.0053625173691125095,0.24856056239095364,0.5527319634368623,0.555299891865745,-0.03446719335458978,0.2228088340995546,0.2496588398947851
2024-09-12,252,0.6935817126417176,0.6873536986710209,-0.0019508126637383856,0.17239254811698654,0.1766839873617927,0.9369245719579774,1.4779432953411359e-58,5.951496926502408e-67,0.04608490184391659,0.8006277776413093,0.7633420047272439,0.44710586668820473,0.007498574264413777,0.00546079855003169,0.25074550667033235,0.5492974007750466,0.551950162278461,-0.034384635148705704,0.224045682803284,0.2509768536378618
2024-09-13,252,0.6941318790292698,0.6879150473022224,-0.001959966343303269,0.17104592851606878,0.1754362910676721,0.9358467941625799,1.3526279423114453e-58,1.9646262497269863e-67,0.04459450338016896,0.8070913619735084,0.7709363797474235,0.44234665832601866,0.008053063854438946,0.0057847142102623135,0.2534698068963408,0.5450590292211179,0.5480573701996976,-0.03471259299601028,0.22047885803590214,0.2474969171461796
2024-09-16,252,0.6961525714549709,0.6899768107121858,-0.0020482704474226376,0.15289552534510945,0.15730698458040027,0.9387244377756057,6.823985512978467e-59,6.768011618739009e-69,0.04939025787463347,0.7871991301729799,0.7469836186364889,0.44728325603812924,0.00748245737327209,0.005086539099270805,0.28387551585201426,0.5007270235919005,0.5041053883063885,-0.03445087194861103,0.224724015714221,0.247521404258347
2024-09-17,252,0.6964103083059014,0.6902397861169971,-0.002114120284235682,0.14028627979422517,0.14556840960954273,0.937224070167719,6.201357290960733e-59,1.7261269692486042e-69,0.05287968571091575,0.773084219471908,0.7304279963355442,0.4472552587538373,0.007472107564107052,0.0051045230918430615,0.2848583802631489,0.4992493507824163,0.5018069299700266,-0.03493258135101711,0.21770983272863806,0.23841792160491915
2024-09-18,252,0.6965131649138927,0.6903447333064515,-0.0021098679332400834,0.14107965793915794,0.14671936445078992,0.9368299007963383,5.583771071911175e-59,1.2691192259899874e-69,0.0537013427505274,0.7696178443505768,0.7264399643756985,0.44830880611299573,0.0073377125426816415,0.004999396725870336,0.2888305158675372,0.4927273379986902,0.49550727201958655,-0.03498204977107505,0.21695782184859022,0.23741522069818743
2024-09-19,252,0.6973622543425189,0.6912110806502936,-0.0020302905168478958,0.15714320969284082,0.16302242317945947,0.9373149246794626,5.86102606484684e-59,1.2423896184778935e-69,0.06266450110202512,0.7315139369310566,0.6816205955617918,0.4519660842976072,0.006856397858713604,0.004513753753225282,0.300084904777438,0.47574659394946406,0.4776476648720356,-0.03503377514263587,0.2164601792057221,0.2347344662528924
2024-09-20,252,0.6960790113120867,0.6899017554444462,-0.0018842933997400564,0.19078208134013852,0.19899700123038122,0.937548355365102,1.0065440068851904e-58,1.3426270933814974e-69,0.046625266738048454,0.799517396433432,0.7609811991013804,0.47498324853232643,0.004539280903028442,0.0029277607249597105,0.3240945325485621,0.4423928044168012,0.4433861237391308,-0.03657763417104318,0.19820937766657876,0.21312307092360905
2024-09-23,252,0.6941987841489239,0.6879833122820321,-0.0018103158826130606,0.2108115735383715,0.22291793187669795,0.9372757973419774,1.8489704370111528e-58,9.730077568021264e-70,0.04714286501554313,0.7980718830392137,0.7591542192923106,0.4870695719186042,0.0038841383950077436,0.002522159425698552,0.3520893922013412,0.40530378083312013,0.40607873620054036,-0.03808780509603,0.18285172371866593,0.19535555529753112
2024-09-24,252,0.6937221806367778,0.687497021706631,-0.0018769082013079396,0.1951733575021314,0.2045888841749557,0.9369859913451439,2.181190464920716e-58,9.054446487409505e-70,0.049388514747596146,0.7888930556192613,0.7477412400645177,0.48341275612118245,0.004186677795795086,0.002688028431934392,0.3690338930732231,0.3825782382818922,0.38629148296381144,-0.037602186145304375,0.18901618068765522,0.20100135978054134
2024-09-25,252,0.6941838170958303,0.6879680410205423,-0.001966820224960521,0.17499580706139606,0.18199148271725074,0.938566536255992,1.6812572620470407e-58,6.077532613174632e-70,0.04562148478088421,0.8047726699873937,0.766267782620931,0.4798044821375877,0.004446953353774065,0.002757770749502794,0.3312424833994071,0.43157158322912126,0.4309450301110417,-0.03750443721507973,0.19033299333073087,0.20295479136406758
2024-09-26,252,0.6949342453521746,0.6887337218837228,-0.00207337304794585,0.15311473799769584,0.15983150856906325,0.9369984760380174,1.6236156919690308e-58,2.1610560725255178e-70,0.04827611580864952,0.7935469945434988,0.7528799840522222,0.4868070656733339,0.003935259052505026,0.002347192226040156,0.3381163588914859,0.4211516320044165,0.4200615205467445,-0.03886956969133317,0.17472732481564032,0.18607075630856273
2024-09-27,252,0.6936467487008826,0.6874200566013071,-0.0019895329099627905,0.17207808231013635,0.17657693476881053,0.9388239089288332,1.6614354860049882e-58,5.6691222609912334e-70,0.057060626058403785,0.75754771041006,0.7086847826365477,0.4728719108383121,0.005242179852785569,0.0033046337082654072,0.31118590054235706,0.46006222835089194,0.4601115237676938,-0.03547061194775009,0.2149035310247263,0.2305045322918139
2024-09-30,252,0.6944130820441625,0.6882019658255479,-0.002041185198157343,0.16075737208076707,0.16447097384403597,0.9376844588655624,1.0578150428683475e-58,1.1700573253971444e-70,0.05787717567401501,0.7539005575502683,0.7040660239256219,0.4816156002658822,0.004571830429456176,0.002885529623522564,0.3376134129836735,0.4233528865184494,0.42248681688101064,-0.035085199600501965,0.21961098881962107,0.23594083462174953
2024-10-01,252,0.6969611123915023,0.6908017854075897,-0.0021999309347490938,0.1313921247235308,0.13419367748935632,0.9399999034228563,6.769632201727812e-59,1.823693440670483e-71,0.05530653747869457,0.7646386881207893,0.7169164676120718,0.4723558825243936,0.005251987372067405,0.0037398793274580396,0.3084599525685834,0.4629979937997306,0.460714541410176,-0.037478413770862244,0.18882212794666905,0.19418784431317215
2024-10-02,252,0.6969279437762179,0.6907679426334581,-0.002257566384406238,0.1219051234171165,0.12472076101076626,0.9422556648234057,6.649169564036707e-59,2.8725802904122967e-71,0.06709288013869258,0.7175946482358093,0.6591666574804247,0.4742029306650825,0.005158576067255492,0.003347721067264178,0.3134369327435336,0.45839182172953785,0.4618313200309866,-0.035384234898573924,0.21585465605066617,0.22295024031385102
2024-10-03,252,0.6970233663336451,0.6908653046737598,-0.0023132309331477473,0.1135158464521941,0.11777754484244345,0.9416830440128112,7.330024898196612e-59,1.648916923726702e-71,0.06767492252388543,0.7150658536325598,0.6548156888659941,0.47394317652759355,0.005158267787472242,0.003332590324776745,0.30715948993457487,0.46630650853281974,0.46855298620077857,-0.03645287756110203,0.2004223015882824,0.20325863548018552
2024-10-04,252,0.6980603064285884,0.6919233207868931,-0.002220609998752514,0.1283386208317267,0.13110340067125414,0.941870385978632,5.933906021075066e-59,1.2088117464095685e-71,0.07582671680980149,0.6820924836596844,0.6164464132888925,0.4673677506802946,0.005807017060544162,0.003872769284158975,0.31013189997446766,0.45960821364434157,0.458377015809336,-0.036727639355249496,0.196639428187633,0.19860609080043945
2024-10-07,252,0.6974908796013926,0.6913423202436972,-0.00216328440544916,0.13909758936604705,0.1402182536421416,0.9422754147308254,5.528404847009982e-59,3.72792160631591e-71,0.07693699232005599,0.6777970809331025,0.610832870802544,0.4649600628736983,0.006121587716041582,0.004271542574948705,0.30041755373972645,0.4756903050526897,0.4781122491937073,-0.035360747360822516,0.21011643653193385,0.20831600599505107
2024-10-08,252,0.6968098519472932,0.690647450564108,-0.0021010411751120903,0.15049443468410292,0.15040852693058004,0.9415637015525862,6.602719255365992e-59,3.568729707977345e-71,0.0839641130726741,0.6504570755395431,0.5798141857161532,0.4557482117202536,0.007002706505891,0.004900437635068367,0.29720099078736817,0.4807553612723774,0.4829707349072293,-0.03532855296645558,0.21088278798338642,0.20885952919283235
2024-10-09,252,0.698554161052949,0.6924272131068707,-0.0020252667351960416,0.1636109492214311,0.16393742746576134,0.9403232102240731,3.4538097285969203e-59,4.1489797241109344e-71,0.0926027485072868,0.615976993328628,0.5413797810767842,0.4730212985406657,0.005090938858917007,0.0035433954373354686,0.3126431729556334,0.4559253747283296,0.46005054073519724,-0.03411821667248908,0.22524568015610427,0.22691816365662654
2024-10-10,252,0.6982538401925108,0.6921207881639033,-0.0019721202441714434,0.17512599153047292,0.17555662141127515,0.9398368840455897,4.290382166133032e-59,7.411383075695642e-71,0.09182819707890659,0.6190665983945591,0.5450604187957142,0.47640275888694356,0.004789266531378839,0.0032705662089528957,0.3151638084767939,0.45256536273635795,0.4565876686176812,-0.03433512009760032,0.22268953306187073,0.22420763621787798
2024-10-11,252,0.6983101049207145,0.6921781964841438,-0.002074056560145628,0.15450413912530306,0.15507213324804206,0.9396033998349302,4.944380785298917e-59,3.958265351905894e-71,0.09276278379492355,0.6156319158777005,0.5399884714510719,0.46168483954024775,0.006093876256761136,0.004212289556951993,0.3057661843249259,0.46629772588590457,0.47041528692899204,-0.03342838084054559,0.23576581696592452,0.23971187240821412
2024-10-14,252,0.7009844623521517,0.6949069107739434,-0.001952754355451289,0.1810303429824269,0.18091584924638238,0.9437511706660555,1.6367254294875008e-59,5.6156191232574e-73,0.09899117518705808,0.5925739348134165,0.514471770316677,0.4608908645909384,0.006276487874721403,0.004234468831107172,0.36235957133119373,0.39088558972429843,0.3961810668700183,-0.03284886119763101,0.24475510692903643,0.24442637245212295
2024-10-15,252,0.7000389804027793,0.693942211711779,-0.0020317880589264974,0.1640672618977505,0.16217534852781834,0.9424059365162161,2.7211937342291465e-59,5.503093908768296e-73,0.10872060487739767,0.5568821344361989,0.4754225884918204,0.46007475767424993,0.007943931754331017,0.006802258695780777,0.36827367062225813,0.38566480652274726,0.3946282003635492,-0.03251456407503935,0.253465447119841,0.257648173935603
2024-10-16,252,0.7008788699979565,0.6947991722336873,-0.0019564201631149538,0.179328241497134,0.17453531338287676,0.9462989398469115,1.5199684982891226e-59,2.7916803653502983e-73,0.1032768485281391,0.5759917520101414,0.49894137027950425,0.443963357057263,0.010286060205004126,0.008823009541544117,0.31862899989211546,0.4520000204790331,0.45688406544013593,-0.03440226451213209,0.2266255715739326,0.22914027843933515
2024-10-17,252,0.7010523179202989,0.694976145520305,-0.0019028085280085295,0.19111162841612478,0.1864498957469355,0.9462613533223744,1.2775961202948363e-59,4.4343105911674766e-73,0.10406415194133502,0.5726524865255248,0.4958159539989333,0.4430332783044493,0.01026816401257299,0.008816394098566178,0.31663039829838113,0.4537364536504901,0.45872087663161354,-0.03382818786035447,0.233892410997752,0.23896187932052826
2024-10-18,252,0.7011254492647745,0.6950507632742211,-0.001913737240876849,0.18844432884279802,0.18480019510516976,0.9462364882121436,1.306278148503504e-59,5.2661448645881535e-73,0.10433493783726723,0.5725072311238024,0.49587095937387493,0.44280484934905673,0.011048588159122647,0.010317841133541344,0.31994889965192835,0.45018155684854455,0.458338273251762,-0.033640160839676254,0.23606524703321408,0.24114930820817104
2024-10-21,252,0.7000071816034664,0.6939097665954068,-0.0018165868119533353,0.21268898290198934,0.20808192360008426,0.9454277376642125,2.281674564867415e-59,1.2164163721027632e-72,0.11280051613563467,0.5421176061487527,0.4622363264192222,0.4531726257781764,0.009396967000982224,0.00847652525593783,0.3598084913882997,0.39461037977105096,0.40307531573353683,-0.032057981038926146,0.2607646584835631,0.2695010556782538
2024-10-22,252,0.6991255747817775,0.6930102409358787,-0.0018547739834771702,0.20432507227071875,0.198853185262569,0.9466616638270111,3.415545212304042e-59,3.174752884867058e-72,0.105157283139336,0.5737118669661754,0.49928997523184115,0.4471196136913488,0.010430422473212542,0.00927462388306523,0.3457793094302038,0.41378080729095446,0.41992920475408113,-0.03250521009329868,0.25583522514552487,0.2631097863193783
2024-10-23,252,0.6930884188415554,0.6868503785741074,-0.001953519060838394,0.18137705167540868,0.1745810210009756,0.9486774435732404,6.171804995324142e-58,1.4405563911136623e-68,0.11697395840641299,0.5319980519314094,0.4570346424879812,0.455490477002823,0.009250487546860075,0.00799405323282883,0.3308881563344311,0.43842539782171097,0.4420953979889951,-0.03188022887945454,0.2661988587343337,0.27371830794179397
2024-10-24,252,0.6931024286936729,0.6868646731793167,-0.0019478096557200369,0.18273819301975983,0.1768858729306143,0.9482091651322468,6.150997450193086e-58,1.1204139743183299e-68,0.1165785995175572,0.5333306973847054,0.4574668054862173,0.45583973849854215,0.009199092317884438,0.007843335222785155,0.38297178384699676,0.3736271598542029,0.37952260447120467,-0.03302441724668249,0.2494442758028851,0.2525351597356147
2024-10-25,252,0.6940254200573878,0.687806424530099,-0.0019366801701379787,0.18639553915404555,0.18335831657538293,0.9509213115691164,5.027635405729091e-58,8.352901314997591e-69,0.08779400466296015,0.6414941425325824,0.5830209230371073,0.45677576525469343,0.009148160117211366,0.007737220653026199,0.3715882819331886,0.38770706567431734,0.3922936885432802,-0.035960556512269114,0.20867973017513727,0.2046912339612298
2024-10-28,252,0.6970078881051335,0.6908495118471077,-0.0020377119415057885,0.1645849357444014,0.1611978172484404,0.95222302087825,1.72311751883586e-58,5.1489034626136957e-70,0.11246632664855437,0.5537893340702855,0.482049843326705,0.4549545528154066,0.009298601611641257,0.007938453933695595,0.37773755583330393,0.37903105048197394,0.3837878683143774,-0.03372312498852505,0.23897946341661536,0.2341158633543129
2024-10-29,252,0.6969718925287391,0.690812784653307,-0.0020599691544899903,0.1605492848639914,0.15822044493885234,0.9504849941237585,1.9298907231348955e-58,2.1101199949517675e-70,0.11124756955793726,0.5586088209668988,0.48749341313458294,0.448981139537211,0.010180923936419605,0.0086127530426811,0.3718327920410957,0.38669490792135597,0.39113145138959693,-0.03381812530284325,0.23835030669468957,0.235362439286945
2024-10-30,252,0.6963249977436443,0.6901527416002224,-0.001997021864458389,0.17402418001953512,0.1698959182557559,0.950464946372916,2.2168337090312607e-58,3.030126505173485e-70,0.10838850996630002,0.568965946861808,0.49924125392783547,0.4522625922572474,0.009680047560181641,0.008151113895589656,0.3585123617595401,0.40483612986452167,0.410454015490092,-0.033543296274379526,0.24280923990777678,0.2407683182586522
2024-10-31,252,0.6984661986369276,0.6923374628368651,-0.0020469302989989157,0.16252717855263768,0.1555700304280061,0.9506410272587331,2.258143452877793e-58,1.319318752325325e-70,0.11706362137155177,0.5355154818768475,0.4592067282060507,0.46098800410890245,0.007826159197396805,0.005856700667082638,0.3743354255485304,0.38443298700932804,0.3874140543521002,-0.03350741841990106,0.2449986130330081,0.24227543793982265
2024-11-01,252,0.6982786925032405,0.6921461456028999,-0.0020001256723382764,0.17210897383271698,0.16488417598232352,0.9502449909855768,2.126702919713584e-58,1.1729927294733869e-70,0.12112337721958466,0.5222913052555216,0.4459664302045149,0.46005409282034465,0.007975562823146824,0.005959919434895047,0.38615189297379526,0.3692969680375082,0.3717854561337137,-0.03381262907677799,0.24044911193470092,0.23677494757474637
2024-11-04,252,0.6989891764415264,0.6928710702716387,-0.002042297745839384,0.16312595012952322,0.15728170058677432,0.9504357707480596,2.6063834963968456e-58,1.262134772598814e-70,0.13375287292763718,0.48047200900070397,0.4023790858159161,0.461881596891228,0.007774641013168241,0.005857869813350123,0.3865192533628805,0.3707217067838161,0.3788807840304047,-0.033227721992670906,0.24877483272988576,0.24466649617903857
2024-11-05,252,0.700067402598797,0.6939712115947074,-0.0021926061294170124,0.13377993483220013,0.12674517101978727,0.9520671330275754,1.593345306860759e-58,3.661869475785602e-70,0.12403308718398125,0.5120975999765321,0.4378062108254216,0.4767090064226636,0.005996375793893246,0.0047861887614276104,0.4925649936853295,0.2599463314983349,0.27850879375796955,-0.03268197901892,0.2556008826372782,0.24933489880469117
2024-11-06,252,0.7089429544163425,0.7030271608069185,-0.0021984910489376416,0.13254520880716908,0.12276741531956624,0.9568714769535765,3.1459577481244857e-59,5.209213121733691e-73,0.1347704174064197,0.4752751000057782,0.4076085320412156,0.4584119458100376,0.007753984421211355,0.006843149411046396,0.610450585133242,0.15119683591421793,0.17906716771347353,-0.036392417852531694,0.203652844141417,0.18580979621704297
2024-11-07,252,0.7052898235005243,0.69929977926273,-0.001966548459198484,0.18282889399484997,0.17276412240080763,0.954588913168544,2.3358599840693138e-58,3.988771016493502e-73,0.15964401696260988,0.40338314545122866,0.3317040378266053,0.4662649583851261,0.007387932130681089,0.005477087495296001,0.5556494546408459,0.1951870233058244,0.20897125615849943,-0.03660709782418826,0.20600750346077565,0.18770053412455823
2024-11-08,252,0.7050605085668545,0.6990658034564248,-0.0019004557355679034,0.198690749405626,0.1906896553351839,0.9547827646616115,2.6047636954125053e-58,4.0775601613646916e-73,0.15865503734811334,0.4068470731383498,0.3351427224629824,0.4650923772548358,0.007718737075472574,0.005723092599309794,0.5753376618175131,0.17930053220986847,0.19322689422592543,-0.03694415760919839,0.2025023982582737,0.1839112480913797
2024-11-11,252,0.7259870878210841,0.7204177196873663,-0.0021940985291859835,0.12528963683696215,0.12892384716857547,0.9439024670636109,2.9779140459842686e-62,6.254262216939225e-87,0.18847911328578426,0.3091613068752618,0.2292925400304051,0.414908946417968,0.01268698186735387,0.005906030869976802,0.4634182249069573,0.264538240256791,0.2676346100168294,-0.03944726254453166,0.1596164107930408,0.15630833069217184
2024-11-12,252,0.7274231466020213,0.721882966654908,-0.00217981566933528,0.12718983395016767,0.12489747153759118,0.9444469287187945,2.094051342563222e-62,6.027089455196998e-87,0.2199464591607262,0.236849378650615,0.155576947137217,0.37976844304736623,0.02360341345173807,0.009891941595842935,0.3963866122602067,0.33870305614505525,0.33688833434774834,-0.037758861319888884,0.17742701995913784,0.17559853927796631
2024-11-13,252,0.7238054481652232,0.7181917377620773,-0.00242471317306287,0.09186537727234355,0.09158498250867632,0.9421196507903271,9.50166769641018e-62,7.200189556825406e-87,0.2430907030198841,0.1932601168881357,0.12262258948116919,0.38690821115292234,0.02200127464842276,0.00881758720087448,0.36572478339848014,0.38016904386683514,0.37933164686137577,-0.03433016168265575,0.2220495192046851,0.2250408002511879
2024-11-14,252,0.7246369721118306,0.7190401626019085,-0.0023660980862961235,0.09928702288833012,0.0979252881619237,0.9397785222900148,1.486464133418414e-61,4.2150994694234654e-85,0.2594694393287294,0.16741807899574543,0.10320669201726261,0.3783406811390123,0.02525697538309977,0.011074494452927672,0.2922450376914796,0.4953555247120983,0.5044918161475702,-0.033434085578936644,0.23405066346645412,0.24126765829725993
2024-11-15,252,0.7241350154756174,0.7185280035950405,-0.002365105063886681,0.09891845518324921,0.09858421678792982,0.9406900323175419,1.042641688962614e-61,1.6451521285723158e-84,0.26950907563857546,0.14924668968127652,0.09231781235029318,0.3794839947972858,0.024744412498411122,0.01064162729050814,0.31100578025453013,0.46829098049111395,0.47821036893304814,-0.03338189314413985,0.23445072697455974,0.23952427918770458
2024-11-18,252,0.7207995666629048,0.7151247611072729,-0.0022213195959096617,0.12269547656500741,0.11926494895027329,0.9379324472908424,6.086527495017755e-61,1.0509919439064975e-82,0.26910135136504193,0.15155082070168943,0.09342866402033578,0.40573748565118123,0.01678524878025397,0.006953851529911315,0.2991343124154896,0.4872417870644734,0.49677162684009335,-0.03433552916661124,0.22317396570428555,0.22648195729857623
2024-11-19,252,0.7159544424141103,0.7101811587233402,-0.002290553396063361,0.1159404360860949,0.11141573887760173,0.9349717025262266,4.709338354790043e-60,5.860659392214593e-82,0.21880440703852205,0.24546450370882392,0.17049860757683588,0.38932903085509063,0.02317235115739121,0.009247809195283476,0.26375871207516544,0.5467351847350834,0.5542285206324495,-0.04240649996900829,0.13448057086573517,0.13872928036245713
2024-11-20,252,0.7133563724527834,0.7075302824619862,-0.002399103215392686,0.10144833416780215,0.0971048832410022,0.931700385471256,1.3360408353988302e-59,4.662527124790984e-81,0.2087426909799523,0.2700388213744431,0.19344911475593551,0.37074298147222484,0.03072170059604938,0.012941977372730624,0.20758466609868617,0.635368181618074,0.6446450935901755,-0.04507858113397629,0.11249680078598977,0.12162210264444343
2024-11-21,252,0.7120983382190323,0.7062466784267363,-0.0022597146475365707,0.12655846809323473,0.11911784307065444,0.9380656574763719,2.0694200340813168e-59,2.052964388572465e-83,0.19637668893196297,0.30414130745997664,0.232212729209748,0.4013449827649703,0.02048713790541253,0.006587144122530833,0.2749358897524335,0.5329385574500569,0.5332639014291717,-0.045823817863900475,0.11034803506858273,0.11628312213149677
2024-11-22,252,0.7096835480030954,0.7037828071088494,-0.00242003070189722,0.10192678165443646,0.09513660410091702,0.9358603344147158,4.174251828493178e-59,4.2638462476455164e-82,0.21250765204312175,0.2646591415996613,0.18459033368707078,0.3818148066656607,0.026149159981744174,0.008789762657846076,0.2043497873045592,0.6409157751520628,0.642215900233128,-0.042215508198255626,0.1386262802159187,0.1401745441046477
2024-11-25,252,0.6913869676916495,0.6851143450837562,-0.0016739821322146054,0.26945265162539767,0.2863640775296048,0.9128111019238836,7.358712537471321e-56,7.683172158076622e-72,0.20498279610541056,0.29770303540194326,0.2021702713949879,0.17346965101575684,0.3014244491274485,0.4511457861810241,-0.18097790714888662,0.6826101005383678,0.7453281520825079,-0.05142645585428629,0.08011374812570936,0.09673204931207577
2024-11-26,252,0.6911835044154864,0.6849067463751508,-0.0016821472369225633,0.2673772232138313,0.2780177717876815,0.9134444376660013,6.359881463150577e-56,8.39011464741241e-73,0.20208628911299753,0.3046320539616355,0.208610400726718,0.17366690613936478,0.3010494050702315,0.4518393473598671,-0.19836141143482067,0.6540851786914097,0.7245445424227397,-0.05103921347614751,0.08245774257385495,0.09901023199731199
2024-11-27,252,0.6904226365294854,0.6841304136947188,-0.0013992727690211521,0.3606557405124632,0.3906757639442433,0.9221254985056021,4.873903025272123e-56,5.0753676713257936e-77,0.16080596854434842,0.4170345502052426,0.3311885995478785,0.17239167670368213,0.3107145346869154,0.4565248565244834,-0.36703151894236474,0.4071105063143612,0.5648366481016404,-0.05411860189513591,0.06834466936373713,0.08611295983033936
2024-11-29,252,0.6877835124148814,0.6814376488460783,-0.0015079737924053793,0.32681875573183194,0.3441153903500873,0.9215280650539424,1.0908545469489103e-55,8.535954946988341e-77,0.15733769341841164,0.4292095721428396,0.34311324987769176,0.17035940816595269,0.31869924488280904,0.4654589168079555,-0.33419476574822615,0.45186879195108687,0.5916360630305462,-0.05335991021475649,0.07356027830961612,0.08945907597462358
2024-12-02,252,0.6863668394008072,0.6799921816650514,-0.0014723465217388598,0.3396676228426774,0.36038219075741684,0.9191010730725253,1.9998346110669768e-55,4.168416631280194e-76,0.1811835972389792,0.36238492289198,0.2644620134283756,0.16271819623583783,0.3418046938838101,0.4890561500088222,-0.31209196537769496,0.4836903882955794,0.6072911027567947,-0.051480238284588344,0.08479175950871522,0.09990592288308148
2024-12-03,252,0.6863913125488441,0.6800171522347962,-0.00146898469965215,0.34041530475572035,0.359020751698537,0.9198837391811637,1.8475297964944045e-55,4.375768030240902e-76,0.18010161285910894,0.3650883976543218,0.26734606321612875,0.16897594361479326,0.3254045519337897,0.47539083179723063,-0.3118367041780554,0.4839572861083925,0.6079405744242256,-0.05157653785098074,0.08413981027092364,0.09905272380161856
2024-12-04,252,0.683053035422484,0.6766110239473313,-0.0014187634934590206,0.35959112634313395,0.3794562010260273,0.9200518459933857,2.1972654069306878e-54,1.9146035904376143e-72,0.20944795077190742,0.2921957842250294,0.20046883018303419,0.17838062860354487,0.3061050532041132,0.4581712848463566,-0.30610344755284724,0.49349355508445025,0.6152375133331868,-0.04821241037598729,0.10617822983027396,0.12431587832017196
2024-12-05,252,0.6833611563527706,0.6769254074981521,-0.0012652736187794486,0.4123560854801862,0.42891798490992195,0.9222039620447123,1.9833448332792162e-54,3.896750737501595e-73,0.20668627288088715,0.29808499842886377,0.20469058178354382,0.1649330514925014,0.34015441591137985,0.48289294109050185,-0.3204842044629955,0.4694224396042115,0.5862590608184988,-0.04853385162841055,0.10348383245375607,0.12067477468439892
2024-12-06,252,0.6845844881648113,0.6781736037779172,-0.0011361460628553739,0.46179933760084724,0.48128697617704064,0.9229083485131818,1.4894960071477838e-54,1.850522909374627e-73,0.1993480435139752,0.31595580300487286,0.21574303702669306,0.17475013394818975,0.3122706514801675,0.45744214093137503,-0.2975775039710419,0.5011237994739871,0.6124152443801458,-0.04966576221596494,0.09567613439134243,0.1094976643031016
2024-12-09,252,0.6910991069722987,0.6848206335367764,-0.0014996919026179132,0.32839387231420736,0.3526673973024804,0.9296548766745854,1.6516091223134557e-55,3.5933451844113324e-76,0.13439395258591627,0.4977550254015468,0.373635196549847,0.17302948852245986,0.3127811280845005,0.4676190596045091,-0.2229448977264802,0.6130632355741038,0.7009155973315272,-0.05943298280912913,0.04468924557543229,0.04430776893583351
2024-12-10,252,0.6916137866203549,0.6853457741532889,-0.0014764147705826182,0.3364414585290596,0.3621698455614827,0.9309776514717452,1.3075352897540836e-55,2.2958596011039578e-76,0.1370924743189736,0.4889290833653479,0.365749233187737,0.15003405947644827,0.3812550386010549,0.5279320294199776,-0.2303963924849839,0.6006872900748943,0.6887582827022039,-0.059862381372277756,0.04328601873578208,0.04274552078871068
2024-12-11,252,0.6910610777062905,0.684781831318207,-0.0015131801214900388,0.3257425060370115,0.3563238926181326,0.9340800071751776,2.345534126428049e-55,7.472827250185472e-75,0.13795944311294642,0.4849844582430868,0.35516639431498354,0.15959681070710574,0.35087389352375953,0.5008797738717109,-0.2180147172649408,0.6189997235072012,0.7015903172864115,-0.059583031872403464,0.04394192065973708,0.04168087961767447
2024-12-12,252,0.6896750883177543,0.6833676714136436,-0.001273711331812674,0.4084453881554345,0.43382661980077264,0.9329759383709212,3.94998400925379e-55,1.2650577727744805e-74,0.13162845227422795,0.5059954144507779,0.37837843086703793,0.1316369290856116,0.43977583873290127,0.5757083565539676,-0.23564037811274371,0.592158812459758,0.6776920493386258,-0.060774294015294765,0.04039621985844554,0.0386308598639136
2024-12-13,252,0.689414722228574,0.6831020133307808,-0.0012608206744990733,0.4126024425415974,0.4369831987720969,0.9336167786714658,4.023540108164718e-55,1.2435419924926709e-74,0.13806646098646802,0.48719635429383334,0.35504091929145876,0.13030986290213126,0.443278728270473,0.5770571781313607,-0.2606009775627586,0.5592780928768708,0.6538265939792457,-0.05989694096133274,0.04400045596631145,0.041556990144248775
2024-12-16,252,0.6893324430032401,0.6830180617634687,-0.0013698055435589639,0.3737578537833969,0.3994365173922335,0.9308854890020172,3.941589773746206e-55,1.8602895818641992e-75,0.1172960417911286,0.551332128425605,0.4291325849675365,0.12083817700123967,0.4792339922700243,0.6052908088962556,-0.20995927354151386,0.6400975398380948,0.7170912717289641,-0.06382489089546763,0.030147716647552066,0.02779074426996487
2024-12-17,252,0.6882919181532432,0.6819563880344066,-0.0013714333826011238,0.37344890344704273,0.3977042722053099,0.9283519857169571,8.373967280566524e-55,5.350506780567815e-75,0.11547393126758691,0.557533818623823,0.43855143602250235,0.12261442565745187,0.4728491649452963,0.5999460741579788,-0.18187933895765163,0.6868318396548927,0.7543571608670914,-0.0656820348239088,0.025406835717484793,0.02367303159073396
2024-12-18,252,0.6912098183482043,0.6849335951438995,-0.0013142612695715827,0.39485432430671574,0.41928175115140154,0.9292306351918482,9.205709818030638e-55,3.0964231938136595e-73,0.1544969720629601,0.4277981202106603,0.27012172534341816,0.13183013156489648,0.4402770052195144,0.5738649105055985,-0.10691574992884559,0.8102756318741139,0.8513994484464543,-0.05267008759049371,0.05030403323682972,0.02715000588673832
2024-12-19,252,0.690845612850014,0.684561987094933,-0.0014982123889255817,0.33258866659651765,0.36010447321186423,0.9334806861853061,6.015724205603277e-55,8.120273513909743e-74,0.1873132689173504,0.3363026453242707,0.18477630157147562,0.1584087976221588,0.3533623601567425,0.500158457950052,-0.1351486870601453,0.7627143440074086,0.8149559013791414,-0.045564317569877624,0.08670333522194176,0.0695223988495748
2024-12-20,252,0.6911399472674256,0.6848623039192026,-0.001473127596093574,0.3393466787582565,0.3679517514150743,0.9354241191793551,6.111376574163541e-55,2.1919851656394615e-73,0.1840754090628062,0.3410890982711233,0.18596794415689233,0.15748835323838914,0.355382787784427,0.5044667266467244,-0.12570275246811533,0.7777937065501797,0.8260395608914977,-0.04476891396928281,0.0826729272443982,0.05863147138444644
2024-12-23,252,0.6912143550760423,0.6849382240816531,-0.0014681091542371716,0.34073453297410317,0.3678642266959561,0.9338487762321607,4.2930291509849805e-55,2.52655671173772e-74,0.1783938018668716,0.35789702886680774,0.20566439878942155,0.15775495504147835,0.3546165472901073,0.5047004242896134,-0.09393388866196736,0.8335738186916868,0.8707095801696897,-0.04617823970560309,0.07358875946454385,0.04901290854814653
2024-12-24,252,0.6916606681468265,0.6853936085563148,-0.0016958778517430573,0.27056352405703643,0.29751705538972884,0.9327119590526969,3.61271494557774e-55,4.70881856464952e-74,0.19357662762579336,0.3177286995209016,0.16692974296822294,0.1434361495244408,0.39953337078652496,0.5416477661518396,-0.10954532516247059,0.8059010678613847,0.8488594872866484,-0.04185103111890804,0.10273352370202699,0.0764007006136518
2024-12-26,252,0.6915306002889894,0.6852608970428307,-0.0017232919495272056,0.26346867057821,0.29346990027910946,0.9332224507716689,4.557171730628359e-55,1.0760239328716048e-73,0.19490392723891714,0.3151985240288605,0.16354501289914192,0.13743213973926904,0.41964601983177785,0.5582477662100709,-0.11344423529390041,0.7994817084342143,0.8440140179625644,-0.04202474614405234,0.10156451004032975,0.07430721925421205
2024-12-27,252,0.6914084387056041,0.6851362525004334,-0.0017729420465263446,0.2475163259988451,0.2738838691371309,0.9307441796397088,3.849825284421618e-55,1.1102489817873162e-72,0.19719271046272957,0.30710611511323005,0.15712754786490013,0.11328818392688594,0.5036321557975656,0.6262675138464698,-0.08465431623642629,0.8491751591781199,0.8815180691927927,-0.04041822467033493,0.11403164943580389,0.08361380329549244
2024-12-30,252,0.6891974450504297,0.6828803199498287,-0.0016630828892700295,0.27946287834297867,0.3073558981843004,0.9307695416295019,7.29678048420937e-55,3.4335158287189286e-72,0.18861589324607925,0.3299474683355398,0.1771982636706375,0.10922296375015922,0.520436335617363,0.6389561295891557,-0.08770489441298165,0.8443956901528871,0.8774197349477573,-0.039787268804264,0.12098151616226999,0.08836084963269332
2024-12-31,252,0.6886485290814937,0.6823202471522558,-0.0016845628377986682,0.2740210119688917,0.30227333351434704,0.930088478031316,8.769804230848756e-55,5.12013579383863e-72,0.1957456412005284,0.3107527296848485,0.15869973138716742,0.10072090393862662,0.5524876981379374,0.663782811664659,-0.1047936982423568,0.8141719551577555,0.8527374907865071,-0.039193988816885544,0.12635593227800704,0.0951024787457819
2025-01-02,252,0.691113199206286,0.6848350121982837,-0.001587380935614285,0.3012991410532139,0.3310412473405644,0.9392605891019232,4.542596786165903e-55,8.644267213481819e-73,0.16603744220039923,0.39150588775383643,0.23170021830526233,0.11581891560906785,0.49086939695716025,0.6172381780107596,-0.00923399808013603,0.9833675188060729,0.986773795593643,-0.04002070069589487,0.11747007920439585,0.08149888224199475
2025-01-03,252,0.6880722899875726,0.681732295881629,-0.0014092390765083024,0.36014099061698324,0.39162481520823134,0.9369436029200291,1.3364139272403987e-54,2.8626321294539662e-71,0.17529319430898463,0.3661898596957791,0.21175209377077364,0.09447743589202681,0.5751868329923356,0.6822602135266924,-0.05084681937257307,0.9084562860911578,0.9263242026392602,-0.040679912914985156,0.11232585603984925,0.07968274797408133
2025-01-06,252,0.6874668773332531,0.6811145780920591,-0.0014665385250210532,0.34144617631956886,0.3701836471881844,0.9353798312654482,2.103705383513557e-54,9.474064824582532e-71,0.16597905987422473,0.392165666325598,0.2356934907679462,0.10199982018329967,0.5445955843396013,0.6567473139605066,-0.015227440979498963,0.972326541247498,0.9775425630340647,-0.04180182325628562,0.10238950500265226,0.07061673704894142
2025-01-07,252,0.690930860311288,0.6846489672281841,-0.0015937351538497777,0.30291015151483947,0.3303886581954081,0.9391004600808219,1.3514805522427063e-54,3.396404575109857e-72,0.18312047608106571,0.34589655954167087,0.19593322475498043,0.08796225676438882,0.6016265533360428,0.7007380051621441,-0.04147081331565047,0.9248813321052722,0.938545254894897,-0.04139747527284995,0.1074949135111434,0.075206843044414
2025-01-08,252,0.6930746033644573,0.6868362822946292,-0.0014809125541913881,0.3362429683196989,0.3719814457268469,0.9441040279694723,4.7651526399400354e-55,5.5285928268317725e-74,0.21996230228702374,0.2603297482832678,0.1293539423201755,0.06787634840260996,0.686820689367005,0.7664809954700703,-0.06894192900604265,0.8746227219326781,0.8971726902865557,-0.03764550286255186,0.14372173483389836,0.10532323644747055
2025-01-10,252,0.694356259664376,0.688143988519343,-0.001588992606590773,0.30187042939007375,0.33209539454433656,0.94573888626024,3.1153806118040665e-55,6.669289826155914e-75,0.22597575667723763,0.24540389707302407,0.12147358660336549,0.060095522427562824,0.7179608735265335,0.7879155512919597,-0.10575074801321277,0.8075749023202352,0.8402569483063775,-0.036759410435894715,0.1529157978700795,0.11591234624829808
2025-01-13,252,0.7031818990931213,0.6971490108633067,-0.0021195683111391007,0.15886312946254327,0.17840547526812356,0.9449895593694075,9.957172296377597e-57,3.304313377104971e-75,0.20568509716222744,0.2794186354283506,0.14227286732107558,0.10517579034074734,0.5169366002426379,0.6407729549793162,-0.04271102121207768,0.9199161109203302,0.9362003836467402,-0.0379997648699438,0.13051971363875028,0.09638069745237683
2025-01-14,252,0.7043864847209509,0.6983780799388564,-0.0021741837431475163,0.14767422945112446,0.1616618694151324,0.9463350402047703,5.833448764517243e-57,1.2107840473557047e-75,0.20483439838712694,0.2800801393087192,0.14147981135843937,0.1088373341395307,0.5019636808525905,0.6300505262296562,-0.051864953168861305,0.90204828815203,0.9219499983051794,-0.03770984843408966,0.13279653271177788,0.09831747782499296
2025-01-15,252,0.708982559428526,0.7030675707990244,-0.002260881992788231,0.13076322230910659,0.1414276247740266,0.9593670170746391,2.3886395894687167e-57,5.36825574920134e-78,0.206093463586967,0.27435748464253795,0.13918109113077054,0.08597895639614464,0.5958075852295859,0.703000480876673,-0.08344939556268532,0.842488202190705,0.8729730901578387,-0.037911023767759705,0.12894349314476153,0.09525050569774562
2025-01-16,252,0.70922774824164,0.7033177431246003,-0.0024612537092876833,0.10019016577577727,0.11029771976246894,0.9585289339249441,3.3771414246159927e-57,2.0608984247577806e-78,0.21181366628755577,0.26136813840172224,0.1342085188732348,0.07528126623916351,0.6418195352016087,0.7351738848933335,-0.14568429972774927,0.731448854851942,0.7801777856884997,-0.03895020233810837,0.11999906159573172,0.09169294796283517
2025-01-17,252,0.7103901604533013,0.7045037816007261,-0.0024211311995735894,0.10638545940725717,0.11862324014527456,0.9588322253363086,2.3751688007010022e-57,3.6262865569280156e-79,0.2138338839212794,0.25556214770880326,0.12900496914882695,0.07117953754431777,0.6611152593784599,0.7508692727666493,-0.1444045993310339,0.7332407436129434,0.7812573854417131,-0.03857653821639142,0.12335918860083758,0.09429543085541432
2025-01-21,252,0.7033665485741654,0.6973374133825834,-0.002752766024552096,0.0698111867879936,0.08250615939564085,0.9589768720568764,4.362035386950675e-56,4.84781488692504e-78,0.21473454725000385,0.2612617744195048,0.1290722851609118,0.08793053211756482,0.5931903642567717,0.6998015837805244,0.08047955831846396,0.8481266387930081,0.8832462527160486,-0.03721620897160933,0.1422885932123949,0.09423770683087475
2025-01-22,252,0.7037994475255759,0.6977791110931689,-0.002757601836933528,0.06939714432753724,0.08268032555221999,0.9594504910390693,2.8161896086862865e-56,1.2969559273100288e-78,0.21283228617530142,0.264425573541826,0.1289481189582442,0.08726056636943742,0.5959383212146476,0.701770018325933,0.07719899266228453,0.8543064317569169,0.8879358987373557,-0.03741205560317935,0.13965870223815796,0.09128480812141342
2025-01-23,252,0.6999322706531389,0.6938333330647881,-0.0025292991832788934,0.0961517961729969,0.10499681983316238,0.9542146926414192,2.1060485970611183e-55,4.1974939370345394e-76,0.2205208846638457,0.24831839507946096,0.11737235657373168,0.07750986914546734,0.6379620109985962,0.7321284112873206,0.06139091054893417,0.8839697618340694,0.9099523972406283,-0.037594067907165525,0.13816072056520448,0.09239565267074253
2025-01-24,252,0.7024663150459649,0.696418882424948,-0.0024345674611527344,0.107031477678572,0.11464452437914603,0.9536576713002339,9.891708002300022e-56,4.7730437933749787e-76,0.2226799904354376,0.24035558698040985,0.11372270472541322,0.08219452810720108,0.6159810044292116,0.7178434717875672,0.11909274260420832,0.7752307987496591,0.8262498121310012,-0.03868225292701325,0.12511769514576696,0.08215204942637615
2025-01-27,252,0.703628393883095,0.6976045807506375,-0.0024003338269682384,0.11140641913614739,0.11657185775751995,0.9538102588021896,9.45622721750944e-56,7.521304497598811e-76,0.22257359920078906,0.23893659987015214,0.10802034550290472,0.07824906081587527,0.6321441034791787,0.7284285307492231,0.10936581767665576,0.7934524255097373,0.8401530561279905,-0.03828208868782794,0.12988047883936812,0.08590474172211097
2025-01-28,252,0.7021155062289165,0.6960609433473904,-0.002485782961577231,0.10075134209225448,0.10607663518476532,0.95771032550939,6.668293461874253e-56,1.00319781133399e-75,0.20110287913287145,0.2874117843352953,0.14426729305766722,0.06107403095695139,0.7088732648166617,0.7845425211322429,0.049443436212730146,0.9057065051945625,0.9262021997032132,-0.03828666702452176,0.1313771088683903,0.08661326898518133
2025-01-29,252,0.7026335760167377,0.6965895430089478,-0.002434837118176561,0.10748374881389045,0.11393686315624034,0.9604543330897438,5.399232551751696e-56,5.362349922553421e-76,0.19430029352264222,0.3037012306741567,0.1601303849960939,0.059063698083638705,0.7177226936428742,0.7916729921688563,0.039926610373777816,0.9237054091157905,0.9404144926421831,-0.03875056494853284,0.12640367956659726,0.0838580149119463
2025-01-30,252,0.7014998028616963,0.6954327256840885,-0.0023036874446981516,0.1287832869184216,0.13558020869974471,0.9615137843294757,9.274084006351647e-56,1.3160987519016342e-75,0.19257521077186607,0.31114642258245145,0.17052961720026094,0.08554249656519475,0.5994421969643089,0.7009148392917703,0.045279014279822116,0.9138252094707503,0.9329146501210082,-0.03915251881019965,0.12493174599140765,0.08319089773924467
2025-01-31,252,0.6989092614553444,0.6927895309971197,-0.002244807342945735,0.14086213791809918,0.1494800718856573,0.9588721617571523,2.546777810137569e-55,5.263887331512299e-75,0.21037491959888444,0.2723771875100617,0.13533605680324398,0.08212205698896166,0.6156856761722453,0.7129568874875052,0.11644477272890241,0.781197602170497,0.8285195210350381,-0.037038190816581516,0.14938256514564222,0.09774665210033426
2025-02-03,252,0.6821519022374937,0.6756915750471988,-0.002541438208768142,0.1119655518279916,0.10201668842109436,0.9574946975019665,3.6819547256597854e-52,1.2959454300789339e-76,0.21264706998392366,0.293725264586041,0.14013880766916437,0.024475917055136166,0.8862181389152248,0.9118676458335792,-0.09445509774818825,0.8287660031539976,0.8635280618649316,-0.04385342959530163,0.10335821947582392,0.07189986477815409
2025-02-04,252,0.6829127838070101,0.6764679216892664,-0.0026448717550553455,0.09834671344147357,0.09039926313007084,0.9623367259626382,9.910959725081626e-53,1.4508308924506367e-79,0.20501648834812386,0.3127691465137024,0.15466367005031204,0.026180813518693134,0.8785737439043947,0.9062239456102454,-0.03275982659792526,0.9396368978472045,0.9500836938221062,-0.04330106425221845,0.10856369453453282,0.07012152258828123
2025-02-05,252,0.6813119743517144,0.674834575456424,-0.002503352015587679,0.11806587852579002,0.10469372213014601,0.9596889922199903,2.07848286754311e-52,6.4087069221901836e-80,0.19202567374695595,0.3497231672689797,0.19471711329423536,0.030456387498894386,0.8594288032569775,0.890373967284822,-0.05585226484227837,0.898282469180004,0.9163017407308678,-0.046143825502976674,0.08810225937260914,0.0637144813016863
2025-02-06,252,0.6798867516944743,0.6733803848589961,-0.0026988016817307506,0.0933333599796552,0.08226287492259189,0.9612143617040564,2.970715797536082e-52,2.193876436920863e-80,0.18620408156352053,0.3661947324774891,0.2098925849276666,0.04279869739614564,0.803995877179369,0.84586260724217,-0.07342416855190623,0.8674110649829809,0.890674609700933,-0.04589159154596576,0.09124304809372757,0.06494401916241963
2025-02-07,252,0.6801758495252423,0.6736753586619343,-0.0028544979229252945,0.0759068766230858,0.06796682849222722,0.9602886180298891,2.989421738909474e-52,1.3789363376339333e-80,0.20321321194989878,0.32297073915502317,0.1665420899898229,0.03658860384981974,0.8317024115073113,0.8676078837932487,-0.07280766696976232,0.8683309493733666,0.8915393483644457,-0.04439662460121323,0.10229099605132164,0.0730308849847631
2025-02-10,252,0.680044253511978,0.6735410879329531,-0.002823156851871631,0.07937629896024954,0.07212203804785912,0.9606039041846057,3.093711647442133e-52,2.5085495998870357e-80,0.20630826728435894,0.31605919244017844,0.15973931530614038,0.038802089849622426,0.8207108185489949,0.8580128311230126,-0.07004511853569668,0.8729825336604168,0.8948346776738261,-0.04419244963358931,0.10408525148922179,0.0745945676085285
2025-02-11,252,0.6812518087435777,0.6747731869700733,-0.0027512866776536176,0.08657087509207455,0.07858563999509476,0.9620990014618933,2.034248462049294e-52,2.834434028847415e-80,0.20749328728052804,0.31254463144650035,0.15695691484801913,0.03647655173651993,0.8310390118664502,0.8663531646422137,-0.06463254737161021,0.8823219097249577,0.9023762099271126,-0.043977907592766895,0.10527872196721692,0.0756235561986546
2025-02-12,252,0.6805996742258558,0.6741077976857309,-0.0025876201709013943,0.1076913177912156,0.09825343146943918,0.9656711003220089,2.1198277923439195e-52,1.4723850194473227e-79,0.21172248583718725,0.30635688092000235,0.15140564778991353,0.02805739970821838,0.8701940288056694,0.8971562157569155,-0.07516550907616215,0.8637427567334548,0.8865848174958938,-0.043205248858646766,0.11397144513551914,0.08281335403721536
2025-02-13,252,0.6782512320433068,0.6717116229384961,-0.0026998418191880253,0.09305693807504635,0.08294564317946407,0.9628537136617494,8.046307142250291e-52,2.1704131042031867e-78,0.20166501698985137,0.32830725003349226,0.17159933731174315,0.03210816944240683,0.8516596019655378,0.8824650516493839,-0.05325108141266702,0.9027945444637796,0.918799697851,-0.04496549585456039,0.1007004281622144,0.07307583071902286
2025-02-14,252,0.6784935668070606,0.6719588832055781,-0.0026937475704688404,0.09342129125453547,0.07986947104170015,0.9624755257595907,8.910529684438703e-52,2.9443934652051957e-78,0.207116319576796,0.3157546610691049,0.16171738394896296,0.025932902138443542,0.8788984989042572,0.9021080059646457,-0.09935545432679174,0.8186163911319819,0.8453616020408259,-0.04519295724277648,0.09908539322384315,0.0744803009997213
2025-02-18,252,0.6771452528170894,0.6705831644597131,-0.002710665616464891,0.09172355377989844,0.07929731812847728,0.9616315113535572,1.0259230147126678e-51,6.827029330326997e-78,0.20698025767278289,0.31593495430146623,0.16047774419181504,0.0297848990452122,0.8601808423031436,0.8860945544199047,-0.09032242451746669,0.8341696633374428,0.857706264282966,-0.044960329251736375,0.10078422235205962,0.07505501120636324
2025-02-19,252,0.6774702497334328,0.6709147670044375,-0.0027336145381875424,0.08880393785108646,0.07551812830155678,0.9621451071265037,8.625654017605841e-52,6.51156820104617e-78,0.20775214623923183,0.3139191034667892,0.15844227560880264,0.02635123285482041,0.8760380105393671,0.8990715251518894,-0.07270434609535698,0.8663633369960395,0.885390255049095,-0.04474844654043481,0.10226302039113074,0.07588217246002608
2025-02-20,252,0.6775512363832207,0.670997399724343,-0.002722228860215736,0.09009086588233532,0.07669652686849503,0.9620561349760243,7.738849079643225e-52,7.6163488023736755e-78,0.20535051958458955,0.32021232482630335,0.16451901259145152,0.027359446559233835,0.8713702670391972,0.8954114830890716,-0.06478115679611939,0.8797933353902454,0.8963628578644648,-0.04502061000458616,0.10039529171527307,0.07381847244862111
2025-02-21,252,0.6874991358755751,0.6811474922958104,-0.0029820701150504976,0.05814978433733853,0.047581951113640136,0.9584961945944268,6.583118992412436e-53,5.637965591781925e-79,0.22029585712885388,0.2757567541317672,0.13529967866345746,0.006054280100274853,0.9708535131112365,0.9766481800003877,-0.020534934647594573,0.9609835048582063,0.9666635645890802,-0.04717561566748582,0.0790844562465456,0.0612337099153297
2025-02-24,252,0.6894556244121169,0.6831437468595177,-0.002972371695240522,0.05896467228761735,0.0485615702469191,0.958515668023299,3.999883381767798e-53,4.518441774367393e-80,0.21991003619545896,0.2758893076988332,0.13509000315258088,0.005453837086463256,0.9737410590490099,0.9789998713335227,-0.02142731354578984,0.9592958368752731,0.9652449022826631,-0.04723573513926896,0.07852204373294727,0.06098811527482555
2025-02-25,252,0.6879677897346346,0.6816256716398101,-0.0028282273273125364,0.07216110836120757,0.059371380520092866,0.9571860510847078,9.40091837548816e-53,1.361355910405798e-79,0.1948652291291847,0.34354475151837605,0.1986719242334679,-0.0125113414409279,0.9396870257982373,0.9509914896823329,-0.05583112017904207,0.8941732101575554,0.9084344761226473,-0.04947901577574561,0.06713438570012371,0.052240689632757104
2025-02-26,252,0.6901527569126701,0.6838550487198383,-0.0028762030645280525,0.0677228594581263,0.05406072714350163,0.9605648602554169,2.682836152520265e-53,2.1307179234789407e-81,0.1891272818064066,0.3596983460070964,0.21403999728146517,-0.013227367920686517,0.9363991388486583,0.9483733670153456,-0.06173146081506056,0.8831434886385977,0.8988862258870779,-0.04955114070842917,0.06801330677347736,0.052660429837924815
2025-02-27,252,0.6860973242834862,0.6797171885981912,-0.002960091103017951,0.0596748174547673,0.04825963606579511,0.9551725347251463,1.939361573987478e-52,4.3724868403955915e-75,0.1964418332454179,0.3357576167629853,0.19033572727161274,-0.006619595575313848,0.9681325244311241,0.9741514905663787,-0.05397593352823228,0.8971722085712963,0.9110906171289755,-0.04959986484974238,0.06691400577502532,0.05293136340149616
2025-02-28,252,0.6855548149678734,0.6791636526704725,-0.003011631797222015,0.0554769144167813,0.043584554007001716,0.9610342885643502,1.3415488222116897e-52,2.0063883050678396e-78,0.17264111342941,0.3961373844109912,0.2553192431487079,0.017158807078187906,0.917054758519734,0.932738957945218,-0.07273716983800183,0.8618189285963073,0.8814461063588706,-0.04998687217518292,0.0651280636368586,0.05060745914902965
2025-03-03,252,0.6841236136378892,0.6777033618825618,-0.0030359262555958973,0.05401308150358003,0.044662925656543576,0.96776160880674,5.3115070813839966e-52,8.5038861432085e-90,0.2055661017950523,0.30984079228404876,0.1702346700267413,-0.016234371431818856,0.921286015854415,0.9366521208222665,0.03255268764492379,0.9375622517664187,0.9465327208368368,-0.04945962235875732,0.06856257588581602,0.051752003703940654
2025-03-04,252,0.6842263085214492,0.677808144060503,-0.0030440891814373493,0.053206599801058116,0.04226718435040167,0.9689483209738338,5.391791860055426e-52,2.3393752026745337e-90,0.20223281358835665,0.31810030577180626,0.1775843175832108,-0.018071122753343764,0.9124602156476154,0.9295166850936326,0.017296997525119415,0.9664201105400816,0.9709407165664371,-0.04939819709654297,0.06883074873076588,0.052200389964266514
2025-03-05,252,0.6844654866261306,0.6780521835087756,-0.0030946825723186223,0.0492245080220271,0.038567213280464176,0.9680099054821484,5.380317293762451e-52,4.105032661786633e-90,0.19595683369942238,0.3333617592387339,0.19108378560085737,-0.023249427253563285,0.8880930568826935,0.9100713628719311,0.019176830822629984,0.9627772129037218,0.9677041975884562,-0.049830035591793824,0.06659825876476984,0.050753404389010555
2025-03-06,252,0.6839478452779661,0.677524020994998,-0.0029969865752115825,0.055698410891883175,0.0442999643325511,0.9785517444237539,9.142536778866935e-52,1.819425241434495e-95,0.17956158587604523,0.37174860507289,0.22213888506441992,-0.009503026843697096,0.9541176281226367,0.96359510876481,0.008799036666428867,0.9822420993860952,0.9841330226697393,-0.04930766767542536,0.06885377738273224,0.05177893671334317
2025-03-07,252,0.690974876681631,0.6846938782402008,-0.0032054563314872263,0.03859859172912684,0.026891768982035408,0.9906517274985052,3.788845855857642e-53,7.087980803372679e-101,0.21286801789649046,0.2856778387418081,0.14668560638910352,-0.03367104696624633,0.8368669074420184,0.8704946990659205,0.0004403948688963544,0.9991007333258282,0.9992000084012874,-0.04652632808514949,0.08270408561206374,0.06514203476770891
2025-03-10,252,0.701825495626941,0.6957650382209846,-0.003442155576767701,0.025638723531241362,0.017105581446107247,0.9908442624754602,8.346459226614683e-54,2.489749827822645e-105,0.23037291641225732,0.24028284471815578,0.1132270008854635,-0.03915920593701433,0.810059520379825,0.849771685671816,0.03685497299896339,0.9246900958879019,0.9328162702030329,-0.04664489046644205,0.08016003798841156,0.063842537498128
2025-03-11,252,0.7016007535839569,0.6955357282502975,-0.003525470505067544,0.022444238117202753,0.01490029330231016,0.9867628799364577,8.321288581870294e-54,8.563052574761732e-107,0.23888794089654503,0.22576931552249002,0.10609370768563468,-0.04211259119922617,0.7962739285797437,0.8385662266075935,0.05882794175540104,0.8804539170994279,0.8931172851601091,-0.04606691217322587,0.08527140956010293,0.0673134515887644
2025-03-12,252,0.700891727496123,0.6948122910631174,-0.003568496026588974,0.02102229194596135,0.014236077578106564,0.9882445168967859,9.881909843657048e-54,4.953340449657294e-106,0.23285550840339608,0.24040028728526205,0.1165713827408112,-0.04593900066600868,0.7785896226130249,0.8243569480199175,0.04562937937375118,0.9071562011356743,0.9168204293807098,-0.04534341628213739,0.09056114680700697,0.07101149548873623
2025-03-13,252,0.6992623914787484,0.6931498384600238,-0.003492554530453721,0.024031780817981633,0.01664924120863321,0.9878961899678873,3.2245582142343645e-53,9.587314446138466e-103,0.21097835695537154,0.2824233298567214,0.14570108444799149,-0.031702727063501634,0.8450920704398475,0.8773431449246765,0.06364746082277452,0.8706706245968089,0.8842217492158935,-0.0474150195717731,0.07514964533938542,0.058244523114168896
2025-03-14,252,0.6994973943789282,0.6933896178419146,-0.003479570673290081,0.02468854207720379,0.01715899561388727,0.9854950484631773,5.69051801032086e-53,4.8047197751520316e-102,0.20580910049962736,0.2931390077989097,0.15470867673891983,-0.040040847918020275,0.8057244804795134,0.8461422246372496,0.06660872528585365,0.8647072348805338,0.8786595781339592,-0.04810459617626331,0.07105429649067543,0.05531762271879384
2025-03-17,252,0.6996348954045115,0.6935299136037902,-0.0034039401689675737,0.027871446432305887,0.019158551005341796,0.9864219371683383,5.787283982934449e-53,3.2144740935648355e-101,0.1985065458924026,0.3113632149530091,0.17306762320335645,-0.03785082104572579,0.8162370628617837,0.854469211837631,0.057284009342704154,0.8833459584224768,0.8952081023507079,-0.04897497398636716,0.06595819742286796,0.05147629353735919
2025-03-18,252,0.6974321458780182,0.6912823927454576,-0.0032889868611622667,0.03412652302763019,0.024390285742214596,0.9860943723003024,1.0339979464272923e-52,3.376703921697803e-101,0.17563384841917024,0.3693421544440354,0.24015277452087058,-0.02286634244468564,0.8883440133543183,0.9120906033613799,0.05899034357213839,0.8805768072144211,0.8928922851042909,-0.05045153910673604,0.058725537376396575,0.04637328868201528
2025-03-19,252,0.6991189973994569,0.6930035298669256,-0.0032192355528349727,0.03823738693954377,0.02787754590616371,0.9870480013879463,7.72116860619667e-53,9.066049316543682e-103,0.17424420889718284,0.37424846265290435,0.24689231875917228,-0.024188743215647096,0.8819693203909225,0.9071145572729615,0.06510489113624082,0.8682884276459334,0.8818152841020839,-0.05097231997721008,0.056771839502881914,0.04553615929693138
2025-03-20,252,0.6999142164772991,0.6938149119341548,-0.003110225181116217,0.044427167429566324,0.03244472361028033,0.9828235751587647,9.549176970540713e-53,6.1413181176304e-106,0.19221991303417965,0.3263240967524187,0.19870283828175916,-0.024300552555867043,0.8809895431357668,0.906427767788181,0.07288002597235438,0.8519285638410737,0.8674801117185778,-0.0498180581525052,0.06155760154203893,0.05044444516321624
2025-03-21,252,0.6937123561689915,0.6874869975545401,-0.003040794766016425,0.049000335246248056,0.03582088008621611,0.9739904076384247,4.678731109776273e-51,1.3793476635718378e-101,0.19764686398386705,0.3122971111106485,0.18758403365596932,-0.023496698568782795,0.8845692169369267,0.9088504656804504,0.08180851466806627,0.8338115697469076,0.8511675480235048,-0.0508865901667223,0.05606809913612375,0.047505606222843
2025-03-24,252,0.6883032785857651,0.6819679793700286,-0.0030588054000741565,0.047581805283287745,0.035026531378139505,0.9695075584239208,6.057491987203556e-50,7.673547852801983e-95,0.20271655212852935,0.2981638026295908,0.17320975892660684,-0.022406386883878332,0.8898463823714335,0.9131121794513034,0.10072156752279798,0.796451677965469,0.8180420088470548,-0.05111155193160223,0.05492913438327425,0.04668507738568372
2025-03-25,252,0.690469212910094,0.68417793674973,-0.0031758682957024166,0.03898353734927278,0.028312565955641564,0.9754960531570661,2.551453079916818e-50,1.2064733718509812e-96,0.19996041834103132,0.30303234281199387,0.17906060430396176,-0.041977455904712094,0.7954029048452105,0.8380010254837362,0.04460098048745932,0.9092850440090665,0.9190465750591159,-0.05033725289825462,0.05787124294759462,0.049715692613335284
2025-03-26,252,0.6900251671670662,0.6837248656867221,-0.0031418151560438463,0.04105824888953022,0.02948137316209851,0.972586459429866,4.387618149234275e-50,1.9833545446947513e-95,0.2162230825849511,0.262372981816003,0.14408064597357534,-0.051469392723098514,0.7509056531661837,0.8021778863862699,0.04804937645276673,0.902200437319918,0.912385648197167,-0.04942685951298924,0.06197655888950422,0.053998825687558566
2025-03-27,252,0.6862868901199383,0.6799106073987988,-0.003105637188371939,0.043312766125266626,0.03168237601899365,0.9774697151934434,3.9097388367411056e-49,3.847360668863797e-89,0.21081951626224466,0.2747892112977508,0.15448580276448637,-0.04927421504070468,0.7607354700388852,0.8108907449609839,0.04357035401719701,0.9111303608788165,0.9204881972437013,-0.0492098548643253,0.06302864027591641,0.054794125606831674
2025-03-28,252,0.6881213528738666,0.681782355981059,-0.003139052767724964,0.0412353102229031,0.0301319252958739,0.9775323357408767,3.924307769698265e-49,3.07284673718169e-89,0.21629880639122342,0.2605771694821443,0.1433548368221551,-0.05190807517257731,0.7478744185918162,0.8004341008962721,0.042628803908010826,0.9130536035489223,0.9221186280999852,-0.049066480067504636,0.06388035932466918,0.05590706996478403
2025-03-31,252,0.6889599126451997,0.6826379596501835,-0.0031179416903753254,0.04258756345030158,0.03157780729332299,0.9775342405530956,3.440613046140006e-49,2.8885142327471557e-89,0.21655497881036923,0.2598002840026087,0.14317691368006646,-0.054017104573308994,0.7373251762262272,0.7916739293991162,0.039540857146325714,0.9192348217451067,0.9275609118537046,-0.04950752929561091,0.0614652606775284,0.05434240374394083
2025-04-01,252,0.6898105572327631,0.6835058937618843,-0.003078046037189069,0.04525919054061194,0.03287301148875934,0.9785922756282487,3.026693168763479e-49,3.886538238846891e-89,0.22088783554580912,0.25044823148012935,0.1354514133037977,-0.05833777078074588,0.7181226034942318,0.7767802114582956,0.036683569285246215,0.925177705483127,0.9330350693509756,-0.04910927470964646,0.06361242330811129,0.056187854238344645
2025-04-02,252,0.6903545889141296,0.6840609829977502,-0.003192525238033285,0.03828437277231974,0.027048323462488467,0.9838760467674037,1.2543400711442993e-49,1.2067425875227123e-89,0.20478616740157185,0.2870598404477194,0.16566458747729507,-0.06268854238722874,0.699372213887446,0.7630602605394088,0.05686391466209606,0.884735194105383,0.8970390475839423,-0.05006269028279359,0.05945249287741312,0.052288602556307226
2025-04-03,252,0.6852955010062713,0.6788990680998948,-0.003054769203022651,0.047945096857504345,0.03229446024546969,0.9963427199283323,1.3567890826656393e-50,2.54609828263733e-81,0.15293785063330595,0.4188393084784525,0.3074781910004867,-0.09182291332682387,0.5710514710873628,0.6524601008700504,-0.09330163431286054,0.8049722590534995,0.8239273253100711,-0.048892693941082574,0.06647864338255897,0.056723659358628144
2025-04-04,252,0.6843580720666851,0.6779425857265771,-0.0029870628931994688,0.05318924228248372,0.03517063361271661,1.002771996204161,1.1610484638317705e-51,1.6027902459335832e-80,0.13473553336165117,0.47375194418931366,0.3722178073505037,-0.10933376901517729,0.4989114423623928,0.5947106141860532,-0.05369798282280289,0.8866764574892432,0.895647234336529,-0.04663100780533476,0.07887204075928272,0.05985835677036265
2025-04-07,252,0.6822507759691532,0.6757924584075506,-0.003381511330375341,0.03317106485273356,0.02184731852560561,1.0318747376624673,9.40669601945559e-52,1.691999200613255e-60,0.07970184824494865,0.6793762523127653,0.6421709073410916,-0.027238903287993527,0.8686363300348243,0.8983691665706212,-0.06509050986416937,0.8666440912201863,0.8759705945392947,-0.04801450899473359,0.07906889917377301,0.05072569175540061
2025-04-08,252,0.684114881319148,0.6776944520776673,-0.0034297478704320753,0.030677656463429306,0.01985309581466367,1.033118049470398,7.70339322393125e-52,5.547635929583446e-60,0.07791390362520384,0.6860338883010235,0.6491757484349099,-0.03413300528802679,0.8363586530220444,0.8736043874350011,-0.0690733451723966,0.8586239082396561,0.8687471919971242,-0.04827838641502857,0.07755015578961938,0.05082017435469791
2025-04-09,252,0.692062305380792,0.6858034091486944,-0.0035976712587968505,0.02242904857141721,0.013579161068226046,1.0200252918691417,3.125487090375257e-51,1.1177616562123588e-59,0.14767164930272833,0.3990797393942681,0.2760296603683562,-0.02950366704410068,0.8567689313116402,0.8895816477748134,-0.05284676997153237,0.8906959856073176,0.8991754317335104,-0.04299806995398722,0.10770404472601422,0.07130145665001113
2025-04-10,252,0.6935049711958452,0.6872753974396633,-0.0036320879599997472,0.021716612697672763,0.013019844031011248,1.0173761544173072,1.2158530625659577e-50,1.43045992257842e-57,0.18408339659395956,0.289664782846063,0.17398229376183594,-0.06350934493262714,0.6947228515978616,0.759583466115508,0.06989497885896206,0.8522594016282414,0.8667088851626976,-0.042045643143362094,0.11664750229423437,0.07600477156866144
2025-04-11,252,0.6933059343582162,0.6870723151378548,-0.003670148545184878,0.020684114427978368,0.012706018127776098,1.01536183467715,1.9060042996533047e-50,1.0386744150174086e-57,0.17587752702925963,0.3118660011187007,0.1890461965962239,-0.07094721840974635,0.6608903711299701,0.7328228557199197,0.11847150825255015,0.7531084068866502,0.7833302678140073,-0.04278243732434585,0.11059383752139515,0.06951329909149206
2025-04-14,252,0.6937613467843595,0.687536983914123,-0.003580972259123104,0.02383143517765437,0.014119927378830017,1.014730219337976,2.7125291983141836e-50,1.8627107093853652e-57,0.1657995542260446,0.33832916870502416,0.21031046522700858,-0.07408866799683869,0.6471291367283223,0.7206710904564513,0.11493418036951619,0.7603894754502307,0.7887224843389773,-0.04544137477444177,0.0857879355104483,0.04985615956815048
2025-04-15,252,0.6914229106458893,0.6851510185858465,-0.0035240644631278073,0.025878181377725122,0.01607326240326569,1.0126426747641508,3.361036609699918e-50,7.300748520851794e-57,0.1693323134122378,0.3271099578878309,0.1992341527974436,-0.07041351834213541,0.6629185164921854,0.734850256039334,0.1421430703664533,0.7060334735129854,0.7396872691675296,-0.04380709761288217,0.09718603522739686,0.056902210504360166
2025-04-16,252,0.6915975912559288,0.6853292496147891,-0.00361351830117837,0.022262212590077324,0.013785309532369484,1.0181601567080225,1.7023968572047048e-50,7.741505107190036e-58,0.1683297612591887,0.3220899969405267,0.18841448882147693,-0.07170225498946212,0.6506286869778305,0.7232065027396262,0.12316709738504228,0.7432637356677312,0.7739632081830792,-0.0440932257821362,0.0933064469051112,0.05674484147472372
2025-04-17,252,0.6916359873264597,0.6853684260932577,-0.003617999202176616,0.02198121094208645,0.013396309624527496,1.0180672383546612,1.705961456994683e-50,8.02724970295702e-58,0.16969367906973898,0.31718435145946594,0.1817505415975833,-0.06593774559520424,0.6774678204544682,0.7448062871700148,0.12804668502206307,0.7336138638256009,0.7658447953345557,-0.043693334044771714,0.0949286055884783,0.05538461965483577
2025-04-21,252,0.690940938123835,0.6846592498743194,-0.0037122320827641586,0.019066345136436767,0.011630814564540298,1.0169023188196573,1.4604072718188931e-50,6.2702160950574474e-58,0.1843990121525559,0.2763144539228218,0.14461180810180221,-0.07445553620376558,0.6359876924416727,0.7116073953013737,0.15971769866403746,0.6702818956201138,0.7113648507463586,-0.04278403588586144,0.10309825498163586,0.061708340071758246
2025-04-22,252,0.6957057813591738,0.6895209395168806,-0.00356184262127206,0.024896995831168965,0.015387184993684903,1.0245298144436736,6.44073585162267e-51,2.0548869644249898e-58,0.1963128069564995,0.24823891065845485,0.12681929501007663,-0.0752678333540133,0.6336476465667339,0.7111579784977786,0.20359838627889176,0.5878177058125552,0.6391537924271731,-0.04157796698703263,0.11429637023318305,0.06716457320621663
2025-04-23,252,0.6958819561184828,0.6897006950639805,-0.0035162603769290073,0.026520003017701806,0.015423590796050225,1.0238350869490933,7.819421853934494e-51,5.1692215168064174e-58,0.20590620580077743,0.226247935461022,0.11325235912105437,-0.08882198476405151,0.5659130592155217,0.6512430917817849,0.20850214642256334,0.5788524310902867,0.6315388001156726,-0.04091209671396565,0.1207978502857254,0.07223128245565892
2025-04-24,252,0.6939089681406434,0.6876876057044776,-0.0035393611166102965,0.026030314838376947,0.015956902878616203,1.0268173529229623,8.28734068143679e-51,2.7916328658362458e-58,0.189609634135588,0.26204176153248515,0.1322914603943597,-0.10340357532412825,0.512111685641027,0.614409272296119,0.21963084912520145,0.5595053878972007,0.6179140691723042,-0.04247577560236593,0.10717903982001582,0.06245557182503002
2025-04-25,252,0.6941584748279025,0.687942183665868,-0.0035933124430648266,0.023726282872271805,0.013975948802456587,1.0277993459238715,7.884085457782335e-51,3.0167954246979002e-58,0.185284988055488,0.2732822292277328,0.14075232335357923,-0.09863500648090953,0.5300175656221513,0.6290723216471847,0.2308956020334686,0.5403380193240772,0.6024227944406074,-0.04245123342057336,0.10726297354289753,0.061902413481299844
2025-04-28,252,0.6939394886647638,0.6877187465644542,-0.0036084720651567174,0.023254147429079174,0.013714364806883976,1.0296735410398374,8.660732416957563e-51,4.296798205566417e-58,0.18285354492662845,0.2797531737463758,0.14672460858930805,-0.09404301904728582,0.548510875528998,0.6445181050654634,0.22173063129979187,0.5563424297245411,0.6171995255204153,-0.0425008951144679,0.10683270460685675,0.06179487110085591
2025-04-29,252,0.6938591142329098,0.6876367385059364,-0.003599805000918879,0.02357203621145364,0.013775452184638213,1.0291165630921915,8.965918828186637e-51,4.6197436297354315e-58,0.18608742392466884,0.27277288555567164,0.1420438473372622,-0.0950941755708612,0.5439882322972349,0.6405411242366305,0.2265732937911315,0.5477729104504669,0.6098715589359966,-0.04219801276877516,0.11030361719853182,0.06451636486529265
2025-04-30,252,0.6938366224302479,0.6876137895528139,-0.003599453431144397,0.023525034087243196,0.013596590414583293,1.0293195710017191,1.0858501972460415e-50,8.042815713141127e-58,0.1848681465292021,0.2789156331153966,0.1511764430830313,-0.09541291285755518,0.5425861562174135,0.6394355404025258,0.22622068211759555,0.5485508480470132,0.6110027389622753,-0.04230386699129789,0.11027027362717531,0.06528956843333886
2025-05-01,252,0.6954166026567044,0.6892258831985073,-0.003727253935692394,0.018618104084523444,0.009838099744029445,1.0295493541001455,6.319551927348245e-51,3.7350868301629406e-58,0.18188843895707058,0.2834351690104285,0.1548117290682612,-0.09199696788491324,0.5511202213425043,0.646174038000618,0.24246735666010816,0.5191998946641507,0.5863048101748958,-0.04228928888266153,0.10852963982266423,0.06387401635719271
2025-05-02,252,0.6929851094624766,0.6867449694109009,-0.003709117543778279,0.019434411116567997,0.010906304016954286,1.028797476455701,1.0191523330182312e-50,2.065198636169431e-57,0.1782932111695445,0.2939504603067592,0.16442860935824533,-0.09583923822751186,0.5365556647900072,0.6358253049441858,0.24872377359478315,0.5088586961728171,0.5750750096187696,-0.04262419015906696,0.10638188627198411,0.06328878986696147
2025-05-05,252,0.6942614190136038,0.6880472202130674,-0.0037855552206693477,0.016979698737244836,0.010130373772665518,1.03313237176895,6.243371977168343e-51,3.558490702363753e-58,0.17918122413593404,0.29048923080543415,0.15927496047532497,-0.07761093629261678,0.6124327378089449,0.7003579519101735,0.28523125021622214,0.4481083060034905,0.5244632748353479,-0.04113976706083987,0.11868033411696231,0.0694061691784807
2025-05-06,252,0.6940225688138276,0.687803515334434,-0.0037844581594582106,0.017160556896406904,0.010310493840455884,1.0317303430329943,6.561008796688848e-51,3.8040552608234096e-58,0.186494699313489,0.2720898053004871,0.14274342372667556,-0.09186467969346426,0.545107553382747,0.6418378914546661,0.2777519586961236,0.46153098920482594,0.5359802363213335,-0.040955997480153716,0.12061824862476672,0.07051843806991806
2025-05-07,252,0.6946700832954367,0.6884641906794903,-0.003704380366687088,0.019171137611729006,0.011416617397207502,1.0379128858209983,3.667609586137218e-51,3.300544304775566e-58,0.19654120244338869,0.24618032341864135,0.1208638604723218,-0.09781730285160364,0.518259690501605,0.6205612367877569,0.2517329404385646,0.5036634563868854,0.5752219056632081,-0.039858034283399665,0.1295556880689568,0.07739510206882874
2025-05-08,252,0.6886754032905059,0.6823476675850284,-0.0030649067750962594,0.06395890227584947,0.0474953058981992,1.0694976780406122,2.0570602462220836e-50,1.1588849992498063e-50,0.2053150261148384,0.24966832071138778,0.11058709923668224,-0.17916087361924743,0.25756683277481773,0.4053123346984654,0.4190774954176567,0.28748779572148464,0.38064532048401134,-0.0375736347535546,0.17394085934384798,0.09358349991144779
2025-05-09,252,0.6818338129767183,0.6753670205575459,-0.002791439772588964,0.0962532520701781,0.09040577560554593,1.0670013384509303,2.48657729560447e-49,1.2760640177342191e-51,0.19357384247075748,0.2845892253282021,0.13658400185935074,-0.15962666428322847,0.3193365480606035,0.4476963943354638,0.4063443138174527,0.3097285019944669,0.3938514157231229,-0.03999157726151582,0.1538465867869098,0.07790627583964854
2025-05-12,252,0.6816073176938864,0.6751359217120548,-0.002631386740889075,0.1178071382940675,0.12103771079067735,1.0620163459859824,6.920564761157318e-49,4.201884795176665e-52,0.22947808133953831,0.20300925255837027,0.08376040546591632,-0.19492758077317465,0.2207280688288206,0.359712678682927,0.46002594873874514,0.2500154252290173,0.3426829401790433,-0.03874466069867241,0.1689825343208049,0.08825734291931706
2025-05-13,252,0.677871113107902,0.6713237780084691,-0.0024057659313872918,0.15683278006949045,0.17480978451091733,1.0636308641272214,2.946815238015489e-48,1.6219053924066523e-51,0.2727320057380714,0.13224613497545915,0.0601578688587104,-0.20396851792737652,0.20460468817876662,0.3397101267081689,0.35041164293018334,0.3823397574371109,0.450663747895371,-0.03369153237126486,0.23469430646550038,0.14401063792666136
2025-05-14,252,0.6762852624724816,0.6697056946365564,-0.002509497405250278,0.1401470124420803,0.1461032193106528,1.064648972273524,5.445394296101541e-48,5.053188464478275e-51,0.26209889418961374,0.14754531970247714,0.0632193839573069,-0.18884724701274277,0.2396276598429151,0.36883671980830135,0.3661476049268676,0.3621337204091396,0.4324127207409767,-0.034928697325910835,0.21822087381334512,0.12751338525034872
2025-05-15,252,0.6764150315856832,0.6698381013333596,-0.002518741201728062,0.1386805374399592,0.14340497333645388,1.0688161668007203,5.2495582688907334e-48,2.9570747809471997e-50,0.280995662573099,0.12121612610323074,0.047781953118291566,-0.2088446511816103,0.19499023539997698,0.32288231410916257,0.34427705763272964,0.3922610294880664,0.4572208161529202,-0.031184816175594928,0.27342470104055794,0.17372510294073296
2025-05-16,252,0.6760755002552126,0.6694916689595869,-0.0025477950988421396,0.13394014878973481,0.13618907693693538,1.0692492213556477,6.503270557823575e-48,6.638912913533056e-50,0.28025677865270576,0.12257609948140383,0.04894944884393216,-0.207252511877223,0.19757118393026887,0.3240067580371737,0.3449593191893862,0.3914138166568948,0.4566407526903682,-0.03113655359309582,0.2741840269298967,0.17421500554023284
2025-05-19,252,0.6750871323593916,0.6684832122853954,-0.0025208282627717017,0.1376101225785151,0.14327546202367633,1.0748843376260542,7.611467850822079e-48,1.7140063330257648e-47,0.27803356261531187,0.12484432041812342,0.050892930713544886,-0.20648197666270746,0.19860513566235405,0.3273252667095493,0.33397442568208424,0.4062375811233331,0.46899522760878476,-0.03174898274188759,0.2634847070842397,0.16589774294694615
2025-05-20,252,0.6747266551968665,0.6681154083512744,-0.00249100125373136,0.14252365323493124,0.15281266417633357,1.0737072667854157,9.049474497219333e-48,1.192815856992925e-47,0.2779349531046075,0.12470991927299498,0.050702395739870995,-0.21029712713050597,0.18934712257221328,0.3166314128290487,0.3360410186968619,0.4032310826918427,0.4658861649818513,-0.031937674610511724,0.26057888561618536,0.16320976550845934
2025-05-21,252,0.6743871858755964,0.6677690392470517,-0.002586675720514876,0.12738022112470723,0.13140285659174566,1.0706033871873488,7.255832380832759e-48,8.856609253995409e-49,0.28633195858558397,0.11361177736328537,0.04504309049261195,-0.22093953831071042,0.16831989788722615,0.2903415005247397,0.32548880899070154,0.4168480561669611,0.47762296041415064,-0.031153229513124166,0.2702927118652975,0.17257164469235564
2025-05-22,252,0.6778451433390107,0.6712972803987467,-0.002807127263253972,0.08765740714435787,0.08453823962238553,1.0422918755349575,1.1522187620867425e-47,4.017790124846504e-51,0.2665258192145099,0.1285484262075438,0.05952080238336717,-0.25097316070292924,0.10693891026744608,0.22132490133157856,0.2919646113211284,0.45207934189365684,0.5150635646634507,-0.038220595574077754,0.16382824523422357,0.0913365967070742
2025-05-23,252,0.6842249539772647,0.6778067619849326,-0.0030238285236369707,0.06393900565560014,0.060959036971201315,1.0471263422030666,1.421902495219773e-48,9.720034758712447e-53,0.2685417003938772,0.12233233567082213,0.05635150707569069,-0.23916875390278097,0.1202940443520342,0.24289115401200356,0.28626600001294034,0.4561190998735468,0.523314331077612,-0.036582202576886345,0.1786993367983816,0.10449642292856133
2025-05-27,252,0.6851214405968177,0.6787214698772408,-0.002933405568097241,0.07250567998891937,0.06841220122632768,1.0466894980381558,1.890722223838367e-48,1.94346333968791e-52,0.2713498280219706,0.11893769187135497,0.05527225266457652,-0.2513161043439332,0.10201264587239252,0.21499546495152255,0.28490422987949315,0.4588539168972615,0.5241417835314984,-0.03764042054860941,0.16666598665111937,0.09652543218099237
2025-05-28,252,0.6856778895362328,0.679289228754449,-0.0029785050944092515,0.06820057395082223,0.06765783916125952,1.0473475773301635,1.5382444183831908e-48,1.1927176535494184e-52,0.2648371446979304,0.12753199076139501,0.06189268358793287,-0.22761637199048537,0.14139317725813338,0.2732361954602476,0.3175242448759893,0.40825036267188275,0.482176875618472,-0.03841455572293211,0.15770678808272331,0.08979627152416589
2025-05-29,252,0.6868136079605005,0.6804480308865269,-0.002850131408915162,0.0804563998361076,0.08234508693487341,1.0462794502363555,1.1485191974013673e-48,8.544740489467849e-53,0.26984562544299334,0.11977687270742518,0.058735902849121537,-0.23397026139659866,0.13037020922604156,0.2591020433341793,0.28515970176140554,0.4566176628714219,0.5255603938826903,-0.03872318532264969,0.1537607170176261,0.08868119383643343
2025-05-30,252,0.6893160809967942,0.6830013671959161,-0.003087212471953631,0.05716140764932384,0.05680856955716116,1.0488416476604807,4.399355334931659e-49,1.9863792392042278e-53,0.2489737510580105,0.151243274739592,0.08095094159419114,-0.23703639564954873,0.12393138294959316,0.2520089016243682,0.28820452098442123,0.4502070542319273,0.5210512656884143,-0.04199474708241262,0.12226446268415454,0.06786102164949066
2025-06-02,252,0.6889801422720787,0.6826586004483405,-0.003018311287804324,0.06348060503304875,0.06472046237080571,1.04980936631542,4.398974947462549e-49,1.8968475764787915e-53,0.25378405511990715,0.1440737064758825,0.07660077372177333,-0.22611564874490928,0.1408566584518818,0.2734507423170275,0.2802694807963656,0.46365188168987936,0.5352791475653338,-0.04121336721210703,0.13047531670090173,0.07420630897809938
2025-06-03,252,0.6891047413105504,0.6827857319875942,-0.0029998608951432243,0.06500354822870584,0.06583125202873147,1.0507874485845212,3.918529059100549e-49,1.687445555819286e-53,0.24948742034858634,0.15167758836762593,0.08318507002691503,-0.22701665355621076,0.13928165940049503,0.27211891889619444,0.27058381796700876,0.47869282206874475,0.5488854453678133,-0.04159003641740277,0.1272690184434253,0.07324618999570699
2025-06-04,252,0.6888741919217722,0.6825504966356294,-0.0030028514181930878,0.06522978976679726,0.06791637576262947,1.051276457206729,4.329303803994283e-49,1.7154755160127954e-53,0.26072544598988845,0.13581701571727658,0.0710488147604424,-0.22188860296270943,0.1492461970108709,0.2863508234096356,0.2613911581127142,0.4934336267339574,0.5631129420872408,-0.03953825719945957,0.15059379673545042,0.09119929038188743
2025-06-05,252,0.6897061217889541,0.6833993356464532,-0.0031350192789313036,0.05502566053270545,0.05583369398878925,1.0568114518460878,3.280882310579162e-49,9.793204184376757e-54,0.2668543815460692,0.12885794639516368,0.06655643434956336,-0.21024437443867516,0.17306781288156003,0.31475102893790485,0.26145522434112745,0.495694426831606,0.5645799582720503,-0.03861287346531348,0.16255428510506587,0.09939722630812425
2025-06-06,252,0.690150731205865,0.6838529818401307,-0.0031247985086262915,0.05571865322697911,0.0567396002329629,1.057702554682406,3.2494245978740255e-49,1.1821792268388938e-53,0.2688407892166013,0.12590658879509123,0.06389018918274744,-0.2135509622797738,0.16704454910814293,0.3084381794608605,0.24885881722510766,0.5165086025736003,0.5831752358041027,-0.03790154713704564,0.17002842345282618,0.10471191449055121
2025-06-09,252,0.6927073531281851,0.6864615676226604,-0.0030530903691606812,0.06198450641125399,0.061588339009460716,1.064470376576167,6.198433611898599e-50,1.2978874485495628e-54,0.2702623108549676,0.12590639818118346,0.0648131144295017,-0.21756942038262073,0.1609861642631099,0.30146521609748633,0.23197579625878303,0.5461438760153434,0.6104268167633372,-0.03667773642173654,0.18504641325068044,0.11722321855700457
2025-06-10,252,0.6896571296618956,0.6833493477444545,-0.0028417165393883675,0.08432681580476623,0.08174918310844724,1.0631282281242105,2.113781771459094e-49,2.2144656377784174e-54,0.279258293382901,0.11629908396412304,0.05792347033612919,-0.22326543921643913,0.15327953231358396,0.287478856113355,0.233381461079877,0.5465778637849191,0.607785108693925,-0.03594888080418204,0.1970625355046759,0.12534492246302747
2025-06-11,252,0.6897317454205696,0.6834254800835893,-0.0027024463371803876,0.10078051110620734,0.10094730946676474,1.0608047144281478,2.7356789358606997e-49,2.3045847140479525e-54,0.2727302580648123,0.12497546875109969,0.06400459641307701,-0.23928396331891982,0.12822030577835328,0.2583930074406554,0.24016093167553407,0.5342263420182225,0.5940592992686511,-0.03730932952717667,0.1809308131198825,0.11434848574769606
2025-06-12,252,0.6907506530436386,0.6844650972111923,-0.0027166080916502418,0.09923319501946877,0.10010274510857574,1.061816149925231,1.926296573045485e-49,7.650418092496753e-55,0.2701564395911908,0.12826853979340413,0.06555215313143886,-0.24165608816329548,0.12404004572821595,0.2530381464043334,0.2489689044961392,0.5188897667441786,0.5804901784196417,-0.03756512022389888,0.1782030318557743,0.11264976025088688
2025-06-13,252,0.6898376457911636,0.6835335329007401,-0.0027095140561045152,0.10044725936815072,0.1016715895943882,1.0586150191074606,4.642812379086646e-49,4.713554947446388e-54,0.27481743243255713,0.12281297215617012,0.06390181322834897,-0.2510104753331531,0.10836358241637724,0.22907450929386708,0.23167977052932276,0.5469258571811018,0.602127417406088,-0.03822518421704027,0.16983806642878232,0.1049260940729278
2025-06-16,252,0.6881932476026587,0.6818557119848265,-0.002850985333133941,0.08442366504705363,0.08348549053539539,1.0594012053390265,5.916537443672767e-49,2.333040786808086e-54,0.26718931974332755,0.13470941019419266,0.0706172579260007,-0.2366130147565582,0.12970130746292557,0.25371297462458475,0.26239408042222667,0.49613209053803253,0.5556081090624734,-0.03789471844361093,0.17462073776846815,0.10497203227287157
2025-06-17,252,0.6874210819426645,0.6810678519008487,-0.002753910778867471,0.09606032729942227,0.09627123469332466,1.0576869012587147,9.912841112929778e-49,6.735407259759207e-54,0.2709522335352175,0.1295204727485641,0.06521059293385205,-0.23556621042633208,0.13230752960832715,0.25774650817118316,0.29602707834165926,0.44002995175786475,0.5020787150742501,-0.0367313992952252,0.18759116668537446,0.11000580633654508
2025-06-18,252,0.6883498870201716,0.6820155351303377,-0.0028153809315387256,0.08811529855133614,0.08620449065037304,1.0589396793758685,7.079136797519719e-49,3.943916701237614e-54,0.2629506976130083,0.14038915682672165,0.07436285725570012,-0.2482774100099004,0.11388519673387801,0.2342884014519182,0.26992898617771327,0.48208958867486695,0.5412216554181681,-0.03828096157151192,0.16865671764216816,0.09924760942743784
2025-06-20,252,0.6881262629289495,0.6817873658340095,-0.002939094393324337,0.0756394510671069,0.07454959923201293,1.060461543579465,7.656784411247242e-49,2.811787836341233e-54,0.26416336549561764,0.14048712093828933,0.07465733010768576,-0.23872372044865725,0.1297469599895668,0.2565393362614098,0.28756054738124337,0.45549953551676947,0.5185554360582707,-0.03804908714387283,0.1729255676579806,0.10104005928615296
2025-06-23,252,0.6881989603780605,0.6818615408735496,-0.0030711199201156796,0.06354115302854295,0.06146842304362289,1.0615375818933557,7.671682484324054e-49,1.902722186597471e-54,0.2643792289473339,0.14012697385236347,0.07275217896467881,-0.24145647460117564,0.1256443093743267,0.2511509438863797,0.2940504921339806,0.44497940793792845,0.509062799467132,-0.037369967056781785,0.18111193123467398,0.10534833245657432
2025-06-24,252,0.6891966451991056,0.6828795038413639,-0.003162831045582447,0.055382056272382345,0.050038517919057834,1.0616367086735838,5.922637290291273e-49,1.6184777512259878e-54,0.2645433700733289,0.13927107365641533,0.07304702595414055,-0.24987125138444644,0.10923976576446577,0.2217447529224531,0.2726594870324698,0.4752652179107669,0.5318333599586981,-0.03797663276655552,0.17303582711438414,0.10020153052720679
2025-06-25,252,0.6885631844422507,0.6822331678658737,-0.0033130554163879155,0.04529436558726511,0.041909234996701066,1.061573905752546,7.207109100998309e-49,1.0042707143510088e-54,0.26899287280630735,0.1331775315569986,0.06767607487968222,-0.24300187822097924,0.12111735055409091,0.2400611580023312,0.2805388752688475,0.46304144365919775,0.520978769094757,-0.03696406009351847,0.18516983584155075,0.10746442513618568
2025-06-26,252,0.6885117219039931,0.6821806593410662,-0.0034143032830622256,0.03893968626740362,0.03476919667295865,1.068751458957232,6.424397508476573e-49,2.3039278385713934e-54,0.2798269789239773,0.11720993058592448,0.055508994402753316,-0.24716308983647062,0.11407272553733433,0.23203995912302866,0.28001947117432324,0.4615407107975136,0.5197008863806487,-0.03477785982764,0.21226521848413768,0.12704860315294292
2025-06-27,252,0.6889237467416146,0.6826010586672572,-0.003358093941206149,0.041898309488530586,0.036955640351712636,1.070063411010738,5.184346097801258e-49,3.3384917620206156e-54,0.2844880407097338,0.1112187465904757,0.05198845763815376,-0.24991137520996204,0.10831328670318986,0.222187269351388,0.2792023455385326,0.4624482891117284,0.5207003195582789,-0.034245442162789845,0.21913771865371162,0.13269539760550347
2025-06-30,252,0.6876411369525477,0.6812923795735344,-0.0032895251920633762,0.047067941064397885,0.04191465659688756,1.0707395770110368,8.300820589902191e-49,4.0399420900845955e-54,0.2961032068284804,0.09780705753239798,0.04360702974176751,-0.24948538797715192,0.10996801678667234,0.2227679651939768,0.24433252845281672,0.520733816046826,0.57342350913537,-0.032457101769834046,0.244765252453739,0.1538365528941248
2025-07-01,252,0.6880702596858784,0.6817302243136403,-0.0033716410073673267,0.04174575924185148,0.03713235789865423,1.0708948386424204,7.493532350260946e-49,3.7772995963226765e-54,0.3003854926040715,0.09252903823099312,0.04052685915277192,-0.2572862381122536,0.09881748133833225,0.2068822913637569,0.23810769406113713,0.5310768272083086,0.5822749637458366,-0.0318183973736874,0.25351353131096743,0.1614813008145649
2025-07-02,252,0.6882313617946607,0.6818946008555278,-0.003283267491142481,0.04836968298675242,0.04316886655382807,1.0756438658898417,6.458121603486602e-49,4.052413029676481e-54,0.31245847123025705,0.08124625804859367,0.03476598415919001,-0.2563192388543188,0.10134656085848279,0.20933098274757478,0.23448661050753355,0.5388580316001745,0.588736810969597,-0.029887170056508695,0.2850036573762146,0.1892537923205393
2025-07-03,252,0.6891599756618838,0.6828420889883449,-0.003207618605073385,0.053176514818753996,0.0472252342790314,1.0798615174327857,4.296255137586068e-49,2.133815667704204e-53,0.3156913098659553,0.07742637881238557,0.032240752121884535,-0.2578126899740761,0.098762053882461,0.20750787639090473,0.23144140374395228,0.543055832562835,0.5932371256021378,-0.0291119962021022,0.2967833961244118,0.19923092178785728
2025-07-07,252,0.689408585066521,0.6830957514296617,-0.003226955904296363,0.0517306255651931,0.04645579069646724,1.0804847047677821,4.3668257157279665e-49,3.254494517104578e-53,0.31330361808124774,0.07997858907326166,0.03410254166178125,-0.25624959896644484,0.10086232814102784,0.21117781397687474,0.23689342822965914,0.5332189549046138,0.5842312383304485,-0.029195525784313215,0.295246720662408,0.19717214739711575
2025-07-08,252,0.6883283943497808,0.6819936056170528,-0.003135798637872888,0.05871049139628716,0.05213294272498247,1.0808537025419427,8.360702848120277e-49,2.5866168960947935e-52,0.3053955948637513,0.08868511381858976,0.04000836101171866,-0.26307597661490284,0.09298851725812954,0.19926894511129079,0.23375344295836273,0.5391835286717055,0.5886471754709428,-0.0306501294327538,0.2719859387055502,0.17648770331083796
2025-07-09,252,0.6840518959155661,0.6776301864829557,-0.0028967365083446594,0.08085776472509741,0.07418650213908844,1.0730852312893113,1.1809561992986798e-47,7.385435487443597e-50,0.3303703910737512,0.06757405288932612,0.02898772065663506,-0.2568149467996119,0.1015317453881482,0.20833403662712302,0.21077639797939085,0.5804298851394925,0.6260826480341913,-0.02881402720884275,0.3030135851114251,0.20291085955929256
2025-07-10,252,0.6856571046741582,0.6792680214358281,-0.0028593612426447918,0.0855242413637604,0.08143219666778803,1.0774145146992264,4.869171153344439e-48,1.673288946655794e-50,0.3259758540042715,0.07156888100577838,0.031226176292371035,-0.25060022606147875,0.11169891503015021,0.22564233665297007,0.22315680288527887,0.558801134559709,0.6068562027672166,-0.028834551893604954,0.3032815666914801,0.2023964103806133
2025-07-11,252,0.6855386298855886,0.6791471386231005,-0.0028555322886738826,0.08600215360165563,0.08251460864910999,1.0777227661464188,5.105290219210049e-48,1.9991437676604089e-50,0.32611384188932807,0.07144596877313192,0.031142872194605188,-0.25291714893138945,0.10747118807189135,0.21934402128492791,0.21973076898570176,0.5642174302178671,0.6105739400687937,-0.02885419142352006,0.30288211908282003,0.2017548599126694
2025-07-14,252,0.6863196131964688,0.6799439955785109,-0.0029223070317554,0.07862324583444258,0.07466679108931933,1.0788773818685995,3.514605500057296e-48,7.222261444594459e-51,0.31266906212131423,0.08485969803449046,0.041872143024842726,-0.2548699029993362,0.10448050941845272,0.21616730021595487,0.2218064559214371,0.5600181142435892,0.6066532931187543,-0.030620395597502674,0.27462070018745105,0.18174414897930202
2025-07-15,252,0.681608659512938,0.6751372908038514,-0.002740303811111798,0.10181046586462046,0.09715248018103462,1.0727814373341238,2.449365888902748e-47,7.067056631209612e-50,0.33940523941216444,0.06606127701280483,0.027924555904588897,-0.26823167734879655,0.09134255333059871,0.19234190412543672,0.2841875440926655,0.45857675131413966,0.5108681027764048,-0.027556242170523843,0.33249037762068423,0.22259739773325515
2025-07-16,252,0.676314361613645,0.6697353852236785,-0.0024978184198706076,0.14083818644791485,0.14469610880208247,1.0737674883305344,1.3169274258417194e-46,6.758561411770244e-50,0.3407129342104922,0.06853961456968721,0.02809675097994987,-0.2603876771218735,0.10569032950288455,0.2070673828275137,0.2671377014837161,0.49209017728564597,0.5370757470951221,-0.027640306479705928,0.3372395551946896,0.22288526552635313
2025-07-17,252,0.6690552877838531,0.6623287692428745,-0.0023766175296709717,0.16086397250001058,0.16926309478363455,1.0803192395426535,6.283607903437811e-45,1.7620812934311049e-44,0.3443625795087097,0.0660150527853369,0.02640415647575272,-0.2614323948392084,0.10466649267507286,0.20672901450877423,0.28092406311999174,0.47023863571303015,0.5178408637140864,-0.026399702768520855,0.3626021101834914,0.24941037782204634
2025-07-18,252,0.666991498231552,0.6602230327484535,-0.002192945449078387,0.19682394441671217,0.2131747084274389,1.0775278013471843,1.315710030964312e-44,3.042546560879072e-44,0.3453861884760191,0.0661225352835463,0.026447551394367816,-0.25406901568165813,0.11763457835589379,0.2235871611831699,0.2758780870146935,0.48013622742870754,0.526783624796787,-0.02670532493890802,0.3586820778331168,0.24542770244156853
2025-07-21,252,0.6601066934926589,0.6531982929538919,-0.0020267264754692737,0.23953113365750206,0.2688586138197958,1.074015346426416,1.189402893343796e-43,1.042888619913347e-43,0.3787710049723791,0.04788341096462973,0.01913945734247499,-0.23221182507087929,0.15803606709439594,0.2695304882853098,0.22848618036024043,0.5638267767748631,0.6056731229417143,-0.02314335657105664,0.4328797850102172,0.3177591102417946
2025-07-22,252,0.6599961610568938,0.6530855139239039,-0.0021717456604909485,0.20783560417613597,0.233890166716069,1.0713792515543041,1.457983636045066e-43,1.988705032232581e-43,0.38150121660109715,0.04619731812741923,0.019090459246101164,-0.23720392664522297,0.14921377907366373,0.25702892474792205,0.2231292765603585,0.5733936174947425,0.6122995313416963,-0.023766408922732705,0.42123902701455773,0.30902035807011907
2025-07-23,252,0.6600242470211684,0.6531141707411108,-0.00219420036343167,0.20328366088531138,0.22442090271960602,1.0797855408401735,1.2242397707687742e-43,2.2802030124559247e-43,0.3770024949893995,0.04910118312506781,0.02002697062043863,-0.2408235351410886,0.14532994793728415,0.25276586109402266,0.23764337051840267,0.5483197921673961,0.5860527080002781,-0.02225347209679556,0.45106166274944015,0.33822829019181855
2025-07-24,252,0.661894953903066,0.655022900120608,-0.0019315668807143784,0.2611318886333754,0.28268967436472703,1.0786812510532273,9.746812350383982e-44,6.46247970163782e-43,0.3832504523872109,0.04494111800217045,0.019648599130148877,-0.252131219969967,0.12628379580345664,0.22583112412995365,0.22672152071856566,0.5658991551100148,0.601539873944243,-0.023132027059424916,0.43230751619519203,0.32356134245916934
2025-07-25,252,0.6650020767432594,0.6581931758640573,-0.0020670475069726763,0.2268374621756767,0.2511103660869827,1.084831671355402,3.151476877694629e-44,1.1893219928099852e-43,0.38651868580683235,0.042190526477114396,0.01847689849228992,-0.26532265172635744,0.10584414521056756,0.19603880253594097,0.20504294200109402,0.6021139338975481,0.6340045576703395,-0.02193356363926253,0.45444533445058555,0.34772683922886516
2025-07-28,252,0.6640458014153456,0.6572174640457389,-0.0019753214902223856,0.24790654679195823,0.2702962458949594,1.086065085897189,3.084271930335572e-44,1.3368387910039189e-43,0.3795874562909466,0.04682854462116278,0.02004463951971844,-0.2631705051264523,0.10869360642260985,0.20162744484656026,0.22773328038882307,0.5594241711623962,0.5929945826467786,-0.021641958331776644,0.4603796098777003,0.352115398932878
2025-07-29,252,0.6687958389760835,0.6620640470853536,-0.0016511034875224151,0.33007523020515417,0.3601188500526975,1.091418012960314,4.76567453248892e-45,6.327671157454414e-44,0.3612160304874271,0.05632067110071783,0.02287492769725549,-0.3207584868726764,0.05167216514524468,0.11166562657859426,0.17637238639133745,0.6484059837847067,0.672167112073746,-0.022904656174712032,0.43006936337682466,0.3241351646200502
2025-07-30,252,0.6682337686476101,0.661490552563212,-0.0016330053294958565,0.33492459765921845,0.36377436588084444,1.0917551906517455,4.876030977187383e-45,8.118487461416652e-44,0.3596208430008039,0.057504637716577475,0.02375718024822528,-0.3191652441625299,0.0532215197248327,0.11405232716335127,0.17884721659816483,0.64113884541271,0.6639905451575252,-0.02325336235472242,0.42382916421362293,0.3185604409519691
2025-07-31,252,0.6706025066419132,0.6639074356387,-0.0017939478050012306,0.28833201318642554,0.3167956815682469,1.0954400444071366,2.1611895511406275e-45,4.142947228177641e-44,0.35332681793438253,0.06073964106740331,0.02558817942351531,-0.31980738172114287,0.05207631846743149,0.1137314166000245,0.16400924373717995,0.6682870753010566,0.6905076981361196,-0.024010141551367457,0.4064097563347794,0.30191411888929276
2025-08-01,252,0.6724992364677455,0.6658427168837566,-0.0018692431507559937,0.2689358339982146,0.2965134752969496,1.0955784246302993,2.191385319930812e-45,6.086107751101271e-44,0.3534571581270432,0.060806690814841795,0.026354586711091737,-0.32481129021923877,0.04908425994211926,0.1090518487482389,0.1834753511874872,0.628757449990337,0.6530262069892436,-0.025029111520846258,0.3852406940688099,0.2819770566592531
2025-08-04,252,0.6718246101336284,0.6651543786322793,-0.0017358391765455138,0.3066183972655354,0.333081987713575,1.0954172446987678,8.844536023732759e-45,1.627909216870942e-42,0.34645925232080393,0.06958920745811469,0.03640658202656723,-0.3143087592709473,0.05777613027689169,0.12262377533827637,0.20262592651520153,0.5955271864065695,0.6230166702175799,-0.027952382621929985,0.33424152673777485,0.24149270730800654
2025-08-05,252,0.6720002018174305,0.6653335392527442,-0.0017678438843977584,0.2979181816444421,0.32218150577083604,1.0971560378031069,1.0210844640065301e-44,5.932152979033739e-42,0.34582446927825383,0.07084952069364399,0.03752974414305136,-0.3135619688885118,0.05863419807571756,0.12436228020143605,0.20771043138109346,0.5873485521289115,0.6162650578997045,-0.027512398592490047,0.3419898245562115,0.24689004997029673
2025-08-06,252,0.6695453037887092,0.6628287449226261,-0.0018091290048723495,0.2867416977450157,0.31394341305174467,1.1002945188020092,1.0038815128132617e-44,1.1016394487787116e-40,0.3405846244788568,0.07537511141450444,0.043746452115225376,-0.30650285812018296,0.06514107374387106,0.13743500469456915,0.2361744089866438,0.5406129138505145,0.5777058902390544,-0.029292783480934843,0.31374387920531904,0.225173899268182
2025-08-07,252,0.6425899003359432,0.6353254674159421,-0.0014375998696551594,0.39671976871904036,0.41828402544538756,1.0799348029750009,1.5434218551712112e-42,9.294386816898907e-40,0.4281658739702613,0.03046297105783062,0.02380781056188074,-0.3242660821985912,0.0514553396823906,0.10507295242841706,0.18961906925718486,0.6239969790783921,0.6524990939444328,-0.011086422535520415,0.7179485711369611,0.6905239592151058
2025-08-08,252,0.6431569485428527,0.6359040409929106,-0.001155164019069707,0.49601143324209074,0.5166640881475686,1.08095586654322,1.3472522814340253e-42,3.583604309966078e-39,0.3569226246994704,0.08091419739567099,0.05513579056746729,-0.31595826268006055,0.05722797714937316,0.11751150063820837,0.21356144699994445,0.5811906527348362,0.6135360933121222,-0.026532916467295442,0.41266545114716713,0.33243601768604747
2025-08-11,252,0.642724222919564,0.6354625201333763,-0.000897071813108313,0.5970526532968872,0.6163290256134459,1.0827446405557248,9.952894605788002e-43,2.486268364332853e-39,0.3486928567016846,0.08896211018941651,0.05665884208859953,-0.33903353356351956,0.039402463995577966,0.08501800922188255,0.22062537249739722,0.5691688022958532,0.6007882600612412,-0.026413984742079344,0.414966675819466,0.3251575916166173
2025-08-12,252,0.62519598464182,0.6175780168499871,-0.0006559313495714866,0.7018723595278279,0.7207902480443503,1.0794265156824443,1.4945694838903963e-40,1.353623148835857e-35,0.353100295643154,0.08857494369997432,0.05739471631225121,-0.35826545656971265,0.03158283506033584,0.06682137922750421,0.1538250043670708,0.6940611523203598,0.7157707279047261,-0.028646414736514417,0.3819409018756673,0.2962755417310615
2025-08-13,252,0.6259824187778698,0.6183804354196965,-0.0005226769433786937,0.7603329413656151,0.777351982462094,1.0777473966894209,1.54977265813731e-40,3.0875016902795385e-35,0.33310849692711997,0.10983311654998251,0.07533968299973474,-0.35555795270394897,0.032729062922038296,0.0694606944240927,0.15511717961871535,0.6912109200528693,0.7142195009595733,-0.03309215299131962,0.31856306652931166,0.24046137547608026
2025-08-14,252,0.6395735652301302,0.6322478246860272,-0.0008298128431882088,0.6215594508903524,0.6512915151379866,1.092786265923689,1.7248501587578067e-42,1.4514647622812245e-36,0.3099926212582136,0.12962519943459835,0.10045451899051376,-0.390590462322279,0.017279638643419026,0.04377620208336676,0.11987439038870351,0.7544881934236845,0.7739318363216519,-0.03537920996573643,0.27762495758054234,0.21747634272882888
2025-08-15,252,0.6432515278956124,0.6360005426902386,-0.0007321647412357687,0.6615434167707253,0.6877684360804495,1.0934202630200058,8.62738445547758e-43,2.6638536555563042e-36,0.3257809024323005,0.11011032371698598,0.08758491765008468,-0.3977805921717716,0.014923306368367781,0.03945982795513366,0.07628600371462257,0.8419220439223303,0.8546323327963159,-0.03578697696610549,0.2700000065118175,0.22020407164195566
2025-08-18,252,0.6433055728205296,0.6360556860892396,-0.0008765903121699518,0.601013618255137,0.6320431068207955,1.097223845769223,9.099770009507138e-43,4.136159495369589e-36,0.33625721275730847,0.1009694136218065,0.07723245016251618,-0.39421356961681875,0.016116381258264454,0.042927613070807176,0.0671399600404835,0.8606388820637392,0.872321170105306,-0.03332825368587927,0.3094059526387217,0.2566592855848673
2025-08-19,252,0.6449697279072997,0.6377536654663911,-0.0008976592950269296,0.5917217966528516,0.6227395683464458,1.0947574917052167,1.8609414533178054e-42,2.75300096201119e-35,0.3643134483579842,0.0768757299545124,0.06203824176076924,-0.38443786568045324,0.01901197999660225,0.048395406517602164,0.07934680883525774,0.8358186875329999,0.8500641464214834,-0.030579881531094154,0.3508981260084698,0.2949971387528981
2025-08-20,252,0.6415134297185308,0.6342271173144358,-0.0006576455267563854,0.69667444367416,0.7177707631404474,1.1006872171856723,2.909226603976411e-42,3.22429957351695e-35,0.3378443476415384,0.1031901857419049,0.08328661634943976,-0.36366474083186057,0.027966153070429087,0.06628632177706331,0.09742124507155692,0.8008029385781581,0.8178318675991905,-0.03349518741262465,0.31088249016672503,0.25610909431872386
2025-08-21,252,0.6418839991438696,0.6346052186386637,-0.0006880060195792615,0.6832752950720422,0.705684698631426,1.1012023670709168,2.534603722636223e-42,3.049843502949167e-35,0.33485087726893015,0.10794144310618577,0.08909884954415216,-0.36337537330695713,0.02822240217112367,0.06715984920790975,0.09680046230748102,0.8026691763267096,0.8201193709438582,-0.033979335957722956,0.3051755046694992,0.2517965510645662
2025-08-22,252,0.6397982492411989,0.6324770754452883,-0.00035291074518978825,0.837484443701487,0.8484151347517532,1.1110043754262553,9.640863759295959e-42,3.189767032519378e-34,0.32815677949634947,0.12326490213100927,0.11300526914191501,-0.3647665456678333,0.030862042560381595,0.06559433817511337,-0.04036492902515576,0.9183639382059722,0.9269529427792156,-0.03975436327447683,0.24040084573003578,0.21976421380040712
2025-08-25,252,0.6458382090812971,0.6386397986967707,-0.00042411409680517343,0.805379230298712,0.817473152527484,1.1253680224433733,8.101471404348291e-43,6.506293390783455e-34,0.32934696357512816,0.122909096232636,0.11191691997622817,-0.37905017002376695,0.02514761779396778,0.056259708245935916,-0.10301175672025448,0.7935140066499167,0.8183618985773085,-0.03844415083784479,0.2581795315979311,0.2392019056436947
2025-08-26,252,0.6457813202316365,0.6385817535696778,-0.0003786495758794058,0.8264783484712159,0.8380731246604599,1.1273127190159513,8.516194318182737e-43,1.0971634506537502e-33,0.3412498779318442,0.11147158581989892,0.10273524864060261,-0.3734385972781941,0.027881458263720876,0.06086576221686604,-0.12408833192188756,0.7532830675966457,0.7834481321218281,-0.037362900243641556,0.27300861839735574,0.2526357644930024
2025-08-27,252,0.6448135286386463,0.6375942914158546,-0.0003662103222711959,0.8319061970802659,0.8431667382176615,1.1334127762976096,8.230009058006386e-43,7.42918495778325e-33,0.33699701364632356,0.11561010178190687,0.10963227308765125,-0.3740946348100787,0.027488274377334004,0.06095184304176398,-0.14950553981157844,0.7057135162337481,0.7416109835207902,-0.03833717766089543,0.2603706170274788,0.2460086340426325
2025-08-28,252,0.6437744303251192,0.6365340732179061,-0.000398433300402234,0.8175514139875711,0.8291966255726158,1.1327164251434758,1.0240868916424811e-42,7.281594341711286e-33,0.3346568211787841,0.11870560111478748,0.11141374701452306,-0.37450383099930684,0.02743949506954139,0.06084224913298776,-0.13962095738684127,0.7243845328136871,0.757107800389552,-0.038518845573518194,0.258749493825234,0.24315727890485483
2025-08-29,252,0.6397175798412845,0.6323947664234244,-0.00018282260454529492,0.9156991601626118,0.9218178094684928,1.118649824404206,1.3118680439128644e-41,2.615471622292834e-32,0.33165467109781177,0.12163312789805006,0.11507898751331441,-0.36971105190875014,0.02895275853264563,0.06119740486559629,-0.14807607937195555,0.7083105151328581,0.7425865486439438,-0.04053076110800094,0.2349521681722335,0.22006774125327078
2025-09-02,252,0.6424693543062903,0.6352024712637352,-0.00040895536966750615,0.8122811040255504,0.8261215503009518,1.1146586470817876,8.08271680606982e-42,1.3292343176164257e-32,0.3288992063491163,0.1230951840133658,0.1254293994431364,-0.38630444681702925,0.020285563122244284,0.04336028532901137,-0.22786377793067175,0.5595845405524555,0.6038552686586016,-0.04456872085690055,0.18917693423909115,0.18803768062084358
2025-09-03,252,0.6420334558553812,0.6347577130882142,-0.0003101252149290707,0.8573607626194791,0.8677478134732026,1.113866948269612,1.035550526589802e-41,1.684538460830857e-32,0.32805207799176817,0.12753737344256938,0.13342763323801926,-0.37706779610698865,0.02386021490888377,0.048807641975103525,-0.22579351569055472,0.5648900591088686,0.6091375432857498,-0.045496691156667705,0.18503118068375024,0.18806574789373043
2025-09-04,252,0.640899897969061,0.6336011154074566,-0.00043621532698946393,0.800976623020664,0.8153209812357199,1.1170545031384789,9.861173700718776e-42,7.981745019408002e-33,0.3283371906136211,0.12858229091276005,0.13146336456575064,-0.3712926250887984,0.026704596506636,0.053825480133008384,-0.2280527076121412,0.5621512817387073,0.6062337502870482,-0.04424207315873969,0.19855962981743286,0.1965459934736773
2025-09-05,252,0.6398641938776176,0.6325443604198456,-0.00047131700002849084,0.7852418985471714,0.8001124182488076,1.1170807389775252,9.081826382262622e-42,1.0160232823351871e-32,0.31791380924980206,0.1422048904493906,0.1542862416721288,-0.3682667547031668,0.027784237447500842,0.05585654773572879,-0.23385955410097065,0.5515624575737519,0.5964840559290734,-0.048073387403829604,0.16966671731844396,0.18595597682766274
2025-09-08,252,0.6394694809601316,0.6321416248820855,-0.0005321053465275815,0.7585539793657012,0.7754816980799433,1.116292896648729,1.0759446521846631e-41,1.1002541817534742e-32,0.3148796701642823,0.1460978925022185,0.1578137038901607,-0.3684300999728142,0.027853297362061446,0.056160427945510946,-0.22383605282434854,0.5694698977154904,0.612870648215214,-0.04858571945840133,0.16535838386408183,0.18163773463277044
2025-09-09,252,0.6384566062955401,0.6311081633340674,-0.0005090775778405629,0.7688473570530275,0.7847944350044969,1.1159902742877446,1.9554952409255288e-41,3.3984614966820797e-32,0.31551031569260324,0.14559453396692357,0.1565620346384963,-0.36760533926296635,0.028242900917245736,0.05677274029222231,-0.21953136640396975,0.5765190728031889,0.6193177374561499,-0.04852606196004519,0.16723688825614852,0.18383745603236268
2025-09-10,252,0.6350866435417695,0.6276697054023745,-0.0005264882248431279,0.7616617841505178,0.7775554069518362,1.1134819355655723,2.864282061830014e-41,2.7769762722189904e-32,0.3114125382116426,0.15191328364167248,0.16175905328433227,-0.3680852318343497,0.028211481831836638,0.05649441140086259,-0.21796856687215774,0.5793842124838813,0.6215765357218195,-0.04917308585904491,0.1618189771963312,0.17856171082256844
2025-09-11,252,0.6333167081344796,0.6258637956981885,-0.00046473705190558075,0.7887819433396122,0.8025622145201512,1.1167046739267934,4.0264592813348896e-41,2.3985383888461816e-31,0.3027076944183231,0.1657054881593961,0.1839173080025409,-0.3666435836118041,0.028802733823652792,0.057208296959896564,-0.2098242061121886,0.5941325595648257,0.6353565359401434,-0.050862737964056826,0.15049346308291472,0.17498098602717205
2025-09-12,252,0.6302156610061052,0.6226997191566357,-0.00027908018879309847,0.8730486292571356,0.8810203079905132,1.1167455437568234,9.7706604518314e-41,3.067098297378574e-31,0.3146613943300408,0.1525285942472756,0.16796915556330438,-0.3631273812913772,0.031530721866977286,0.059837560311675336,-0.20735884964126736,0.6010313024580236,0.639920513985157,-0.04908459190089477,0.16809648707112,0.1868539552991586
2025-09-15,252,0.6305307887484886,0.6230212519344335,-0.0002756802441378982,0.8747788487744935,0.8819885807036725,1.1158268127515574,1.3914068935117745e-40,5.474474201298786e-31,0.29732952295003634,0.17414200342084338,0.19268533483351202,-0.3683456726390378,0.029311554355766198,0.05600117973776551,-0.19459651343197493,0.6236876765128649,0.6602761457201203,-0.05339213215940801,0.13099450894098327,0.15591622181774792
2025-09-16,252,0.6300521676177143,0.6225329027318955,-0.0003188733910087071,0.8553927486523712,0.8631298140351971,1.114857158570135,1.6268889061370087e-40,5.734980686586551e-31,0.29270973945626577,0.1809561335802706,0.2022663986856813,-0.36157754515874424,0.0326818184134049,0.061261009220529836,-0.17128447952364415,0.6644499792938492,0.6974750042320093,-0.054531913021394776,0.12266067854194684,0.14987403567526156
2025-09-17,252,0.6288980244024802,0.6213553013212298,-0.00017993017349107613,0.9180409133402456,0.9223561606215877,1.117009154732844,2.2264446594532945e-40,1.5317364693157761e-30,0.27855804745425833,0.201937802510575,0.2284681258749024,-0.3577499609298106,0.03489468947761623,0.0652669579751909,-0.15919765208789854,0.6868295488978298,0.7189241107354569,-0.056849489680608496,0.10674563037275081,0.13851915689038774
2025-09-18,252,0.6258594667318046,0.6182549843483047,-0.0001639170536351254,0.925349452649955,0.9290741760184656,1.113511841032477,5.981017731969268e-40,5.205421357946133e-30,0.27529450846915965,0.20657910546764452,0.23406247147580828,-0.35689269988666744,0.03519993560772997,0.06464069630873616,-0.17523381027067764,0.6574880058713363,0.6922604828188839,-0.05749199515243127,0.10241022033945717,0.1356182862844687
2025-09-19,252,0.6268626093701574,0.6192785160646728,-0.00013229264301936822,0.939669457385743,0.9430454475674908,1.1195526596898877,3.746191701169261e-40,8.297120837754461e-30,0.2757072162431925,0.20543088336729723,0.2310120856346659,-0.3666774660274011,0.030275408435976828,0.05732788563193416,-0.18569144221048817,0.6377182609557637,0.6737484930057346,-0.05639875279254173,0.10915199294803658,0.14100777143704393
2025-09-22,252,0.6287415366982909,0.6211956329726465,-0.00017411510488065567,0.9208227860801994,0.9257640725281734,1.1264255730430281,1.667719961422507e-40,4.643480345478316e-30,0.2541401153685011,0.2411533361773138,0.26735415333898915,-0.38023207067899834,0.02450202275656463,0.048008901783118445,-0.18479619025671745,0.6400340620703417,0.674692610669199,-0.05894051041429661,0.09358398834512291,0.12806647480892708
2025-09-23,252,0.6277732085050045,0.6202076233120168,-0.00016679697715008858,0.9240986718402624,0.9289875312882035,1.1262934958013515,1.6962700847784673e-40,4.21008826911604e-30,0.24868150779611753,0.25178356109506084,0.27856006311730963,-0.3789807215970753,0.024816827361894157,0.04822815308113414,-0.18241946893229674,0.6442384841067952,0.678630762104644,-0.05928646279488208,0.09157610162567162,0.12595165548633047
2025-09-24,252,0.6291266742142259,0.6215885984868728,-0.00041013618526931743,0.8140087485501813,0.8248824617551095,1.123574613787597,1.4508212036622667e-40,2.1951214758749785e-30,0.2789239141689313,0.1967809626212705,0.21597937907284792,-0.3928745103420253,0.01992548953953321,0.037654971001923415,-0.23317576665457354,0.5536426987392091,0.5925704781602856,-0.05497340499911544,0.11610292342837793,0.14610411551195984
2025-09-25,252,0.633437682717362,0.6259872291140564,-0.0006298974517294038,0.7173915973047296,0.7358476713219214,1.1285717114385712,4.105043304117361e-41,8.33707585477925e-31,0.28542415899734325,0.1859786090827188,0.20564970524743464,-0.40348992962456565,0.016596682278108663,0.03222356046264574,-0.2806926284891452,0.4732960733875018,0.5174634206744979,-0.053711481857200497,0.12416879441810878,0.15626121573042634
2025-09-26,252,0.6330068395541928,0.625547628976026,-0.00043975979442638195,0.8008482657047837,0.813172492553984,1.1290110789493704,5.353607937727638e-41,9.121516757965665e-31,0.2704925478054409,0.2101692147358456,0.23667964957130494,-0.39486862446586984,0.019234632634655743,0.03641256936298224,-0.30354202891701804,0.43970758801690235,0.48742719525397604,-0.057531446191253784,0.09911478966520448,0.1370100834813052
2025-09-29,252,0.6336648382891484,0.6262190016690092,-0.00041256702263915137,0.81312729227978,0.824419371226323,1.1291121876449663,3.421437880806929e-41,4.533743096982842e-31,0.2716930379777927,0.2071748462043731,0.23320954998641907,-0.3927357531146336,0.019925209048442288,0.03768607822263341,-0.29829570695686713,0.4491445222217074,0.4975375242514406,-0.05727503830618595,0.09911636465152877,0.13485328764709545
2025-09-30,252,0.633942783485325,0.6265025961577909,-0.00040067962035786895,0.818302794967717,0.8296576890474626,1.1323402031791532,2.897154465419553e-41,6.5381357930032755e-31,0.27266812060461765,0.20537489427873987,0.23159767285267296,-0.39479986109527765,0.019247819356278815,0.037004409201095385,-0.3072029248225423,0.4360403483962957,0.48570024037359094,-0.05688374295175677,0.10143363238295236,0.1379016413179337
2025-10-01,252,0.6356421855715324,0.6282365389368074,-0.00044839000881610226,0.79712451118834,0.8102687164482938,1.132227851353551,1.7473065243111545e-41,2.8935538267518036e-31,0.26390462184869373,0.2210837336277922,0.25100646859456877,-0.38523889662429744,0.02270022939936143,0.04410170386225739,-0.2926532817370815,0.4585494526192616,0.5075867631384325,-0.05890319099480794,0.09139296132063686,0.13043068214165235
2025-10-02,252,0.6351400812049154,0.6277242291968852,-0.00043958111701859716,0.8011791025597715,0.813675247582037,1.1349124520517209,2.5067924729088727e-41,8.037183578260438e-31,0.2657495282304386,0.21772811799908304,0.24742813330897262,-0.3881942225697337,0.021553602111559784,0.04193277499327761,-0.2974533496782493,0.4515522574629668,0.500769419766341,-0.05820597691158156,0.09492628714815533,0.13317341123561208
2025-10-03,252,0.6321857548799996,0.6247098555889428,-0.0004646596907186347,0.7901201592259721,0.8024905259064271,1.1352114242646643,3.2959390542266875e-41,1.432212362837187e-30,0.26627381107814146,0.21665809720569287,0.24752541044737308,-0.3910726350218784,0.020950338024761244,0.04197937221400438,-0.30219787491741157,0.4460705679338258,0.4972695014063687,-0.05831320941991258,0.09475359974558059,0.13555404838373247
2025-10-06,252,0.6335215555739215,0.6260728067034729,-0.00025703523640189857,0.8828954771654918,0.890134272864527,1.135672295027303,2.2985710383834206e-41,2.087411310970325e-30,0.2598153219975739,0.2272072993411086,0.26081634150472455,-0.3803858189858082,0.02340660507541051,0.04728289993085395,-0.2493949736893684,0.5270440160155672,0.5731720049045428,-0.05951175686462464,0.08770669983032132,0.12779663133129956
2025-10-07,252,0.6353410651090994,0.6279292981397722,-0.00030067858914053667,0.8631739804484968,0.8717800527473558,1.1375692518232723,1.5490673071787296e-41,1.4516268329054439e-30,0.2613093082254067,0.22568603594482428,0.2615341507252248,-0.3852284222119842,0.021516682018808343,0.043424800204711234,-0.2640533486493048,0.5019494389549177,0.5484672938774509,-0.059373257867379195,0.08980585053039221,0.1331053834997489
2025-10-08,252,0.635076788696837,0.6276596502557159,-0.00028378397845573323,0.8708880055723167,0.8794571429550919,1.137872025493881,1.5568119233204697e-41,1.829099071053385e-30,0.2613546461812042,0.22558656023343962,0.2618936669213916,-0.3849577349530128,0.020845531616352827,0.04200993626236181,-0.2602833398176044,0.5074327622263699,0.5532193947517794,-0.059461381213287055,0.08930258239042467,0.13282253626643878
2025-10-09,252,0.6350707989369839,0.6276535387527763,-0.0004720100287874682,0.7868176530087954,0.8000081282772042,1.1388811744542298,1.6793731733078082e-41,1.650927281034918e-30,0.2544902711784343,0.23983420186288998,0.2826194740167498,-0.3656372085644054,0.027423334272226103,0.05269126994375837,-0.27048869866071584,0.4913837910215305,0.539053226811004,-0.061630225957609266,0.08129456073517143,0.13148441329169175
2025-10-10,252,0.6464817818935427,0.6392964522572326,-0.0005425451408600478,0.756136458342284,0.7735705452290719,1.1438913188472541,4.770825067211739e-42,5.704396625555902e-31,0.2489503681438382,0.25091488411256585,0.2993190161261158,-0.3662127256142951,0.027797807994935763,0.055139209750740874,-0.2566770727786123,0.5137924198344115,0.560347372417251,-0.06418852882119283,0.06797906236285597,0.11689186791899486
2025-10-13,252,0.6411107390950735,0.6338162419222092,-0.00036165008553701696,0.8388073493439605,0.8477289581695671,1.1413235614758344,7.175681958921681e-41,3.1447452623893614e-30,0.2487617021087626,0.25880857850762157,0.3226185268756644,-0.2721547944987286,0.09949861409155973,0.20388265355251023,-0.12477712067950392,0.7531033670650451,0.7871286401897832,-0.0692123595117391,0.05251497845207067,0.1038418681182223
2025-10-14,252,0.6421461040135905,0.634872650843135,-0.0004073701402895107,0.818691589966059,0.8290549660666612,1.1417043771359556,6.026744170782907e-41,2.402778685938619e-30,0.2505641843578915,0.25476900235484295,0.31719264050152063,-0.2743234168377303,0.09674461479976222,0.20071267153225059,-0.13009114387830517,0.7428383738112381,0.7781573380691127,-0.0688260074884257,0.053317965997874854,0.10361561905006497
2025-10-15,252,0.6431284802748678,0.6358749941015928,-0.00039252562531625484,0.8250032820362218,0.8350892144463566,1.1466983744736252,3.387684463181348e-41,2.2175752275167308e-30,0.2432324536922254,0.26818345444502045,0.33039421007742187,-0.26923143229254703,0.10350925111972908,0.2101253912282065,-0.12143304751686804,0.7592725857097655,0.7931602216992655,-0.06939833399534372,0.05122000641650056,0.10172567011185367
2025-10-16,252,0.6387277379622447,0.6313848058070057,-0.0003706336977503293,0.8350419196361142,0.8453060229801309,1.1417172742694033,1.6807077250644755e-40,1.0792721616206798e-29,0.2775429336903324,0.20049754055433075,0.2460329463413753,-0.25555453101016734,0.12122327028192169,0.23553322166509028,-0.13261026969255627,0.7384390061430712,0.7752395647646486,-0.06286010870354011,0.07120294192288928,0.1067714487846958
2025-10-17,252,0.6390286952581752,0.6316918801211462,-0.00040252228841287496,0.820485885093202,0.8301776099790277,1.1469217412028352,8.398755369629364e-41,1.0017401239184869e-29,0.28802622812188716,0.18029456289531018,0.22144809124587184,-0.24312710990068243,0.1380838291751978,0.2573699358184409,-0.12162774801388554,0.7592736373283331,0.7936427752480554,-0.059013880046588085,0.08353461057868797,0.10994797397306642
2025-10-20,252,0.639994277445427,0.6326770879626105,-0.00038258280204766897,0.8294374223178815,0.8390453980355409,1.146011046813583,7.602495030423597e-41,6.977787053757566e-30,0.28903657891460066,0.17801639631217717,0.21841997592446427,-0.2504560776800707,0.1190509377934632,0.22410684696489724,-0.1262494860257577,0.7493205332867119,0.7833790621543841,-0.05869623909972502,0.0840836903233444,0.11062301430504748
2025-10-21,252,0.6399076889987634,0.6325887395881691,-0.0005158746919439686,0.7707353493575242,0.780379354156431,1.147669040279538,6.622357294892167e-41,5.935051892984487e-30,0.2887931336030033,0.179012340177587,0.22067116463958802,-0.21894949099202282,0.15301326234676146,0.2471141008629848,-0.10378799428085334,0.7923661913755937,0.8200516128143062,-0.05846456982547363,0.0858305870823471,0.11147108361866999
2025-10-22,252,0.6400537839985756,0.6327378039985467,-0.0005217131854544158,0.768006258734349,0.777704538180812,1.147961961035557,6.544610801748452e-41,6.291091358819604e-30,0.2891827068212134,0.17835495280400684,0.22126747713734685,-0.21605886361352872,0.15774073800250943,0.25156748615123425,-0.10416750541154807,0.7916470295241466,0.8195067894518189,-0.05867825724845205,0.08487695822626806,0.11147698412222515
2025-10-23,252,0.6413322124182443,0.6340422167356883,-0.0006811890164940587,0.6997993213200846,0.7143713400706568,1.1503844283624232,4.374763822137912e-41,4.0583802260712525e-30,0.2869401029686259,0.18088973669024522,0.223679401799998,-0.23067761732271663,0.12914769662865414,0.21628655459029922,-0.1447667251984971,0.7134275714360536,0.7508305961848799,-0.05856874350590443,0.08461121130221376,0.11366367359530997
2025-10-24,252,0.6417740383478148,0.6344930228670793,-0.000606457973587461,0.7311673371672758,0.7428069069055007,1.1499607179108713,4.2601681461383027e-41,4.6355214570937704e-30,0.2871808129225628,0.18011664492510712,0.22383978971579188,-0.2276998965425653,0.13412537522589826,0.22219698035964064,-0.1394582301595415,0.723405453172841,0.7598547884483584,-0.05873964633447466,0.08353474778101055,0.11292356137916507
2025-10-27,252,0.6425585404167029,0.6352934700999693,-0.0004992596546125158,0.7771956800931346,0.7847223722702702,1.1498137905267258,3.309352479170851e-41,3.6296243715881194e-30,0.27622806066385597,0.19519640601488256,0.23904602762199945,-0.23284611606243868,0.11885996363036058,0.1970469499091898,-0.1295698853282616,0.7406427714582265,0.7739659400199298,-0.059643379787348225,0.0775796706372212,0.10747211791862292
2025-10-28,252,0.6431086153807025,0.635854725449416,-0.0005227284026732908,0.7670063310991747,0.7748717536381176,1.1544418055595718,2.2011340735595826e-41,2.9693777392352336e-30,0.26248375009454,0.2161694996408909,0.26027882092065924,-0.2234244197458481,0.13368134914685129,0.2155556173150257,-0.12510038997766187,0.7492959770793743,0.7819645377319808,-0.06151562027666268,0.06778595960731981,0.0979625562836746
2025-10-29,252,0.6421652530944104,0.6348921891329147,-0.0004401773097558075,0.8029558937574233,0.8093133117561642,1.1503679054811955,3.1753951522112554e-41,3.773017130558798e-30,0.27661457087365865,0.1941218298467623,0.23779926282070618,-0.21997657372864612,0.1394213114488081,0.22085880722234386,-0.10973050143645821,0.778699234147757,0.8074913351865276,-0.059555832269329353,0.07805441225382324,0.10700232685339024
2025-10-30,252,0.6410079602720762,0.6337113740987443,-0.0004269622839173355,0.8085498417253458,0.815624319808774,1.1518508908013625,5.932767361141068e-41,2.3610054543933867e-29,0.27629076501342914,0.1912247135094485,0.23466195035688264,-0.22037775694778877,0.1381965565617744,0.2200880917370145,-0.11013863045107347,0.7772798139707654,0.8062878023889986,-0.05948861559890646,0.07653687634838233,0.10465241955602242
2025-10-31,252,0.6412585826890064,0.6339670904672382,-0.00037282974545339896,0.8322249569300895,0.8384343529355438,1.1556778499462577,5.148368169105044e-41,4.78839686083485e-29,0.2761636047388907,0.19022969486206165,0.2346837016135621,-0.2166719172086284,0.14464608737165147,0.22850526949708716,-0.10816983216017048,0.7809417466542888,0.8098983824586332,-0.0593189440886895,0.07642883255158636,0.10425881624698365
2025-11-03,252,0.6428357937154405,0.635576358628356,-0.0005826529548806168,0.7410768497905529,0.7513224967504958,1.1632042268041234,1.8688814667146566e-41,2.1113900500036416e-29,0.2685111363343168,0.203550202344512,0.24674292520880214,-0.22276034188895813,0.13446753326760436,0.21696266815013354,-0.10933949791204017,0.7791057076996339,0.8078661301685339,-0.05970100196338352,0.07522902771877425,0.10317883569162749
2025-11-04,252,0.6452871200006247,0.6380775086185236,-0.0006637968304946257,0.7070802328509745,0.720179503120039,1.167790716831896,9.249801553545463e-42,1.9177819152885012e-29,0.27209086019405737,0.1989372355099543,0.24499389093144786,-0.22052520892922364,0.14034583958714458,0.22587745183694974,-0.12314698391642126,0.7523625824567639,0.78453808641241,-0.059437766539395885,0.07693719296768751,0.1059821561515435
2025-11-05,252,0.6461133104141271,0.6389204915201053,-0.0006489992981431685,0.7134727021738989,0.725737735895873,1.1695747387322684,8.066723187576678e-42,1.9266790755624424e-29,0.27020362840810663,0.2020301831745445,0.24838701626966697,-0.21889323567882182,0.14315533830158403,0.2295478597136834,-0.12412901355537603,0.7506450697432863,0.7830161671596148,-0.05960666957559044,0.07617187143300404,0.10531090388711763
2025-11-06,252,0.6458807325611022,0.6386831864749458,-0.0005474253761887917,0.756536821881168,0.7671271866193267,1.1665047525326118,1.2227501472984978e-41,3.623620031455136e-29,0.2674945263756958,0.20568986449330245,0.2515289533284173,-0.22241210045166548,0.13659572360896946,0.22072165213002082,-0.14111427387864575,0.7177055365795999,0.7544381888088723,-0.06011584907881638,0.07348533363776481,0.10329317339422694
2025-11-07,252,0.6473520857704864,0.6401844452373662,-0.0004057850260661513,0.8180003395345983,0.8263014077267058,1.1697901862282762,6.625985203820254e-42,2.181424736452625e-29,0.26810867912287534,0.20382847815914176,0.2540157073242507,-0.2251081400330725,0.13166570195837882,0.21495386634655855,-0.16448590190632711,0.6739086862849386,0.7181902468977424,-0.060621896085269016,0.0705954180898937,0.10267068708219222
2025-11-10,252,0.639276315962185,0.6319445337662946,-0.0003494440227904414,0.8432148660657075,0.8520732491688294,1.174079713810034,2.7418798280901604e-41,9.71932128196136e-28,0.2642336539127653,0.21106315886645807,0.2669400964641069,-0.2252186571497844,0.1288098667515136,0.21080273116214532,-0.13944556680133174,0.7246640398988266,0.7639002382599478,-0.06173558650623079,0.06709346735311224,0.1031983586049737
2025-11-11,252,0.6430102938828071,0.6357544055470918,-0.0005694779999523988,0.7453242494306054,0.7632993225975421,1.1798469900638509,4.515408782116308e-42,1.0767478784249868e-28,0.24617879619999367,0.24116233589300523,0.28633307118363993,-0.2297930478153557,0.11880105643051336,0.20162900140704298,-0.08791554847509314,0.823407025951814,0.8481802345097453,-0.061670866824770416,0.06532226247184314,0.09880687788704115
2025-11-12,252,0.6420016618310393,0.6347252728438654,-0.0005484397389054563,0.7548802656360356,0.7745758557860413,1.1770458677855689,6.56862420732999e-42,1.5101476146158379e-28,0.24609360487877718,0.24192682935088447,0.2890489979622123,-0.21539569488985894,0.14103553152815942,0.22706947846207104,-0.08144550597683102,0.8364389413976634,0.8602634751588392,-0.061786473682255455,0.06512018369318558,0.09833420447773235
2025-11-13,252,0.6370859104762376,0.6297096078436408,-0.00034163941439706844,0.8449152446986534,0.8562056061229891,1.2369705202680754,2.8402700385735747e-40,6.526918108372876e-33,0.21202089485840941,0.3117933660539803,0.3492416233196388,-0.25990431552307025,0.07799451857948048,0.146415859738694,-0.04570535764948663,0.9071136616127802,0.9206734228711422,-0.060744463689213525,0.06787774986100127,0.10584416978151961
2025-11-14,252,0.6382150667173071,0.6308617144148134,-0.0001123242192841939,0.9486236492145697,0.9518187472949456,1.2281382069695232,1.8187008104761059e-40,2.643682728386056e-33,0.20982126495711684,0.3160749204637463,0.3505189815691798,-0.27179295352607935,0.06338206227122199,0.12160814231666477,-0.03183495040658256,0.9351929274299674,0.9439037244508025,-0.062274325264153926,0.06110969775467825,0.09818201478577634
2025-11-17,252,0.6447713581736935,0.6375512638276304,0.00023192007254364583,0.8933887000005237,0.8995140960883274,1.2422268152062614,2.2478384703140228e-41,4.65499500578779e-36,0.1694216465599469,0.4157622489471893,0.44306062118394307,-0.28174166644915666,0.052359246913480165,0.1091349784192265,0.02704899153976667,0.9445287938218128,0.9518348146665748,-0.06665810840172592,0.04324131988041892,0.08199047123807841
2025-11-18,252,0.6426689398866884,0.6354061134616211,0.0003293362043049377,0.849413667461951,0.8582625614528347,1.2478671974834217,2.1314843003069398e-41,9.821588748290615e-37,0.16758105294580994,0.42186482920455926,0.4423643984683918,-0.28565384363712093,0.04960766385584664,0.10437583766065402,0.024563567749765328,0.9497358545932807,0.9562837332013083,-0.0650860975331188,0.04873850472875802,0.08611722321655886
2025-11-19,252,0.6444440260695377,0.6372172786319267,0.00040679090393498196,0.8144483856843368,0.8251868931327816,1.264350984647331,1.8579610493321118e-41,1.1174537784578333e-37,0.14769005835424276,0.4802609410994496,0.4976605950477456,-0.29514126716134215,0.04197551626329957,0.09382528581976321,0.012756159250121274,0.9737134653576034,0.9771623404992982,-0.06412048025858115,0.05159985238561282,0.08871565507223929
2025-11-20,252,0.649887767410599,0.6427716651221965,0.000321581086657397,0.8519901782269257,0.8618079249910997,1.26635698491416,4.9699274639174336e-42,1.8609229181076544e-39,0.14040167204823284,0.5000822392506448,0.5143551864797409,-0.31170699306667177,0.031379282584421735,0.08053045973533919,0.025771931475603804,0.9466875584680656,0.9535486768811724,-0.06350797722023854,0.05277209356072686,0.08791033715392273
2025-11-21,252,0.6549870041329846,0.6479745448673948,0.0004531882232440634,0.7908717225000331,0.8055538765082592,1.2733479645785282,6.609336874889469e-43,1.6444430908356153e-40,0.18607926689941934,0.37013675947919056,0.3811709025214489,-0.31192935562202523,0.02988761059080837,0.07886411892999677,0.011344040037044631,0.9763382142511812,0.9797124767410789,-0.05499812590686565,0.09120770157416781,0.11464955398609133
2025-11-24,252,0.6601402863007201,0.6532325685426046,0.0006149852435198267,0.7180647052604219,0.7394443077776323,1.2809391037201667,2.2450175000927422e-43,2.154767013534526e-41,0.188415478864007,0.36204935897952384,0.37353824349063225,-0.30344769802040605,0.034164697062780955,0.08320177668610274,0.04999086400400149,0.8959665785333297,0.909345367452804,-0.0533991502582777,0.10002983955489081,0.1214528690166138
2025-11-25,252,0.6569545091541676,0.6499820398280329,0.0004994507641435711,0.768763231956187,0.7847932518730507,1.2665913505215034,1.3775243839397656e-42,1.5159231694415507e-37,0.20342607894700482,0.3242741376899144,0.34573274693704037,-0.30866299593034546,0.030674316367522096,0.08314620962420101,0.007047094166383522,0.9852672956627168,0.9875871351676808,-0.053333358576235536,0.0983087954694014,0.120887924834293
2025-11-26,252,0.6565256163689961,0.6495444297098294,0.00046128154114521037,0.7862187252284074,0.8016994738968907,1.2608964250644261,1.8839248374725924e-42,1.456926108134407e-37,0.1969873710782103,0.3431037988523835,0.3612954022090258,-0.30110816734121587,0.036096125486620854,0.0846081398948014,0.030989874526630684,0.9357806190672731,0.9443766874342121,-0.05468025846633097,0.09307808062555514,0.11694531582750885
2025-11-28,252,0.6729273269949305,0.666279508437917,-2.9052780612789583e-06,0.9986041823144549,0.9986932238701332,1.3047619829189414,4.19083633277537e-45,2.5977169181500052e-42,0.15838948651435536,0.4349436732358535,0.45575467531338965,-0.196913658497325,0.16757812566960859,0.16162106402022214,0.26710320654979347,0.4834053406456834,0.48682609817641753,-0.05256291180061971,0.09774089399441814,0.11678876286878141
2025-12-01,252,0.6767610713838621,0.6701911744607698,2.3883689952766945e-05,0.9885278449410939,0.9893154767945521,1.3060306159582122,1.0779021092909568e-45,4.623407761269884e-44,0.1564006819493482,0.4399306455031431,0.4595972680875784,-0.19709106080339223,0.16693004569101152,0.1604800266626717,0.2726784470711281,0.47424978333840184,0.4772942389803423,-0.053058032874643654,0.09442517267524782,0.11372361403341139
2025-12-02,252,0.6777848740973846,0.6712357861725348,-0.00022490343033056766,0.8915659639826097,0.8985176395554001,1.2859452055783192,2.085792687936891e-45,2.860350040112863e-43,0.1805010340816806,0.3706360822132353,0.3975195906255853,-0.18554394880089342,0.1887284403139505,0.17937533714596787,0.3348992640602695,0.37855388224428677,0.38595074370607274,-0.05175950086324426,0.1008067694251266,0.11775064510491506
2025-12-03,252,0.6810434287680598,0.6745605716291992,5.7060617090678415e-05,0.9723569908449679,0.9742337194745176,1.2934724953424601,6.318358894867303e-46,3.2192004121884435e-44,0.17738724268490702,0.37812347324280504,0.41048740087065716,-0.18910247351800458,0.17966942344193387,0.17009551610798612,0.28656480824910235,0.4499018077092657,0.45784074838523436,-0.052657439426986655,0.09452481477969372,0.11675980488086522
2025-12-04,252,0.682836374401721,0.6763899592472844,-6.234591558222375e-05,0.9697198352655058,0.9718210540176677,1.2978291216452467,2.8582665162100623e-46,1.4178292784510779e-44,0.16561984042780073,0.40984648681216995,0.44138137631717933,-0.18660956466884626,0.18422046358377617,0.17628426446947554,0.2589502996529425,0.494262110591134,0.5054544090260318,-0.05364640469297772,0.08771599473590332,0.1126163778008059
2025-12-05,252,0.6837026160206944,0.6772738074032288,-2.409171611789584e-05,0.9882939874830761,0.9891350415018685,1.2972345477418368,1.6797266709688163e-46,4.32371622961911e-45,0.16724037504931957,0.4052244732179874,0.43729901575761354,-0.18636291348580064,0.18471924885843738,0.1766116463279156,0.25786217905951114,0.49599260765089515,0.5074442886791768,-0.05353334023970377,0.08830677066878478,0.11352481916395506
2025-12-08,252,0.682459018403857,0.6760049334120655,-2.5875254832355052e-05,0.9874142528433075,0.9883455454693209,1.296542178549982,1.7239515922821199e-46,2.95530461044356e-45,0.15968803120248976,0.4276237525069938,0.45672343476792276,-0.19003330887470862,0.1756161346496829,0.16807272642058135,0.2605837475107924,0.4912889606144867,0.5023767814246713,-0.05411379012266814,0.08498803826808618,0.11019255527070158
2025-12-09,252,0.6835725225589486,0.6771410697654313,1.2000222022064654e-05,0.9941758519866839,0.9946213870653376,1.3061649427114408,7.673373703497435e-47,9.096647174654911e-46,0.1540601012858805,0.44509465737472775,0.47252578827397296,-0.17558447574197106,0.21350403662180703,0.19941932297789788,0.3122384017637595,0.4132974285472766,0.4224079495409294,-0.05348400841438143,0.08920446199936499,0.1120887129221282
2025-12-10,252,0.6818869490563959,0.675421236638843,3.8417934927041934e-05,0.9813563886660008,0.9828624263317716,1.3051976556880465,1.2870600598180865e-46,4.754442993734864e-45,0.15278079021078514,0.4490657741771168,0.47728540417978127,-0.17741671306396087,0.20862117194258853,0.19398628789313943,0.30425090418150774,0.4251110047787229,0.43301266266979854,-0.053988218225851786,0.08584968698440132,0.10870545406614962
2025-12-11,252,0.6792293795817541,0.6727096515244727,3.278222813286576e-05,0.9840767540790385,0.9852309565734659,1.2995048793315616,2.6594214507668984e-46,1.90614287194894e-44,0.1882517667247915,0.3499648219493864,0.37420483913507274,-0.18202677932139338,0.19584634281314997,0.18029690211357452,0.3222030304320059,0.3983751861735165,0.40636888718439224,-0.04732688016671008,0.13106439644319873,0.143332262163179
2025-12-12,252,0.6804066520968307,0.6739108523427013,3.284669783243968e-05,0.9840353433965372,0.9851957578478191,1.2998209401253678,2.434879005458288e-46,2.6001737379665703e-44,0.1905469850516205,0.3432604071352898,0.37069670407700317,-0.17846161311715297,0.2058603014773931,0.18979903728741032,0.32920127483882017,0.38900690775972324,0.39746309737434715,-0.047233511537331824,0.13160367987323862,0.1452320182995835
2025-12-15,252,0.6787399176268005,0.6722102411558006,0.00014014612788309394,0.9320381676298768,0.9372117872070981,1.295637441326998,3.5146678105332745e-46,3.0114903978099495e-44,0.19912179845805753,0.3226481493282525,0.3503809051824889,-0.1758270521316396,0.21417031418893853,0.19691955737427536,0.3247756569600072,0.39651182498418325,0.4066343157091242,-0.04629297434349585,0.14020011685699063,0.1520461531858904
2025-12-16,252,0.6790514566130808,0.6725281122352978,-8.199968896426934e-05,0.960210111816935,0.963501487996996,1.2930732979783588,3.650687766444927e-46,9.864784643166424e-44,0.20471285345593038,0.30911155553779285,0.340325634383996,-0.16185310877321393,0.25402411759448446,0.24039229526199857,0.32335411204609804,0.39825911833600736,0.4093440202943476,-0.04610293861771146,0.1415784214716648,0.15351233856949587
2025-12-17,252,0.6803209118336466,0.6738233693912411,-6.719372416488204e-05,0.9674157606887452,0.9701807430336455,1.2952204810673869,3.2935421238508486e-46,6.867990254007162e-44,0.21136589538333572,0.29214139712815784,0.3257580413096802,-0.1721407271609357,0.22531000788992375,0.2122137001037384,0.30654172229869325,0.4220236641080535,0.4318645384084753,-0.04541346746157962,0.14713793034101913,0.16029541399768488
2025-12-18,252,0.6829146126316299,0.6764697876851183,9.229091028687851e-05,0.955061084836438,0.958731091808085,1.3062820345574726,1.0096103783271037e-46,5.94438987893724e-45,0.24981926043872404,0.21378362486827127,0.2607190526101747,-0.18234749297205916,0.1974943779702264,0.18133062261284105,0.2825536711214223,0.4575403201250452,0.46667967554194056,-0.0379660099425123,0.2286786315517995,0.26472096775473974
2025-12-19,252,0.685419453385381,0.6790255398363034,0.0002106375229628646,0.8974654151333629,0.9054720615346907,1.308499698113836,5.070757784640308e-47,1.047484606494754e-45,0.25593805317293505,0.20177721847098007,0.25281260527709604,-0.1847506204628497,0.19084982931715866,0.17457159549982015,0.28637533431256845,0.4502233304442892,0.4602959635076559,-0.036282565812467596,0.2489407201516469,0.29728736817645773
2025-12-22,252,0.6849800888769797,0.6785772451549671,9.43987076755908e-05,0.9537719281981922,0.9580195469440342,1.3132507994754348,1.9741813733336547e-47,8.825201860490146e-45,0.16829559677147238,0.419417636660423,0.4583872750567366,-0.1871967311696804,0.18205494607108003,0.17245280461600365,0.22750656273391523,0.5492262711755065,0.5624204912241118,-0.058289015254180294,0.09447389233841008,0.099206972755247
2025-12-23,252,0.6856726169021237,0.6792838489529798,0.0002880128642528402,0.8593105983761655,0.871859609341651,1.3064412733516668,2.547758981810934e-47,3.353418680787211e-44,0.12403624514866207,0.5541631934684736,0.5749260818118287,-0.20015849543714023,0.15290149618983828,0.15027620215280102,0.23988957989522341,0.525800256498137,0.5380465921908562,-0.0681192227079407,0.054529143334874346,0.049384175423422896
2025-12-24,252,0.6852371459006632,0.6788395269149043,0.00024819473690831326,0.8786008322069597,0.8891344991922577,1.305903623231068,3.2278697014010236e-47,4.041302560502618e-44,0.12136908803755028,0.5725388045999891,0.5981769454098236,-0.19892561980522047,0.15587142197801654,0.15282447409183883,0.23525739449831742,0.5348114501345627,0.5503060270239564,-0.06884970292991192,0.06430162952313187,0.07143792668528545
2025-12-26,252,0.6855878399300405,0.679197348871708,0.0001846085255228944,0.909531120711887,0.9175375657485112,1.3106018420638987,3.8260269601957354e-47,2.2006009690334235e-44,0.12380581612524882,0.5646243609131034,0.5899108896100658,-0.19776417218313627,0.15742039769501884,0.1538887093722637,0.22770063750941402,0.5477182640392448,0.5638871901331659,-0.06717439598245595,0.07155521208729644,0.08138158417394069
2025-12-29,252,0.6894109405414475,0.6830981547800947,0.000398707907629605,0.8044836222071632,0.8223301850400039,1.3217352892463508,7.162091743069941e-48,5.355353707430846e-45,0.07662329744131949,0.721590036305757,0.7394133136613121,-0.1934142769562964,0.15023936815182645,0.13383583021611142,0.2585635422861988,0.49061037824648424,0.5060463797594208,-0.07691209672226819,0.039936423055165884,0.044341956528527585
2025-12-30,252,0.6881483909677891,0.681809943629736,0.0003929404017139771,0.8071478988132592,0.8245259177004407,1.3200119333507052,1.1755117786899609e-47,1.5787900008588724e-44,0.07976803420615591,0.71086318857207,0.7302328579309625,-0.19431149950863735,0.14787131240029125,0.1317564558239637,0.2534587444742811,0.4984475426153814,0.5134073611419703,-0.07662179996997698,0.040801415437399305,0.04558430828355139
2025-12-31,252,0.6893069939296077,0.682992095432242,0.00033120984183794224,0.8366655162355432,0.8507608406062656,1.3206151666089663,8.503431861106083e-48,2.2200118255135124e-44,0.08334532457744201,0.698031936462345,0.720302853882418,-0.1905634351071902,0.15496623345974342,0.136249664508119,0.2613928868027806,0.48440581012263206,0.4993364525269134,-0.07684588730249639,0.039857467444636,0.04496297323407536
2026-01-02,252,0.693273396542113,0.6870391159840259,0.00023339534561074918,0.8840007552016218,0.89438944855208,1.324676405508803,1.9662878760163935e-48,3.69586228074928e-45,0.07431650344188048,0.7278410271462863,0.7501838807339294,-0.18761493958039632,0.1598817399921949,0.14173682770449914,0.2577575011463551,0.48874724084452414,0.5051224206862772,-0.07971732754280283,0.03234114579666003,0.038048716858646525
2026-01-05,252,0.6938793253776835,0.6876573604463356,0.0002628946501546574,0.8696525419947598,0.8809465654662625,1.3218914260490924,1.4821069329235776e-48,8.01981035090323e-46,0.05107516721769648,0.8116941191018503,0.827312871855261,-0.19283948745589646,0.1465914638959042,0.13053308171814357,0.2704264554803383,0.4689763025920396,0.483773804564236,-0.083859215076123,0.02436752803682724,0.03020510129215867
2026-01-06,252,0.692580727148192,0.686332367943887,0.000388914204175411,0.8085623298887937,0.8250845540965048,1.3246390802933485,3.6380442126569785e-48,6.357090197329407e-45,0.05364711552204712,0.8026743673323864,0.8190478955941682,-0.1799634774914379,0.1769269854089851,0.15419392881853494,0.31812083923921813,0.4000446908104459,0.4205300125625867,-0.08275682526622911,0.026503090209751924,0.032189691514562774
2026-01-07,252,0.6929350095570026,0.6866938512146652,0.00030371732135615176,0.8498150812491495,0.8636457958545396,1.3257148580403233,2.034375463787746e-48,1.5601443355477172e-45,0.04844149766612596,0.8208356538381404,0.834432191075945,-0.17316397793271643,0.19393618272212804,0.17293359019972077,0.34019065354828437,0.36931852686822286,0.3943927486410772,-0.08236184065070674,0.026814615500886135,0.03183122530061152
2026-01-08,252,0.6940744045779016,0.6878564046709483,0.00034607403836954184,0.8287371056477854,0.8443367396119759,1.3326887905197817,1.200268237924275e-48,1.4153374279527866e-45,0.07595094312070622,0.7226975868714396,0.7445151683244443,-0.18611060159065057,0.16310525944006266,0.14285738746983104,0.28055506707108513,0.4601037584921156,0.48380119496537044,-0.07775054374470418,0.0367223727406017,0.04179913141791899
2026-01-09,252,0.6895571377803085,0.6832473235075505,0.0003602723518644511,0.8217973767969704,0.8373308206762546,1.3307309491515622,2.788058006632982e-48,8.449470164466848e-45,0.0755264085350445,0.7241243652812903,0.7450926241827545,-0.18479435979815875,0.16612741655716703,0.147166825066735,0.2852696780279992,0.4529340097229474,0.47823458105712147,-0.07739841047785362,0.03733599193680372,0.04244922909207332
2026-01-12,252,0.6895234186378112,0.6832129190166285,0.0003315434046819826,0.8359530931787289,0.8505108924950348,1.3318514498775091,2.807172244918942e-48,9.342939417282587e-45,0.07759499690400809,0.7163920037763354,0.7371421653777344,-0.18600888233633953,0.16157121554533943,0.14081501559664222,0.2754817682950841,0.4699785273279812,0.4965019568944826,-0.07695376696266601,0.03794665422773848,0.04217854916657956
2026-01-13,252,0.6921081793600861,0.6858502155259415,0.00041037767129166133,0.79772433881519,0.8138668828211064,1.338253703090653,3.974234649680149e-49,5.350852210724881e-47,0.078734464313024,0.7128452624171394,0.7329013297428284,-0.1859990357560256,0.16454783735557083,0.14410118667286598,0.29150198660210763,0.4484367789081213,0.4779207214618294,-0.07523963132664203,0.042005887387981417,0.046241940338028774
2026-01-14,252,0.694834882893419,0.6886323398627974,0.0006043797850463911,0.7044653603326125,0.7249899441416856,1.3383288815245347,1.156056604119061e-49,5.622686544499509e-48,0.05842769702731984,0.7836218376632651,0.798351865353184,-0.20015395414595238,0.13285405618944782,0.11699368442595669,0.3038772210409205,0.4264726281842638,0.45839557066243763,-0.0788847188119203,0.03231544367695851,0.037300905526904134
2026-01-15,252,0.6944430854251378,0.6882325790313397,0.0006153629118188463,0.6993204631425729,0.7206519396956153,1.338253885183358,1.313389185931136e-49,1.326687184588474e-47,0.057345950923586964,0.7875904989476676,0.8026931591250532,-0.20034925810082588,0.13282789253501928,0.11780767870418063,0.30356371657433956,0.42830385993141107,0.4623785395475746,-0.07912659836237443,0.031563535282115335,0.036906013370146463
2026-01-16,252,0.6914726039954608,0.6852017219628483,0.0005674690537887527,0.7215144832908347,0.7420791207104398,1.3375318840575203,1.8393053548075165e-49,3.480370204418052e-47,0.05825139427202575,0.7843537774728392,0.7994117826395519,-0.19948811509465714,0.1345899013688726,0.11843569157422587,0.3039795295973619,0.4277690419964888,0.4621188884205869,-0.07879034697443361,0.03254413158063284,0.03826669769536063
2026-01-20,252,0.6994584019838251,0.6933498329184558,0.0006888172391510249,0.6653166000840816,0.6885560062756624,1.3282641327452591,3.8855255249775554e-50,2.399668931780466e-49,0.06649825907864809,0.752749194160045,0.7660335766384342,-0.17797878951011348,0.17714361067676934,0.1543400966459739,0.3042379409558362,0.42656904586039956,0.4676879278310794,-0.07597583811359557,0.036705183836292926,0.03901586914391582
2026-01-21,252,0.6984487808438209,0.6923196910235734,0.0007109763672833246,0.6550851744131688,0.6784563613519266,1.3339607254981372,4.520785330003016e-50,2.6297285737305195e-49,0.08721663544043107,0.6769545970409396,0.6952061988188197,-0.18447493683038968,0.1601024487508339,0.13632455135423302,0.30612224775198243,0.4232707360240653,0.4713367730543687,-0.07121835503290193,0.04666809705207409,0.04975149076756026
2026-01-22,252,0.7059490812448599,0.6999724365547149,0.0009175993160845183,0.5588823615264262,0.5925642800759175,1.3386057651040386,3.2028481079061246e-51,1.1977239854797724e-49,0.08840599141054867,0.6683108813052121,0.6930364350543495,-0.2126744537156336,0.10109299646924266,0.08616167385904322,0.13109670213761315,0.7316633613077598,0.74349103430337,-0.0733405782617658,0.03758407643550092,0.043247502292783624
2026-01-23,252,0.7055244506886875,0.6995391752961813,0.0009207014778043454,0.5575849109718023,0.59141546341751,1.3395219941327496,5.045817798871933e-51,5.178074837153845e-49,0.08719414258245195,0.6739836553277827,0.7009625680781386,-0.2128768419433874,0.10082143896207346,0.08609779082949977,0.12277914974243387,0.7470393770763093,0.7575980263054282,-0.07340368685962234,0.037758070197153215,0.044705908404113676
2026-01-26,252,0.705771446260377,0.6997911911030676,0.0008595512884796079,0.5840601388148206,0.618320569161044,1.3369411580029251,4.525064957725629e-51,8.641565981911369e-49,0.09106442329726694,0.6596733319204408,0.6885102149490346,-0.20533860771874668,0.11248124427276948,0.09603961690488934,0.120271713590621,0.7515195392737979,0.7622917117455559,-0.07309145207096712,0.0382849044763313,0.04534618859436464
2026-01-27,252,0.7062827759633911,0.7003129136862243,0.0010017216235495092,0.5238536263604121,0.5613411509813553,1.338848180385694,3.97033360128226e-51,7.727494601118032e-49,0.09864439927652102,0.6322884285367197,0.6652345141699854,-0.21483367495840727,0.09603529596921705,0.08136719056706578,0.059394392935730414,0.8748116304959251,0.8814629403852449,-0.07219209696836212,0.04034778122427603,0.04903762646720786
2026-01-28,252,0.7054658821025159,0.6994794162915915,0.0009649659881893081,0.540184645348273,0.577137170842821,1.3387351499317415,3.900031475424766e-51,1.44231929275691e-48,0.10015674516964629,0.6270850021481502,0.6622743849037966,-0.20987696209197057,0.09625422118724763,0.07454317807018625,0.06439792307068429,0.863176846693237,0.8696187482905899,-0.07275027476967012,0.03902879483042425,0.04838610620030394
2026-01-29,252,0.7089834761005337,0.7030685061025771,0.0010906614809236671,0.48738553885373714,0.5283664947768205,1.3301495085759814,2.2928845044243562e-51,3.3064727632693095e-48,0.11361318979028723,0.5809816353125838,0.6257226259389213,-0.19822716792139694,0.11599487617235321,0.08913585942420951,0.09862914240154537,0.7918535281945805,0.7999075615124156,-0.07285542530329975,0.03816796850025027,0.048387366287552996
2026-01-30,252,0.7057487915682779,0.6997680759497469,0.0007125076068637069,0.6496190163192541,0.6787453981638492,1.3283243093301194,1.1390882725036003e-50,2.2268742417160028e-45,0.10999649027748254,0.596256270963637,0.6491145519832959,-0.07036500509408417,0.5215626583446518,0.5694107000288551,0.1996322660460135,0.5934188539492047,0.6163157710514422,-0.07422309078628532,0.036057181689350654,0.0438758348796228
2026-02-02,252,0.7103214654320436,0.704433690339199,0.00036103025773784217,0.819615691464116,0.8387433276719605,1.358746206427479,1.2657460192409862e-52,6.63678680641339e-48,0.12064561232745785,0.5655260559227491,0.6118252794268697,-0.06715297596981847,0.5453386600029096,0.6058610924227676,0.15214722870767247,0.6867045292415683,0.7028040846455608,-0.06648118961002625,0.0626146759797287,0.0669279153299593
2026-02-03,252,0.7154882428404434,0.7097054835485825,0.00019703108503753525,0.9004215111849648,0.9134637621978648,1.3611217807638685,2.3318019472770625e-53,4.948487812964002e-49,0.11222817014721798,0.590420284908207,0.6391139685594085,-0.053753238971985404,0.6151055624361077,0.6754842958004446,0.11867798816604434,0.7510263467293424,0.7773331479303078,-0.06802164525186481,0.05519812092838747,0.06553941984341495
2026-02-04,252,0.7312967157391665,0.7258352668720764,0.0007018759512729719,0.6412160987746663,0.6840778003330188,1.3638019291338837,1.3611604307053567e-56,4.954458011013276e-51,0.13293470157062165,0.5041119299267987,0.5621008020377616,-0.022414024375854436,0.8267018015377425,0.8534827275762424,0.323505793000083,0.36881359164560334,0.3891921655761962,-0.054929860535657286,0.1057715759620616,0.09090052754628837
2026-02-05,252,0.7386338125143382,0.7333214916304833,0.0008288076563318023,0.5855669045946266,0.6320933204128423,1.311963624118107,4.2653977423732325e-57,1.3295766839371121e-50,0.19306746639831796,0.3328374982682041,0.39539189065941516,-0.03198441664607169,0.7568238635066038,0.7892836669824193,0.2939343998327193,0.4236715903639431,0.45284084803377134,-0.04893580880898339,0.15150458322107282,0.13439176926974308
2026-02-06,252,0.7455761796406968,0.7404049637797354,0.0005395698806812136,0.7226901924400175,0.7561981460898012,1.2917868461067075,3.3554945589965324e-58,2.3864459181603955e-46,0.20636887902555767,0.30253563868613303,0.35365163012514755,-0.038992194790734847,0.7058850219337336,0.746112380202584,0.3085783867359311,0.4018826431777158,0.43111780821472245,-0.04664853175355031,0.17418117935901306,0.14441002032471792
2026-02-09,252,0.7472470472580321,0.7421097921210003,0.0007730383813725618,0.6099557736911283,0.6556847844632152,1.2884308389315078,2.0183289569243693e-58,9.069859837866772e-45,0.19372284453624877,0.32853823507750324,0.38419610854479724,-0.04032200771287622,0.6950982878827844,0.7383027344298769,0.2793847179386379,0.44372021662620187,0.4723257961317613,-0.05143706537521327,0.12657038459344205,0.1009900536432364
2026-02-10,252,0.7480278498562407,0.7429064646907171,0.0007993433686541268,0.5977387269359508,0.6443310428249036,1.2914864585111228,1.329537911003767e-58,3.556110219971966e-45,0.18623298373119151,0.3479356273898524,0.40252392506168255,-0.03432544984737202,0.7383907690722114,0.7734665816684909,0.3061162554179166,0.40243027616013893,0.43224538868731155,-0.05142901659887516,0.12638836899535577,0.10080374028046318
2026-02-11,252,0.748547749456726,0.743436931356253,0.0007872744927548666,0.6033742229827038,0.6503147285882686,1.2924822775890688,8.912221013079977e-59,1.1250846661132111e-45,0.1873336718987204,0.3450681928333148,0.4002206898704006,-0.03504120727411644,0.7334943526943172,0.7693094274382495,0.3059562488946404,0.40354682034481903,0.43386308946446284,-0.05115903974608405,0.12821636482692964,0.10211866385430163
2026-02-12,252,0.7469352163968344,0.7417916232341684,0.0009169640606105191,0.5457709908472748,0.5962210514909159,1.2951531171070836,1.0086255193263774e-58,6.489585324498999e-47,0.19359952196728558,0.3303926633800901,0.37767299531913234,-0.04989115492848753,0.6263002891967515,0.6823143927950515,0.30036919678413376,0.41399520773459964,0.44343005200669205,-0.047383058955316686,0.15805440976692384,0.1255848507751934
2026-02-13,252,0.7477255962358336,0.7425980677040416,0.0008282058553515138,0.5847910999367929,0.6325700336545363,1.2921965069464039,6.4169883957785165e-59,1.3039976343002772e-47,0.19766039470454932,0.3187359930563648,0.3658145330718757,-0.04846280514575507,0.6347966852634979,0.6890396088180228,0.29939267217938337,0.41432715483674176,0.4447280185360234,-0.0470994710757089,0.15970930146789986,0.12697581895860843
2026-02-17,252,0.7479616679710532,0.7428389376452617,0.0008290462295299146,0.5836962976302855,0.6303024902765292,1.290999594747802,9.523327327878051e-59,4.690663566174495e-47,0.2041534693488039,0.3045176385477514,0.35660775191340455,-0.04681170538536281,0.6445680117679561,0.693199455571324,0.28516893729685894,0.43887516000450566,0.4716866685535862,-0.046650541491910086,0.1636875249886545,0.13099929189454593
2026-02-18,252,0.7479660262728768,0.7428433845304556,0.0007948432785933057,0.5995743351543736,0.6460492679948167,1.2912571561019939,7.718691591693856e-59,3.1708479340139393e-47,0.20306704020937988,0.30712395910950335,0.3585473333303463,-0.04577182987057612,0.6518287471917882,0.7004420070082773,0.2906262252993313,0.4312670140372432,0.4661011194494068,-0.04660049304702149,0.1641009708848125,0.13139424608499126
2026-02-19,252,0.7475492632957808,0.7424181507611421,0.0007211714794771687,0.6336226435480063,0.6758696264752767,1.290593432726776,9.122117626928449e-59,3.882992752528406e-47,0.2019027616715096,0.31049206210521585,0.3629421559688907,-0.04806099310463272,0.6373078646985048,0.6888714377920357,0.2738355489318386,0.46024420842410707,0.4947285115045621,-0.0473268715668389,0.15825912753720953,0.12667579980449675
2026-02-20,252,0.747124507237189,0.7419847614493271,0.0006677079500784014,0.659427273532078,0.6998013801242309,1.2899084235591771,1.1903213890936904e-58,3.7095902511810573e-47,0.20312948474959863,0.3079072631032334,0.3587050606271749,-0.05098478716923338,0.6167999761720373,0.6725711528455802,0.2721787172136699,0.46328968759052735,0.4974276816611035,-0.04681943871652047,0.16288338485586237,0.13033914985711317
2026-02-23,252,0.7484275167766785,0.743314254922546,0.0007410966012582085,0.625289372817542,0.6706675415719527,1.2874238122189943,9.106336468025002e-59,6.762685788823907e-48,0.20585157477672955,0.3014827966304027,0.3507497525090201,-0.045235615445941485,0.6552086410146964,0.7010631539573422,0.26626306673531397,0.47495374450562666,0.5125813633966683,-0.04597311769638686,0.1703967442532607,0.13595055434135023
2026-02-24,252,0.7482112582691057,0.7430936009168518,0.0007107927857441557,0.6393876024352818,0.681612240362627,1.2870258829839378,8.240646987758856e-59,1.0761821593589156e-47,0.20685941408775527,0.2990128016747992,0.3506095992934547,-0.046174907028748116,0.6482447356160828,0.6947359734363048,0.2572124006480122,0.49073641682488234,0.5290209033283971,-0.046810764998778676,0.16300796134389028,0.1308214853197156
2026-02-25,252,0.7512659750850663,0.7462104054729741,0.0007570932103293049,0.6178563248885808,0.6591454959454109,1.2961560376766468,2.0776624094543765e-59,2.596217099509624e-48,0.20449730887877587,0.30505816731329627,0.35778349396468845,-0.045929980129101836,0.6503464399178331,0.6964256231797434,0.2531422261703879,0.49806646850093494,0.5346851195541847,-0.04717709356423334,0.1602234662847095,0.1270957196464354
2026-02-26,252,0.7534033828353852,0.7483912564702508,0.0005945211633623846,0.6939935194864113,0.7293763383016653,1.2999123410810167,7.529381294417287e-60,5.377090156792415e-48,0.22369603607866295,0.2602031516039042,0.3202157164361862,-0.03441476449868586,0.7337724987758999,0.765793024550542,0.2852014865419062,0.4441473770520489,0.48367532757864673,-0.04399033108102683,0.18913227168476499,0.15312948225360462
2026-02-27,252,0.7521780993087985,0.7471410688069449,0.0005606636651242667,0.7107096590335722,0.7437696239937442,1.2999898455644714,2.80108442622303e-59,1.7572612113737408e-46,0.22390775820639802,0.2601051811143816,0.32168970665213836,-0.0356718410870218,0.7245386371303688,0.7579087354315679,0.2863040873447892,0.442657834241168,0.4814706930655823,-0.04440160904246338,0.1853067733921502,0.14918475001763096
2026-03-02,252,0.7532894987098946,0.7482750576267624,0.000588137988666676,0.6978471945011608,0.7306307251858846,1.3000508049439068,1.6069516219099665e-59,2.5302830973742866e-47,0.2089031015478761,0.29755785348946867,0.3612188665215983,-0.037863012907356476,0.7073150313618823,0.744368262726431,0.2898819862306067,0.43587266196092067,0.4756445336377324,-0.046351145896099136,0.16385000415968912,0.12858061340068874
2026-03-03,252,0.7549900132653355,0.7500101354861757,0.0006753996812812453,0.654092153335435,0.6877671401263694,1.2962395504375792,1.415800142115332e-59,1.925662021800057e-46,0.2207952508020788,0.2695980975216979,0.34577488519348276,-0.041328909379916214,0.6793871637339319,0.7201598560526915,0.28411108706014104,0.4427246965890673,0.4823187452386114,-0.04705470635122732,0.15523017948609816,0.12397913863782782
2026-03-04,252,0.7608723536833705,0.7560120356688048,0.0008051572271164,0.5895936143485212,0.6272240187241032,1.3044067929888907,7.775955011824443e-61,5.07952555424079e-50,0.20069044467794672,0.31132938742213173,0.3722742057942142,-0.03378849370495286,0.7330568336694354,0.7659251930767225,0.25015704148536394,0.49541114149598986,0.5395307969295444,-0.043721672484739765,0.18176514474853217,0.14529716021430264
2026-03-05,252,0.7609112258952059,0.7560516979662466,0.0008517814535247054,0.5684744167474325,0.6064294437795217,1.3036134913800819,8.9910777675949e-61,3.434759058892298e-50,0.21052445875199605,0.28581174749170773,0.3444009879268507,-0.03503695874481289,0.7239276581414233,0.7579519549713344,0.2557650123520189,0.4888434012507681,0.5358735811474329,-0.04165742090813026,0.199451976810019,0.1575075360808541
2026-03-06,252,0.7618265788338205,0.756985655639386,0.000992985573843584,0.5063297269618638,0.5494345353162983,1.3054205229306168,7.033692926485415e-61,1.861182555245352e-50,0.23147635341171385,0.23665971707840916,0.2972408837460676,-0.03316372612459542,0.7377016559699335,0.7689149494726797,0.24879970231679,0.5002093883553873,0.5479526862099048,-0.037313764576599774,0.2423970334132014,0.19778290723830694
2026-03-09,252,0.7616608525188939,0.7568165609034243,0.0009271302611867226,0.5348775065020521,0.5734861216900278,1.3054674271214837,7.316867447010877e-61,2.789272564596121e-50,0.23747229526372027,0.2245678117207269,0.28825381427173224,-0.029114034234904225,0.7699468628009873,0.7956151716487128,0.2697478555059548,0.47633436648621075,0.5354608174584299,-0.03605601349399154,0.2557678869717104,0.21170242183343735
2026-03-10,252,0.7617855200098753,0.7569437622864988,0.000848555637373432,0.5698496445407935,0.6077600371188911,1.308536232935122,1.0042101770902091e-60,2.745149388916361e-50,0.2386809269850011,0.22150438355778443,0.2842208431841905,-0.029212964195263272,0.7684945085900434,0.794286958757743,0.2826085950297953,0.4560506701545868,0.5175774987323483,-0.03480664652630852,0.2725179536295823,0.22836473669152435
2026-03-11,252,0.7532903802106639,0.7482759570442139,0.000814119322805103,0.5854872321614883,0.6189133148718311,1.3107114868635374,4.7007159341288834e-60,2.0950462090509963e-48,0.2442519828752422,0.21288997549397268,0.2783699731824153,-0.02912497704704145,0.7690603787942469,0.794272050647267,0.2790280423546978,0.46143171502916336,0.5216821544298533,-0.03424859760675938,0.28071108220179924,0.23720909842809657
2026-03-12,252,0.7556645211676849,0.7506983528987354,0.0010580416748300478,0.47612318343239035,0.5147128030533559,1.32642761092188,7.858825385552325e-61,6.475271684477824e-49,0.2127036149810228,0.27637140688722256,0.34291440104442483,-0.03138755238262121,0.7503460141519015,0.7799788483284085,0.2649517842012426,0.48080887310777287,0.538367957944971,-0.036630386248964066,0.2464121266611973,0.20903628611899183
2026-03-13,252,0.7570576522903146,0.7521197996945893,0.0011607973562684588,0.4324956064692097,0.47362005250472117,1.3261399309965458,4.243556111164756e-61,7.482599193159277e-49,0.20560043178900345,0.28898071475180204,0.3613400341844354,-0.026607447524467698,0.7869474904949562,0.8120536413704985,0.27921560340303286,0.45477634208644857,0.5137868601280566,-0.03910839736790888,0.2145637378908561,0.18426725003661837
2026-03-16,252,0.761133153777172,0.756278136577521,0.0012578942441004977,0.39613459543459195,0.4346495904851675,1.337669171054141,9.417059792710711e-62,9.177927618059627e-49,0.21116931430580838,0.28186070095999527,0.35256714659237165,-0.052095504222869196,0.5974531161053491,0.6535904991587518,0.17527273355167888,0.6384722761405,0.6802863387308224,-0.04034698406935131,0.2033158524550678,0.17197510521891024
2026-03-17,252,0.7630903619496638,0.7582751254039253,0.0013742405676962779,0.351648207492678,0.3938895332500443,1.34057345585085,2.8752371437027353e-62,3.673232790527899e-48,0.2275360696145306,0.2449388887523863,0.3261106305257526,-0.05400195757703789,0.5824754622246555,0.6418345504728564,0.15927580124941926,0.6680781786558407,0.7073842394326174,-0.03994508536971747,0.20540762379395017,0.17771023664650887
2026-03-18,252,0.764189549190057,0.7593966538483915,0.0013730125053704298,0.3520422634508966,0.39510166550194126,1.3403234174561283,2.595845512498338e-62,1.902949779754559e-48,0.22902867427012347,0.24220644640968808,0.32198882276191887,-0.0545304382933629,0.5781923779658049,0.6378713958643003,0.16449100433200706,0.6580088100339272,0.6981616102669566,-0.03942305856564013,0.21183113737057946,0.18324703525827113
2026-03-19,252,0.7661333072267211,0.7613799191622236,0.0011875495024155206,0.41840234122740116,0.45367181115035216,1.3417251633885807,1.074762534762747e-62,7.19900276125301e-48,0.25257605902976216,0.19744493473624952,0.2837477129154178,-0.04881367111178263,0.6007830775890417,0.6400015285044509,0.19016852269778653,0.5969071285574501,0.637428749779116,-0.036500000808841554,0.24602923851637848,0.215829174607725
2026-03-20,252,0.7646978181913724,0.7599152535204654,0.0012318541140339686,0.40079944451353955,0.4383567083635548,1.3442877659438113,9.181216693257611e-63,1.6902520168377977e-47,0.2516644355454552,0.19763529512936695,0.2837091588219235,-0.04886123022081302,0.6002588954284793,0.6398986279777972,0.19394424632826404,0.5885158164310895,0.6281908326248263,-0.03679963607003292,0.2420578464688729,0.2130727806710745
2026-03-23,252,0.7639108875779325,0.759112328382362,0.0011771368704151177,0.42231898993980643,0.4562968598309325,1.3450731005335883,1.3051945350811982e-62,4.0374342319032057e-47,0.24257388356246512,0.21176596685991492,0.29403946984225104,-0.0405209933570301,0.6571928162004941,0.6847912759367079,0.2205659462430934,0.5324737776184227,0.5754176641798179,-0.03769463079576027,0.2301300501623925,0.20033498032115105
2026-03-24,252,0.7639166314812629,0.759118189031695,0.0012677089725942785,0.3873206298851809,0.42200612466989584,1.3451417647023622,1.268011888963752e-62,2.942629181999267e-47,0.23831032814286268,0.21914444529699456,0.30136364136455795,-0.04033637201943406,0.6585786395846265,0.6873487890363598,0.23674932901161871,0.5014801202204218,0.5459943920000313,-0.03820993633775539,0.22361962067088115,0.19442611741309912
2026-03-25,252,0.7624132720600532,0.7575842735246884,0.0012533907204591017,0.392955243703759,0.4294765630270799,1.3463929793146678,1.5599280436092993e-62,6.110941925095043e-47,0.2463180095834575,0.20457500802037157,0.28770626132976007,-0.048376586550663785,0.5928492939563249,0.6279391255337543,0.22181760823740176,0.5277544414468187,0.5689459480844312,-0.03701269528891395,0.2381350098119214,0.20830088103896194
2026-03-26,252,0.7636306128705914,0.7588263570346279,0.001291833004879264,0.3777405773737459,0.4148978821248035,1.3460912731441796,1.4913677784865313e-62,5.125083542617697e-47,0.2452147860245658,0.2044935319193334,0.28613756500512855,-0.04930637213853748,0.5829424464896331,0.6157531180531711,0.22099841073421775,0.5292191319015594,0.5703652682747966,-0.03720067860329008,0.23488749862016597,0.20399513900960442
2026-03-27,252,0.7631187942452622,0.7583041355917106,0.0014519870807276996,0.32284315483225323,0.36130502956225286,1.3448064911183635,2.089632346638053e-62,1.004508149450012e-47,0.22014973510646763,0.2574729759416421,0.3334982310517707,-0.03623060299886555,0.68477666279702,0.7042827265559513,0.2714288742646806,0.4397192690810453,0.4885968017739789,-0.038608870387807886,0.21913917456503776,0.18824804295979303
2026-03-30,252,0.7631711863410567,0.758357592567501,0.0015100425497373534,0.30361983384340385,0.34244313870299725,1.345634568677461,1.8176341836720194e-62,6.960400238553431e-48,0.21235718735162307,0.27251686677689085,0.3470571883707425,-0.034178938291877466,0.7014192054848674,0.7199413093631629,0.277078365772369,0.42932829982342924,0.4795092456529023,-0.03957513423554581,0.2064964473912213,0.17520491734748467
2026-03-31,252,0.7624553441091781,0.757627200696763,0.001493075679886272,0.3096570564536311,0.34474597213282765,1.3461757102433358,1.6129527946043883e-62,3.8535722658457404e-48,0.20800344383336566,0.2816870635351241,0.35035374039247913,-0.035339079691331494,0.6916897376571838,0.7113143056980514,0.28339788601425664,0.41799827047758276,0.46691181247519153,-0.03947359410321497,0.20768703787396073,0.1758851178604729
2026-04-01,252,0.7616101808750595,0.7567648593481298,0.0015742665601062805,0.28464990321148786,0.3194909678792882,1.3436062646259999,2.670643969297824e-62,4.381631731666779e-48,0.2160766087523902,0.26314766136647466,0.332754080813609,-0.02843550434266056,0.7493184227431736,0.7621983997409946,0.2860221747617701,0.41430368075393453,0.46329444482374815,-0.03875993208352042,0.21615628834614706,0.18385840486224214
2026-04-02,252,0.7607361170901202,0.7558730300391064,0.0014929712273331688,0.3106793858983294,0.34456043863273433,1.3459751447629247,3.379346869515572e-62,2.0080403009731256e-47,0.21834625064743957,0.25900319380170933,0.3283400558690174,-0.022048889900991187,0.803939388588609,0.8119900298900576,0.2819996148873289,0.4215566336217689,0.4702446122678319,-0.037857384795295636,0.22770520539989506,0.19405547258695677
2026-04-06,252,0.7595686433524739,0.754681827160451,0.0014869786337119272,0.3121077348199502,0.3461182610261935,1.337989719014583,1.298790166784682e-61,1.363993287917199e-48,0.2251629410177569,0.2452780164261061,0.31096270763943956,-0.021598726536765235,0.8077803626317585,0.8153980211778403,0.26361499934865174,0.45333463384900186,0.5064452987195113,-0.038293699099702906,0.22177984077024837,0.18861535615662361
2026-04-07,252,0.7631251787103633,0.7583106498223626,0.0013133460327506706,0.37100130317367574,0.4000621372757758,1.3256270672259554,8.197568805843794e-61,5.96132612229917e-52,0.264014241525362,0.17457954893557906,0.24604418718107401,-0.0027181164762263427,0.9757370418975895,0.9758975919685674,0.38418526934431874,0.28629924052842404,0.3432243530298933,-0.040024924447775743,0.19817564761318204,0.17376314321285302
2026-04-08,252,0.7628759115926719,0.75805631629984,0.001145443136705306,0.43749326850183956,0.4665251149020586,1.3236300132660752,1.814906285120145e-59,2.3054733768508116e-52,0.2727992686193894,0.16288096024121587,0.229880942396807,-0.0028851792549992317,0.9742987848961429,0.9745655368629286,0.37425409404134413,0.3024182610956744,0.359707910287446,-0.040262585571873684,0.19940228624687556,0.18670353270049556
2026-04-09,252,0.7641378459051807,0.7593438996837414,0.0013601156960802512,0.34431885861101186,0.38032804730960434,1.2949084148710732,4.356603531492489e-59,1.1497371133539532e-60,0.3294475468693748,0.08505206666141382,0.10682788089823704,-0.02392037581680137,0.7845359844218718,0.7965992533883675,0.3755828525986025,0.2882002315816713,0.3556982044627285,-0.0342503046848667,0.2624128688281618,0.2460869502328945
2026-04-10,252,0.7630186010145756,0.7582019059132459,0.00134032473956605,0.35141279674888115,0.38414938593551384,1.295629155248497,3.8997483974908514e-59,2.0153460396247392e-60,0.3319433909008859,0.08312301319245,0.10414374849230493,-0.024292492831324175,0.7810262392243127,0.7931180021523191,0.3773018565036493,0.28580688203021076,0.35343377155919553,-0.03416376133578443,0.2635659960045931,0.24741475956182812
2026-04-13,252,0.7593199843481142,0.7544281141112873,0.0013241602753347708,0.35481792058039807,0.3808513477217986,1.2857254725168907,1.6889182496393647e-58,2.3181433514999624e-58,0.5308519655337696,0.01428525036999157,0.010563693283565366,-0.017442831499426985,0.8413340739851419,0.8445822575782332,0.3325572457922381,0.34412813228339945,0.3960575512109762,-0.02169811165295344,0.4815917921787156,0.46455303863925224
2026-04-14,252,0.7543531052494339,0.749360282185398,0.0013406845871217032,0.3514960047361384,0.3685454215539986,1.2908062806830984,8.797426653417166e-59,9.009243138397804e-59,0.4732778959238134,0.030413110492222457,0.027113675509199395,-0.021920892640356356,0.8016060911348843,0.8081408997311712,0.295909306372224,0.4149393415985958,0.47585101706736566,-0.025460981503828084,0.409650548785373,0.3872782317339888
2026-04-15,252,0.7574467463672488,0.7525168021877214,0.001445787581609529,0.3117985730190469,0.33009149293114304,1.2969056966545747,1.6794301186687338e-59,3.459279623203645e-57,0.4994529810241296,0.02088170384582412,0.017980027506207853,-0.021653365261162516,0.802514916990737,0.8082172620502563,0.19827123345344355,0.5861592918033937,0.6333845257207975,-0.023833509771974293,0.4351836772333386,0.4110793344157637
2026-04-16,252,0.7566456251024037,0.7516993979703388,0.0013417251152345784,0.34894929573162947,0.36925756883098915,1.2964126263375597,1.9486820893382786e-59,3.338988021040468e-57,0.5117693841640749,0.01951670989180283,0.01791876751876142,-0.02056876095709842,0.8123485828849034,0.8170623917818386,0.19683884475889407,0.5891147262764618,0.6366724685332728,-0.021230111491586753,0.49828245050926445,0.48593624137020397
2026-04-17,252,0.756722141621342,0.7517774697030766,0.0013530071730319963,0.34558404612335414,0.36498429364705254,1.294877962217434,2.3448340306469993e-59,1.0168582683974528e-57,0.4965704644379507,0.023007578516406533,0.02056672061962252,-0.020043032123385367,0.8172329914160956,0.8220161284068613,0.2152411165502221,0.556913834022262,0.6091601531517454,-0.02320219203312608,0.4589310702817392,0.44591637133152984
2026-04-20,252,0.7568694156982677,0.7519277371555496,0.0012313238105869603,0.39329564514496806,0.4100310015831444,1.2945419439900654,6.104148679464551e-59,5.600627428244134e-57,0.4993777574096176,0.026248627170626482,0.02944156696090346,-0.017326958659307445,0.8421367387791916,0.8457149366106644,0.2331537132804572,0.5262865466412041,0.5832178449063452,-0.024508723761844528,0.4373882388730177,0.43274117555775815
2026-04-21,252,0.7572442110570419,0.7523101503061688,0.0013039161032809019,0.3661588258012597,0.38040118652237165,1.2954346952915778,4.203298420420431e-59,2.9082421241936144e-57,0.4811796703199283,0.03350885281679072,0.037487351065785504,-0.0177275519953983,0.8380214893660424,0.841580645208628,0.2316401322941813,0.5285025413927829,0.5845322453302568,-0.02746300368694897,0.38936654919641767,0.3911061786093094
2026-04-22,252,0.7577741021590656,0.7528508115525425,0.001415303358687911,0.3284948662235737,0.33612971981700246,1.3048847255165308,8.875163180499668e-59,4.345933160618696e-56,0.42151132122511836,0.06413861137697228,0.07803316207964918,-0.01653347892103213,0.8487191428840497,0.8523677296171098,0.16452670026645227,0.656796118100724,0.7028771230964894,-0.03030770259353846,0.3406866933354892,0.34423776918857785
2026-04-23,252,0.7519259668507302,0.7468838117054198,0.001310368582204794,0.3648539673268558,0.3774769421933335,1.3018262838266492,3.20606522761195e-58,1.759587157911792e-54,0.43218049390828794,0.058304275630712804,0.07343717200573496,-0.016066750441793183,0.85311472601305,0.8558469259096964,0.1491113363174275,0.6889937670676083,0.7340938643169637,-0.02950506248360381,0.3544996103623421,0.35674683935271845
2026-04-24,252,0.7517419813881963,0.7466960867009644,0.0013021878120281901,0.36782720457275797,0.38198935457236094,1.3024983904368772,2.3712816164196794e-58,6.884032113959035e-55,0.42586602150834363,0.06377533314230809,0.08659544502290163,-0.015057802216171035,0.8629387769570129,0.8671140787959362,0.1468218188911175,0.6946468853758254,0.7430207000256093,-0.029980796864007758,0.3476840582765477,0.35324318605498106
2026-04-27,252,0.7537331849075838,0.7487277618365997,0.001302661774889753,0.36451079856902535,0.3812254512282337,1.2957721850808297,4.359394012387934e-58,2.1823394948471373e-54,0.48985360276180484,0.035265779845604216,0.047584913235735056,-0.011925680326783983,0.8907060289274551,0.8927833377742088,0.1108937756528991,0.7663768728796848,0.8043064231159183,-0.025111975080179844,0.4310271842760467,0.434151664004936
2026-04-28,252,0.7535848028731679,0.7485763639071754,0.0014166175361712452,0.3231875224718025,0.34016920994846434,1.2955747586645336,4.696574460774898e-58,1.2317891680209999e-54,0.4805922090532522,0.03808716007955802,0.050899678620757824,-0.017149330927992583,0.8434077011593291,0.8481449418365679,0.1118185147272161,0.764557423850597,0.8024149542573535,-0.02677019709079241,0.3995061555373327,0.40245979958896294
2026-04-29,252,0.7536419932666375,0.7486347167070163,0.0013794705548914742,0.3363659809296897,0.3522454548083217,1.2955805139604948,4.84374932524269e-58,1.3800502298995023e-54,0.4772246616120356,0.03918378228342557,0.0516611227453487,-0.016660019263924686,0.8478138176624666,0.8521355875616323,0.11135219876175606,0.7657928577727587,0.8035101661203018,-0.027459551700227403,0.38629098969255093,0.3880388814868989
2026-04-30,252,0.7532292289802416,0.7482135629026042,0.0012990288080111032,0.36539790842896114,0.38212536500458527,1.2965569737134652,5.201503355618368e-58,1.3261023627823736e-54,0.4839176440354924,0.036503084121115754,0.047057502058010896,-0.017159915083119585,0.8434292181600274,0.8479857440360834,0.13913395811409673,0.7081112376097725,0.7525315681207971,-0.025305408887663375,0.4230022563870024,0.4191921155847995
2026-05-01,252,0.752561634892335,0.7475323998291711,0.0012449697232865143,0.3867488083768573,0.4030108094584388,1.2940845223334145,7.718217432369911e-58,3.301076852451639e-55,0.470668269176186,0.04180215863253023,0.052687617961677806,-0.017561368060553716,0.8400724995376494,0.8447994765584734,0.1320359631554654,0.7228346244841153,0.7650154078860827,-0.027243207468688274,0.3880514772701118,0.38291960491685983
2026-05-04,252,0.7530015608658287,0.7479812673874919,0.0012746525755026141,0.374506902574259,0.3924282343408494,1.2947596443864082,3.943295472936615e-58,2.6767784787914753e-55,0.49090712748544385,0.034996285333873646,0.04672967071094397,-0.021648736804906032,0.8032359722252599,0.8111879762976265,0.15580279249614665,0.67647286577541,0.7286777456389091,-0.02513753887397989,0.42629446213178457,0.4240384347148385
2026-05-05,252,0.7526813750797956,0.7476545737602793,0.0012516107747347334,0.38336052605278903,0.4039967843746993,1.2930578276257942,5.942833943180226e-58,1.328664220804224e-55,0.49315358679228605,0.03446795943307316,0.046597028346976516,-0.02313121673281173,0.7901541842030432,0.7989271350392319,0.14410594432242685,0.6998340807694357,0.747673624487553,-0.025243278093467977,0.42468043849637926,0.4220216632499919
2026-05-06,252,0.7525564511416306,0.74752711071768,0.0011428636775324583,0.42682968591549786,0.44123529734168854,1.29771176777657,3.2350394974050636e-58,3.576249281416816e-55,0.46131678132861464,0.04449091050677727,0.06001049848047672,-0.03478593556810602,0.6897541143816284,0.714113790051877,0.1582953404218983,0.6716978659472741,0.7224838726655074,-0.02886475762419842,0.3569640868388946,0.356053661695963
2026-05-07,252,0.7541059539773769,0.7491081075135024,0.0012463762788821697,0.38545299539072975,0.4098604613414739,1.3039781580369585,1.627298293221888e-58,9.976172432600087e-53,0.44121950314490105,0.05468639020962512,0.07092807055482345,-0.027821508455704816,0.7495264581941785,0.7644621782770328,0.13055990438553644,0.7262373731250609,0.7666829611851433,-0.029229140078364732,0.34928621614866595,0.34785222155752604
2026-05-08,252,0.754284095088438,0.7492898693788534,0.0012841399328263686,0.3720884568062346,0.40336709567792617,1.3044735836607995,1.291147054684571e-58,9.155286530989357e-53,0.4314470201470986,0.05702548054751741,0.06933399941296901,-0.02782422705583928,0.7493214496401678,0.7650867510978292,0.14278786895798345,0.7014774592822688,0.748085371932257,-0.030649961873466317,0.32302359080276377,0.31808255236062144
2026-05-11,252,0.7600434973289696,0.755166332640534,0.000729348176265754,0.593288599595621,0.5973540011047538,1.2567477559232878,5.007681333768687e-59,1.850360677697321e-64,0.4140379789480856,0.05393039923175185,0.08777789353268164,-0.001916849840095037,0.9815145670031515,0.9814981669757509,-0.1298694923700922,0.7160391487092876,0.7310320838576828,-0.03594133317240334,0.22016309876722331,0.23247161940021066
2026-05-12,252,0.767128893176958,0.7623957405992539,0.00042124108522577104,0.7531029641489784,0.7559784688176878,1.2580723780475733,2.1387475448862177e-60,1.5346105030477406e-64,0.44879492673068067,0.032954060415121694,0.07573067267849265,-0.00920093750835477,0.9098608192093172,0.9135229555889133,-0.09663101426980511,0.7827257918490304,0.8000450614925797,-0.030672499767937927,0.2850390401895442,0.3152932228156007
2026-05-13,252,0.7693352422617304,0.7646469341776193,0.00041297228410466314,0.7555326877322146,0.7593991429193632,1.2721911843128324,1.881833130576079e-61,2.6898501313611874e-66,0.3311870646542958,0.1231032581106077,0.1284047634366949,0.00655321863466074,0.9353980937731126,0.9353269620346402,-0.25759432790728387,0.46878303121520437,0.5284458638136973,-0.03542333555797548,0.2136894150200078,0.2241092724682755
2026-05-14,252,0.770734789223956,0.7660749272163129,0.00022521731809756,0.8638424049907782,0.8685014379502608,1.2711478464201265,4.501600705384022e-62,1.7560643932113403e-67,0.26412763777485243,0.21757128561034858,0.20307812454394025,0.015267612358745714,0.8490634075015281,0.8485215701972522,-0.18719371322623876,0.5969059629136411,0.6452267165296718,-0.04229925384566907,0.1362592674580665,0.13930806231943255
2026-05-15,252,0.7711905471011586,0.7665399484650033,0.0003576063148060646,0.784698655727279,0.7904601536041007,1.2695388241259216,4.97751587252579e-62,7.433820145000202e-68,0.2751805234328856,0.1996786605582621,0.1922358937431521,0.004502689519739377,0.9552493832078868,0.956268576486849,-0.1854064975239808,0.5999384552775431,0.6481408908738506,-0.04043939142676024,0.15517757078102648,0.16067951174468686
2026-05-18,252,0.7735422881326991,0.768939489111006,0.00045068408395106856,0.7296762030149694,0.7335418576667088,1.2721600683605057,1.5261151667324396e-62,5.191019723536725e-68,0.2569550895153028,0.22950463949490107,0.21760867332810285,0.010179763136276918,0.8987840737534111,0.9000973984882836,-0.1826837990951285,0.6033793587856986,0.650524756870325,-0.04270010404228944,0.1316961176447701,0.13917402823582403
2026-05-19,252,0.7735882780746965,0.7689864138079221,0.0004530934455801161,0.7279222452669409,0.7319597881185979,1.2717925644174972,1.5026454823781406e-62,5.525723914051983e-68,0.2596199681520963,0.2234218874499112,0.21193222907530984,0.009691715493329742,0.9036825031356323,0.9051422593861461,-0.18279675939457407,0.6029597872887498,0.6503875793573771,-0.04258247901046815,0.13227293240315283,0.13970584707279712
2026-05-20,252,0.7752472013112618,0.7706790549964501,0.0005386442265224466,0.6784106257227682,0.6815356130812925,1.2774025323179035,5.35513521641793e-63,5.755136589635047e-68,0.2516715310626337,0.23390312832694007,0.22266139854915878,0.010951872675461535,0.8908392272422425,0.8922017835920235,-0.22823649159375417,0.516531979600064,0.5704434494799331,-0.04105384819971275,0.14522296300860768,0.15116741367829348
2026-05-21,252,0.775894382966542,0.7713393907504148,0.000614167954353125,0.6360500839907197,0.6393815346467487,1.2796724410499545,3.8044102359276037e-63,9.044387669510376e-68,0.2384056078962148,0.25969900213173397,0.24770589386283315,0.01412578628308037,0.859446962029264,0.8604056421985877,-0.24027875239076768,0.4943362363932159,0.5500529136589238,-0.042079168876432545,0.13472272029478868,0.1421456841463704
2026-05-22,252,0.7768935885301083,0.7723589053701512,0.0007046644709081922,0.5874413722194886,0.592476249963058,1.2855926342138655,4.6197896738339317e-63,1.5147643194550879e-66,0.23003229721312402,0.27657726748833866,0.26447994293048915,0.013758264080291925,0.8628823345323153,0.8638556301677506,-0.2683472920844912,0.44701703081635735,0.5082135571412001,-0.04022260332473711,0.15356250739155194,0.1593811440512457
2026-05-26,252,0.7766290844657172,0.7720890252068904,0.0006077536219632298,0.6398319516593578,0.6434211329623314,1.2833790715025437,5.624676604346171e-63,1.4902607860328327e-66,0.22663871490188203,0.2792850833646721,0.26484408239736157,0.015182739556934707,0.8484119659282577,0.8488771920601565,-0.2863708978375983,0.41718528607062244,0.4809617332922065,-0.04053350496815232,0.14743122204075756,0.15205854192893484
2026-05-27,252,0.7755099267079016,0.7709471203401761,0.000600882465727409,0.6434538876630718,0.6460360627615541,1.283671343751463,6.265302187949352e-63,2.9602837288130286e-66,0.22695593420694393,0.27849789113969725,0.2641952904303325,0.015109982625887704,0.8491449814067635,0.8496107511866989,-0.2836941949614614,0.4257404725294185,0.49332133137713274,-0.04052486389502304,0.1469945488299883,0.1515240293987197
2026-05-28,252,0.7751087707351287,0.7705378107907208,0.0005440102609067191,0.6744243050595989,0.677163169475185,1.285536505180386,2.8378297286134535e-63,6.371781230749813e-67,0.20919789007068118,0.31775111922535454,0.30287870305424935,0.02143291959083629,0.7872816662743345,0.7855226720351648,-0.31106576200316766,0.38250832790389666,0.45683474123637957,-0.039322569328733896,0.1586516299999716,0.16333338766756345
2026-05-29,252,0.7763694186920824,0.7718240816736288,0.0004502005700470469,0.7274214340728391,0.7301730254884146,1.2857486259629671,1.6932227733570355e-63,1.2572329054925584e-66,0.2169043244550311,0.2989919463024394,0.28687247346239964,0.02039495147991131,0.7965885188247928,0.7951331057615307,-0.3352116562190203,0.3461047834441321,0.42423923895737925,-0.03870162740845413,0.16390681742556742,0.1698205380598401
2026-06-01,252,0.7736670254724998,0.7690667617625913,0.0005199608462419785,0.6891351585378533,0.6922738933214915,1.2790890041559428,8.676740734132251e-63,2.0770596446273154e-67,0.25672912361131933,0.2187953535390013,0.2090345670876962,0.01069520118075902,0.8927869056407225,0.8938455578830083,-0.31006562629318263,0.3881609133608176,0.4640144156218904,-0.03444507931919671,0.21583819845705765,0.22151278598737734
2026-06-02,252,0.7765227648411163,0.7719805446143098,0.0006402499007617101,0.6223891051617154,0.6263930986536795,1.2733321584268054,9.743697357668036e-64,1.1225945129119916e-71,0.24617278395875486,0.2381558265185018,0.22775163669359144,0.009689758277672919,0.9026442424331729,0.9041062988939566,-0.31082694807498956,0.38616794570945634,0.4633792206237711,-0.03712985114258512,0.18236447778332904,0.18882239003845025
2026-06-03,252,0.7742162538516562,0.7696271533201857,0.0007595744205862196,0.5607756983470356,0.5688205291274289,1.2671451805136231,3.4525438566707485e-63,7.469214931731589e-72,0.23243342383643106,0.2670925652581884,0.2498326920837044,0.007156086729772401,0.9284322817860606,0.9300552253193415,-0.2890063980975356,0.4238598363933975,0.49996381071820406,-0.03932990050107175,0.1593574251004847,0.16299148691549148
2026-06-04,252,0.773386714281147,0.7687807531893004,0.0006647483128087084,0.6110060956620686,0.6151018687507575,1.2669935779966908,5.664939761974578e-63,1.463444944121317e-71,0.24919897317405376,0.2347479372031139,0.22113689471230413,0.0041437650037612385,0.9585953585699811,0.9597937323166363,-0.2792464275000439,0.44287035800478536,0.5192123362659106,-0.03699853248922852,0.18520541072412325,0.18721146944049527
2026-06-05,252,0.7780414793760019,0.7735301273307986,0.0004724619004853024,0.7181861216233194,0.7245225479092355,1.263819068894962,1.2971836778112128e-62,2.6236672117044706e-68,0.2653363630532952,0.2066934731516815,0.20141053350108118,0.012302988432058501,0.8776090937581438,0.8775843770624627,-0.28397998230321014,0.43771796271629615,0.5081749407128195,-0.04253336543424587,0.12564203484631511,0.12522167860369773
2026-06-08,252,0.7797652139387481,0.7752888971488853,0.0006908674374426088,0.5954179986200099,0.6018576053049742,1.2624350192290024,5.357884912578829e-63,1.7620668107127718e-70,0.24506416236400486,0.23963750540419235,0.2309752850658211,0.009070993044487753,0.9091768301948012,0.9104573450668733,-0.30030000447890454,0.4097594764638609,0.4854479192621194,-0.04507728277946298,0.1007449966950918,0.10333770621256215
2026-06-09,252,0.780451110534756,0.7759887347326169,0.0007659818169658541,0.555361429021065,0.5651076966968038,1.2641716793409665,3.7986589365075107e-63,6.381084056616908e-70,0.24497863664209102,0.2388593960366748,0.23068813645997566,0.007391356084089758,0.9256825694991808,0.927169148665946,-0.2773837784049999,0.44655623663653177,0.518844871885624,-0.04611236508626478,0.09309465574880312,0.09695863549017027
2026-06-10,252,0.7773870562133212,0.7728624028843236,0.000739418151925857,0.5686326247056772,0.5789629780366641,1.2611554218623005,2.291385966023882e-62,1.1216362214936858e-67,0.24331567489508854,0.24031773818646285,0.23071168845169043,0.006593221513637185,0.9331582546159503,0.9340508330048635,-0.27331874465942746,0.45285551052655837,0.5257639362326317,-0.04672542302032607,0.08921362776372319,0.0928859664432963
2026-06-11,252,0.7802550551941978,0.7757886945274133,0.000501616521027295,0.6966333367936862,0.7061017029065612,1.2616732906547967,5.535802726562081e-63,2.187793906122377e-68,0.20134255851305127,0.3257955052325432,0.3179172309994819,0.014600299056924601,0.8513245259054237,0.8517158561280462,-0.2892575023479562,0.42334362198792075,0.5039764673848017,-0.048355760219689285,0.07637106149475921,0.0814494097001225
2026-06-12,252,0.7799825427795507,0.7755106432425497,0.00043674749897027647,0.7343399028868307,0.7433928373504208,1.2621568002490227,5.609261197965182e-63,2.6699125691580986e-68,0.21303112989453066,0.29696332618422644,0.28582114872359443,0.010157554858523613,0.8955956140213794,0.8961800961276054,-0.28614190847132887,0.43012051392593365,0.5126062961972984,-0.04649136531249393,0.08607141540961497,0.08776179312957012
2026-06-15,252,0.7821958965835994,0.7777689839125344,0.0004984034716987076,0.6985894007382555,0.7074320621905932,1.2601003834003908,9.671682840801971e-63,8.405510135628412e-68,0.2363828450253589,0.24209251467061957,0.22878730401918657,0.013380631260936908,0.8625418161219761,0.8616695790676001,-0.31022157384929383,0.3951101683402115,0.48071765279957857,-0.04407578834645838,0.10251540801569368,0.10622872593538098
2026-06-16,252,0.7824097551025269,0.7779871891493262,0.0006529435795161057,0.6110917732535945,0.6185346129008049,1.2643704188318687,6.108461526304537e-63,9.098049429802333e-68,0.21955574157310676,0.2737121809548123,0.2569370169209737,0.019785644274829164,0.7981848857563169,0.7964371204606039,-0.2993457600242594,0.41161292197101207,0.4991746944990718,-0.04304271411663885,0.11062607976412683,0.1161214726112732
2026-06-17,252,0.7846930997660999,0.7803169432572808,0.0007941266420270104,0.5341485039812007,0.5448563752297653,1.262316579851619,3.6837125438345634e-63,8.206644747306137e-68,0.2357722683435955,0.2382555384029655,0.22775987354880456,0.013403587998410384,0.8618567044968559,0.8619072848173993,-0.3060753316915496,0.397223876365156,0.48257356181957956,-0.04291569495762818,0.10959996380938072,0.11679236048819734
2026-06-18,252,0.7861410319199291,0.7817943049264318,0.0007193233707121511,0.57241213172747,0.58490814891983,1.2626470644425156,6.458650609419024e-64,1.8047190953686764e-69,0.2258114892429942,0.2546791669499976,0.2405966757114839,0.010263913166412487,0.8932095622091362,0.8927812814972553,-0.3641889486587034,0.31365053747708843,0.3928830371480283,-0.04572692821223331,0.08845671541569657,0.09564419624164822
2026-06-22,252,0.7861163974494394,0.7817691697553223,0.0006956245607701091,0.5846797719826398,0.59663130089811,1.2610963069890349,3.412788119999047e-64,1.2484708915145626e-70,0.23017603477765858,0.24451054676023798,0.22940611853105797,0.01078741002567464,0.8878032567801022,0.887102159351748,-0.36442276371215127,0.3134719014337736,0.39273010947921516,-0.045754533529546684,0.08956369414117579,0.09825684834762138
2026-06-23,252,0.7873864745017664,0.7830650613818836,0.0008207405648772892,0.5170368087297939,0.5261013913050376,1.2600170637941819,1.8636592847243618e-64,4.1137806663619925e-71,0.22240895482267165,0.2571685299543773,0.24339681331814556,0.007415862346740396,0.9224601299028538,0.9226472967764942,-0.3901453282888537,0.2790348759895461,0.3593248101953639,-0.046180636298831894,0.08539644596743431,0.0953978716201262
2026-06-24,252,0.7893010672369405,0.785018568603545,0.0009579481311457444,0.44764471428314434,0.45460895583298355,1.2620183276776973,6.738682078250723e-65,3.770262616876639e-71,0.22508909252581177,0.249112228789075,0.23935399550827563,0.0031034238739412814,0.9671996571309603,0.9673954056301077,-0.41436382839425506,0.2490333680346504,0.3291007762906134,-0.04640127697191234,0.08150701736820314,0.09230222557451902
2026-06-25,252,0.7897142971830677,0.7854401975323171,0.000956769200562278,0.4483428210734669,0.456579293891592,1.26222604980033,6.372862805574486e-65,3.0621853452819698e-71,0.2284143741514239,0.24195993751450917,0.23303582520700616,-0.0010854261428995607,0.9885883999212036,0.9888258957208941,-0.4259081598068134,0.23921560809834067,0.31964343289953223,-0.04673599673109808,0.07987178321217864,0.09134175270278537
2026-06-26,252,0.7919801337916625,0.7877520877305175,0.0011003921325739164,0.3806619466322583,0.3900573167568865,1.264775141266489,1.8144457034134507e-65,5.146364798915028e-71,0.2173532487897406,0.2619108356545468,0.253316009694611,-0.0015358296858880363,0.9837482607291157,0.9841925495407737,-0.44433698532461074,0.2172798414933998,0.29924567013814574,-0.048423984052179854,0.0678259136747255,0.0788097983461618
2026-06-29,252,0.7920319191973235,0.787804925685074,0.0011352982911160263,0.3662755721105214,0.37560055457614683,1.2632700479158456,2.1705583618371696e-65,3.393128155649699e-71,0.23391836677819566,0.22327632879908468,0.2135025967529809,-0.0055910482235415615,0.9406786783308773,0.9426063881770007,-0.45890197353303286,0.2043028703895777,0.2880044304349757,-0.04707391874671857,0.07513586797190876,0.08702655746932014
2026-06-30,252,0.7922856917699972,0.788063856236867,0.0011377429041908658,0.3657339557639019,0.375621347774572,1.2631349553028244,7.449343662370276e-66,9.33765394014336e-73,0.23444389457209192,0.22067421164820045,0.208290203498378,-0.0057004331916080744,0.9396423505830143,0.9417865335772563,-0.4585625809741497,0.20469846464645455,0.2883555652187971,-0.047065618821299234,0.0752153789417268,0.08712280998472431
2026-07-01,252,0.7932718860145447,0.789070095079881,0.0010336931473900197,0.4093303992549606,0.41933660967377817,1.262289373682231,2.59335528475348e-66,7.036763287739963e-74,0.2276920601502121,0.23170192288735397,0.21557392791480345,-0.005061019471931785,0.9461934963777953,0.9482300600300924,-0.423969258878901,0.24137556343244188,0.32672334437432204,-0.04859815982561547,0.06585122594374705,0.07596533880961602
2026-07-02,252,0.7938635638162026,0.7896737988531173,0.0012250773145855449,0.3277607362835181,0.3387032317748849,1.2668529727053048,8.088169440705244e-67,2.949722612551062e-75,0.18699242154795853,0.32277232498768216,0.2984304376703727,-0.00011558928465982277,0.9987729482428829,0.9988049724308404,-0.45954054869725647,0.20279467093316808,0.2848955886758099,-0.05250663232600795,0.04662420058618223,0.05400750926865418
2026-07-06,252,0.7947609753508201,0.7905894504595766,0.0011287067546504575,0.36540589035222204,0.37422177011711555,1.2628719117816973,5.905704729725236e-67,5.595735632050349e-77,0.17601712370086614,0.35056556131114414,0.3274955232050222,0.00089944432630467,0.990417159689785,0.9906819637010476,-0.4585189580869605,0.2021557084145766,0.2868006878112618,-0.05419333486736512,0.039539678120126126,0.04723402347949059
2026-07-07,252,0.7948431003323114,0.7906732446480088,0.001147064556442561,0.3570122466449429,0.36744048132635587,1.2629603173762964,5.6763566620162176e-67,5.827627368166178e-77,0.17721824636359762,0.3471949272572882,0.3264929103494887,0.0008447540886530949,0.9909986216146907,0.9912567257740089,-0.4527586753690696,0.2086882701189842,0.2950026047581096,-0.05407960234381352,0.0399704138536628,0.04773990176710532
2026-07-08,252,0.7947092674425704,0.790536691577582,0.0011579625734931525,0.3527345023143035,0.36212480159637617,1.2622757201395762,5.903369818177222e-67,2.3038013295934676e-77,0.18249249563446568,0.33172286061656464,0.30834690777072127,-0.0016084723380561106,0.9828085293406634,0.9833248973252681,-0.46091274911820035,0.20076950784728526,0.28753105156146874,-0.0535603163933442,0.041516403190915985,0.04906418718720928
2026-07-09,252,0.7935147051918705,0.7893178496063394,0.0009890803621542001,0.42865039720905185,0.4330330335636684,1.2610848284615912,1.0039326174804201e-66,9.123933298741391e-78,0.18513630213736243,0.3264406129490095,0.3014352177938783,-0.0031732107418098315,0.9661499696881946,0.9672223241287374,-0.4603314528113666,0.20220739555713518,0.29049661319623343,-0.05171881486973603,0.05007570711062665,0.05722979110654201
2026-07-10,252,0.7936145749759348,0.7894197492640636,0.0009164111411289737,0.4616457497695319,0.4625767331279844,1.259295417652731,7.419456511583059e-67,2.9256428734802105e-78,0.17983659693478388,0.3385621994032112,0.31415834382020125,-0.002751531595476038,0.9705450727353285,0.9715298278184495,-0.4595375213654353,0.20157408081645284,0.29249961882471354,-0.05191969372962242,0.048202528833749106,0.055272054813221866
2026-07-13,252,0.7891779334544607,0.7848929321019091,0.0009978033705742835,0.42603282838328205,0.425534354066995,1.2545960293306644,1.2403746206078136e-65,8.4443579221070235e-78,0.18735661122191205,0.3219809284559555,0.2939925634689675,-0.013038336316370164,0.86153230724676,0.8697293399643409,-0.4618155221507412,0.20223605132392958,0.29376693709838386,-0.04882359773643254,0.06408217198219188,0.07101510361019285
2026-07-14,252,0.7915445088492246,0.7873076086225828,0.0010690643329323217,0.3931229351876827,0.3961888618162063,1.2573956612862718,4.5143322714141907e-66,5.140369624796309e-79,0.1860749626648628,0.32489229643333284,0.2968201880230382,-0.01016431386210298,0.891853918731053,0.8977243166070563,-0.45308077547433173,0.21064605701148117,0.303276833762844,-0.04825768766811198,0.06707785439998824,0.07458424807218036
2026-07-15,252,0.7911742267885744,0.7869298005037894,0.001136685806592939,0.36415840153550794,0.3703394312723537,1.2573119317521266,6.839587992972262e-66,8.723573796452895e-79,0.18818393217548002,0.32042176377249604,0.2945707418148239,-0.012471657812626949,0.8674674714822173,0.8753604814564995,-0.4692442584567968,0.193955099073732,0.28521803527360823,-0.04827684740985619,0.06794470970760913,0.07589777274198974
2026-07-16,252,0.8001277462826414,0.7960653021013943,0.0009064660248965328,0.45809187327767253,0.44279121253584874,1.2636216876217636,5.567841394207634e-68,3.124766468420045e-78,0.16567801110617797,0.36980734831207007,0.3496650002535189,-0.012606245860907979,0.8628833751108684,0.8731070306700689,-0.5802087477536534,0.10193928732840483,0.19533903788780327,-0.04975131895353725,0.054270296001732755,0.065964157889425
2026-07-17,252,0.8052488089289671,0.8012904513868729,0.0006313040671404651,0.5981877636836663,0.572141194208732,1.2593541070547154,2.6809353682910165e-69,2.303737270973784e-78,0.1739300524038791,0.3370271165589571,0.3258678207329532,-0.014970973539392751,0.8343428488459123,0.8504645668455122,-0.5411705858798644,0.12015909015521341,0.2218024500522907,-0.04984172576980919,0.049172356752015,0.06431228320530903
2026-07-20,252,0.8063918906733286,0.8024567665000223,0.0005838347398274997,0.6247151409846252,0.5960638063342785,1.2607655875418642,9.195509840509009e-70,5.164810413352205e-79,0.165190479765993,0.36044829134026846,0.34805550016083475,-0.014332934342894961,0.8408778935190017,0.8564654919325626,-0.5617527875266348,0.10619287066109648,0.21084278016101465,-0.049903986598320696,0.04826371733307351,0.06368365527027392
2026-07-21,252,0.8079127398569687,0.8040085272524355,0.0003913579518017786,0.7419319127848036,0.7187376038576309,1.2622014150129148,3.63910695856231e-70,2.1544118672450684e-79,0.1670794084722681,0.35294828090040364,0.34231635600924704,-0.017849669877343072,0.801464980273472,0.8230721990736183,-0.5535509906428285,0.1095908910182266,0.21438975482754152,-0.04843805947235904,0.054015067730247064,0.07128624201218622
2026-07-22,252,0.8147884856092822,0.8110240239346741,0.0002001643811189507,0.8631378284552675,0.8544894479264631,1.2654193476572821,4.279230718763335e-72,2.0223760518295677e-79,0.14081644220252582,0.4213200358707181,0.4063148641445059,-0.01754223272780614,0.7998982144132333,0.8268987999329541,-0.4312323853318409,0.20442939782538164,0.33594065346315705,-0.05265781023344445,0.03183687361700921,0.044726206165139254
2026-07-23,252,0.8176481001675426,0.8139417607400536,0.0003771209204893938,0.7437496697852859,0.727732017075982,1.2719018069693508,6.587072238531945e-73,3.4623418371749695e-78,0.11357682171700978,0.5138698177186525,0.4981419727313591,-0.01565462708738158,0.8195380347511486,0.8439709189397133,-0.4818325969270901,0.15485812016246894,0.2784813389919166,-0.05455797453898189,0.02531785805946845,0.03669428574853464
2026-07-24,252,0.8185625162263431,0.8148747624911062,0.0005237079684414939,0.648696643853806,0.632836453400844,1.2686788131287878,6.305567220796022e-73,5.156784726552532e-79,0.10515840846267788,0.5431708028162813,0.5310009898204309,-0.020682072894180642,0.7626698711946184,0.7978531089603109,-0.5047924818738407,0.13532638650025502,0.2533933658779225,-0.05732520896095525,0.018378574525393956,0.02872538037742241
2026-07-27,252,0.8186756885793216,0.8149902350951614,0.0005223337612545278,0.6492998347794399,0.6320900836446248,1.268708659590437,5.669372946456432e-73,4.371892337921241e-79,0.0966765021037011,0.5759443142531665,0.5651453549422136,-0.017782107451707226,0.7950674363619722,0.8246640728707181,-0.5137973763165339,0.12840027873776172,0.2442470145912391,-0.058084244252431784,0.016840966435480588,0.02679728879903764
2026-07-28,252,0.8188810344522282,0.8151997546646719,0.0005231664088882974,0.6484059843478596,0.6312550473053372,1.2696818729858146,4.633661248911772e-73,4.407924201899188e-79,0.09178732258097733,0.5947795783787984,0.5848195592408537,-0.017994070057562532,0.7925459217716074,0.8224723558907505,-0.5294490186073728,0.11709205802436969,0.22917602807710336,-0.058320581181413,0.016280540108456143,0.02605395386880552
2026-07-29,252,0.8194912848124125,0.8158224084874616,0.0004563668199238473,0.6896604289109847,0.6733713480447767,1.2687390864347678,2.5073835304833123e-73,7.290280041123509e-80,0.08459212085853873,0.622963871073008,0.6143442391920866,-0.019204708635218788,0.7784817771526145,0.8104488876145548,-0.5895153503469701,0.08341750211953072,0.17567145853209032,-0.05911050225921571,0.014654787053025826,0.024100772467026552
2026-07-30,252,0.8176471396424321,0.813940780692075,0.00032565525909358925,0.7768270479309922,0.7616032970888776,1.2726400759761092,2.922258926006544e-73,1.5157423297417748e-79,0.07280006087230739,0.673587688429991,0.6635898855642177,-0.018835758854139628,0.7837826588409751,0.8145905502841456,-0.5329554800608686,0.11730627448204052,0.22110100177579162,-0.05691704045215782,0.019194320534584693,0.028439451865864017
2026-07-31,252,0.8180893761020842,0.814392005697655,0.0002992689911876696,0.7945276149078442,0.7804051594589696,1.2720142930366283,1.150603184522653e-73,5.325104369979003e-81,0.0740262705297613,0.667955747752625,0.6575338340047716,-0.020010610731633342,0.7701590167614449,0.8022619343629789,-0.5637761293367688,0.1030775541560774,0.20454718935226956,-0.05657620153450466,0.019911927335341185,0.028973859052896365
2026-08-03,252,0.8172566578835871,0.8135423623121154,0.0002661705163870896,0.8171527552182531,0.8038220799343238,1.2724775566616569,1.4888862666543557e-73,4.7280927062664965e-81,0.04925235202038314,0.7727047434371005,0.7664359322434322,-0.017796912361664474,0.7951242632985097,0.8229237083782975,-0.5751903879104917,0.09655882713861051,0.19393645848344998,-0.0590674605820341,0.014789160181612505,0.022214342005625325
2026-08-04,252,0.8176413158022635,0.8139348384811713,0.00038288843758609264,0.7388792045193037,0.7219072986702293,1.2742399962377333,4.822269283121637e-74,2.3649007340020452e-82,0.025184725367958904,0.8784028090453383,0.873572390198451,-0.01780836005291133,0.7940747195896785,0.8213198571723331,-0.7227079860575282,0.04353789821812027,0.10805012878085042,-0.05690581346526119,0.016233250296153398,0.020339387008745668
2026-08-05,252,0.8189449843024962,0.8152650043086445,0.00028284249042570195,0.8036485590692647,0.789359891190089,1.2763432569880242,7.230656610844168e-75,3.485202393601459e-83,0.012382493424133167,0.9388317941120593,0.9363862377057517,-0.016997155981474124,0.7999135142139857,0.8260106732247742,-0.7585541535756063,0.03297095976395102,0.09241999640078133,-0.05421354335452803,0.02038209507764363,0.024833642531055366
2026-08-06,252,0.8193769767910604,0.815705777132342,0.0003764600395937869,0.7402531281024713,0.7255530255801157,1.276465501239502,4.882851410362943e-75,1.8156543343958548e-83,0.003223760939343623,0.9840290591554993,0.9834164794872954,-0.01588011061775963,0.8124352827727462,0.8370028160659133,-0.7567236181064617,0.03278275723525674,0.09246192483294993,-0.05511610192865694,0.017941891136717583,0.022278821095349618
2026-08-07,252,0.8189659751774259,0.8152864218273735,0.00033775175460384367,0.7664176379380095,0.7532075146104458,1.27666259626197,5.356459572703834e-75,1.365893940483321e-83,-0.003362953212888542,0.9833177024816047,0.9827030408536115,-0.017336211462132108,0.795788033110352,0.8230728483407136,-0.7452591056573831,0.03660927281310346,0.10106620441992388,-0.05586524661610085,0.016349573781573958,0.020759618241043245
2026-08-10,252,0.8202200060431939,0.8165659411253726,0.00019468697761402544,0.8630552687682639,0.8493454523935076,1.2714739645958593,3.4795859423548467e-75,6.210045000421313e-85,-0.0022083650715524206,0.9889590582541332,0.9886468463934115,-0.020538682671355002,0.7572875879838321,0.7930631801484653,-0.7815568408601448,0.027352330473284548,0.08788192875889299,-0.056012133227271756,0.015260989890237747,0.020367339054833636
2026-08-11,252,0.8212436880937003,0.817610429721621,0.00015154217320005343,0.8927217334415043,0.878661208324672,1.2750125919306439,1.3091990483363818e-75,3.8380252048331147e-84,-0.008209302455072232,0.9587165452996758,0.9577130062872334,-0.021630469431711458,0.7439126075977819,0.7842075442977743,-0.7691128962853013,0.02933788654613517,0.09302823125933782,-0.054838951362589594,0.01711038062332394,0.023355461877084687
2026-08-12,252,0.8231519929297113,0.8195575212412908,-1.521553582995946e-05,0.9891068439683725,0.987206770630311,1.2670779358706137,1.362644342758642e-75,1.0120820577869212e-84,-0.019721315232294034,0.9001979651724298,0.898120084081595,-0.009854936823142466,0.8809822725152465,0.8958146917705418,-0.794216855470709,0.023153074252659254,0.0839401283397111,-0.05845604171940749,0.010555253355956822,0.01654987229901088
