date,n_observations,r_squared,adjusted_r_squared,coef_const,ols_p_const,hac_p_const,coef_BTC,ols_p_BTC,hac_p_BTC,coef_SP500,ols_p_SP500,hac_p_SP500,coef_GOLD,ols_p_GOLD,hac_p_GOLD,coef_USD,ols_p_USD,hac_p_USD,coef_VIX,ols_p_VIX,hac_p_VIX
2020-12-31,252,0.771787719542862,0.7671492585579608,0.0006615731033090353,0.7386495631324438,0.7349759966417742,1.112237485020847,1.5615015128107793e-65,2.6535816088189337e-187,0.2916783730105895,0.034976654681409626,0.02854262209916783,-0.21160648689088443,0.18331603888694287,0.09668279469473545,-0.20514469522717738,0.6574565241465171,0.6158178323169095,-0.007676395615451161,0.8161115403876384,0.8137662473767029
2021-01-04,252,0.7443800695845832,0.7391845425436194,0.0011916297490335388,0.5895736548408476,0.5506365120369143,1.1632593792276882,1.6193739247546276e-61,2.4680122558921416e-79,0.29810542693497133,0.05279035697013351,0.027883738978498076,-0.10177705157679048,0.563821974355963,0.5455191784421951,-0.03953035069194222,0.938779212119671,0.9265194905111832,0.025822649148576793,0.4807561685362879,0.5555071232616062
2021-01-05,252,0.7437532398194863,0.7385449723361426,0.001112028994844634,0.6147841473080151,0.5772566230967284,1.1610738343016884,2.2270109761272823e-61,2.92318918442328e-81,0.3018001990084368,0.0498917536617059,0.02621417515645191,-0.10120768921442849,0.5662450604586416,0.5508097325516045,-0.02228869547466683,0.9653957814486162,0.958973669237539,0.026705603720862253,0.4655769333254358,0.5473012176234453
2021-01-06,252,0.7486884381314896,0.7435804795569263,0.001327159315599576,0.5455985552623657,0.5050234178380266,1.1662570100358547,1.169850813434125e-62,8.147469675578947e-85,0.29196259432446275,0.05626994172532735,0.029601648785845584,-0.09236160880214667,0.5943802719027638,0.588793574794985,0.03145818351623508,0.9509228035129249,0.9423787374517244,0.02601877942324998,0.4740177204536775,0.5542716794346764
2021-01-07,252,0.7449950075464803,0.7398119792445794,0.001107698673683669,0.6166129133932413,0.5772353752978718,1.1600511656413874,6.879265108608515e-62,8.633264001208053e-90,0.3044281018566568,0.04798271171254648,0.02662586770251188,-0.09681231575691336,0.5795752485761231,0.5675764213656305,-0.014107130682742719,0.978121736516894,0.9734192955023719,0.030531076114738535,0.4032061484156073,0.5070854196417381
2021-01-08,252,0.7430967478495742,0.7378751370335087,0.0008695579704899848,0.6955391565928231,0.6639139436625431,1.1554734455208175,1.8007689267572956e-61,2.744935797040508e-89,0.3030010034798791,0.049820041782587636,0.028624743448354577,-0.048629332283307666,0.7769305267203754,0.7879474762947549,-0.009691841440443882,0.9850214005754114,0.9816395097257882,0.031078624371734073,0.3972747974281521,0.5008751767842645
2021-01-11,252,0.7450237005986602,0.7398412554888769,0.0011047511028730987,0.619290569091721,0.5774551863770124,1.144533958367767,6.634514193417844e-62,3.5427165270132564e-86,0.31823758323640905,0.03922240929851021,0.02380889703591098,-0.03048715780272343,0.8587772246256767,0.8697980509049382,0.041313042104453856,0.936134464046195,0.9220108042082722,0.033957595392307485,0.3551345640726037,0.46808422423039786
2021-01-12,252,0.7455116072007099,0.7403390788917812,0.0011419059758302312,0.6074837810280489,0.5649268064394849,1.1433895757663488,4.809967674126284e-62,3.007468414278281e-86,0.3177453795989757,0.03958896945274939,0.024143559634873163,-0.0313148101426681,0.8550377399717652,0.8659483358062425,0.028401268470078067,0.9559114671721872,0.9458001478818644,0.03343487274014302,0.36208318937468675,0.4726779886447994
2021-01-13,252,0.7441117085244848,0.7389107269904296,0.0008920519296011739,0.6873911295146181,0.650992371823116,1.1305392758599513,1.9549231644879794e-61,2.0178092923677664e-81,0.33113444288137106,0.03136694061730921,0.020939666137790646,-0.02406390601681843,0.8881449556618097,0.8959446399032368,0.0017124614681125472,0.9973294662750596,0.9967066076506738,0.03373374546540327,0.35638792823332244,0.47311208118379033
2021-01-14,252,0.7448139296162596,0.7396272208686225,0.0009404947546470849,0.6717437956418457,0.6334613522314474,1.132563158321742,1.0353823702131163e-61,3.152882651977833e-84,0.3310383347068261,0.03150733352101301,0.021014449221675467,-0.027031753200514902,0.8745081446413115,0.8832735442381836,0.0002547712807898783,0.9996029126247801,0.999509918636169,0.03451302522200085,0.3452644671725015,0.46167298954705405
2021-01-15,252,0.7444243991689652,0.7392297731358142,0.0011041091238924955,0.6191783322496249,0.5773600815632813,1.1292968764895455,1.532027320914341e-61,6.154691526655471e-83,0.33542872509909094,0.02961860816031112,0.01970412960069954,-0.02959074949800454,0.8629380622898717,0.8720434483219791,0.0348471792725229,0.9456651817685489,0.9330794511054692,0.035316441388386625,0.33482388393361584,0.4520149103088458
2021-01-19,252,0.7215210645276788,0.7158609235627943,0.0018476305755693175,0.4300516016933035,0.3967449963725762,1.1138765450744874,5.541708844037516e-57,1.7047749155889955e-71,0.3380611859816469,0.03744732175824061,0.020580030811416534,-0.011743663546590843,0.948187331182776,0.9496496723857734,-0.07727746807118951,0.8860612537116208,0.8553101818757026,0.028019251933754166,0.4673276077473252,0.5536816882033463
2021-01-20,252,0.7214412488218569,0.7157794855865288,0.0018599747653031257,0.42679977252895895,0.397773001588297,1.1129633625401962,4.8319321219161353e-57,4.396028741930271e-71,0.3358949175646403,0.03881751859206879,0.021293239442112755,-0.005481397699678647,0.9757406592529483,0.9765160614363187,-0.07291209442810043,0.8924593572096897,0.863301846718195,0.026505729210870493,0.4916488159924327,0.5761741047225
2021-01-21,252,0.729880129438111,0.7243898881665278,0.0016018788176260965,0.49476691934240413,0.45433318507497644,1.1282955147726779,2.7675682452905765e-59,8.729625842092481e-85,0.3281770517755833,0.04417561835185485,0.022733450313936653,-0.011369975679012961,0.949886557380009,0.9513479926845779,-0.028310568700240957,0.9582236023929007,0.9459512976887132,0.028767863916136595,0.45682561396515575,0.5387116704470969
2021-01-22,252,0.7309956431549554,0.7255280749263975,0.0016584315694153197,0.4803061264976647,0.4417059959695997,1.131120795831509,1.1407848138701872e-59,2.129803304627485e-86,0.32698982812462424,0.045056705620802454,0.023086278608933,-0.015497332563899652,0.9317774752830598,0.9338782311998444,-0.024242975062129135,0.9642561960342357,0.9537580265332768,0.029357141906478153,0.4477086169483727,0.5290086333189014
2021-01-25,252,0.7259032689377083,0.7203321971681496,0.0020301910398696334,0.39265222251798315,0.3590046319549046,1.127697329079079,1.0307075452862848e-58,2.3227614469361238e-86,0.35144932500203524,0.03298496579631021,0.016763754149846006,-0.014153601665638366,0.9383601273600166,0.9396752710664525,0.018880460723218473,0.9724678254338461,0.9644271986030712,0.03587563199746808,0.3597198079460405,0.44818138532381935
2021-01-26,252,0.7256852618327259,0.720109759024448,0.002145042787187676,0.3660163190446676,0.3357441537797007,1.130580849552362,1.7566845968128777e-58,3.4182422426477086e-83,0.3562812778437962,0.031087289165736363,0.01691530001214674,-0.01643899155367662,0.9284107583068166,0.9297902922575474,0.021733582596570544,0.9683140496626892,0.9591879086574635,0.03933910545103921,0.3243565044363488,0.4273468021914685
2021-01-27,252,0.7276492529874681,0.7221136686985955,0.0022108663363191007,0.35159614697515695,0.3203088494711056,1.1322997605611131,1.4165801588346977e-58,3.3096309333894315e-83,0.3370645372118535,0.03579289040639425,0.0140381290115489,-0.019311557226082687,0.915910584503296,0.9181388407353401,0.002967172748753466,0.9956475310873079,0.9942937992236178,0.03176420259566522,0.3885923829332478,0.45234432290929716
2021-01-28,252,0.7266815260382442,0.7211262725024361,0.002051114912897433,0.38876617560506854,0.35571622650655077,1.1265392162307386,2.605592226525794e-58,7.733956688637453e-82,0.3599959527007767,0.024392803184025657,0.009779100683529598,-0.011413923627402567,0.950346449376434,0.9512824723542155,0.026074546549051947,0.9618493148381618,0.9498834599561765,0.03874217361070192,0.28826305620537757,0.3556223137179596
2021-01-29,252,0.7270387782030479,0.7214907858901016,0.0019671451424639686,0.4080874467028167,0.3729931328763284,1.1272201896556073,1.5352073418463406e-58,4.3756974078180615e-83,0.3630626756828069,0.023057099934423755,0.009128263157440687,-0.015555746772192514,0.9323129486948737,0.9333978349042631,0.0326588436191837,0.9521441271248162,0.9370775359398348,0.040572369121134405,0.2659857442891348,0.331010168323167
2021-02-01,252,0.726828335874369,0.7212760662783196,0.002053269103448852,0.3872557362537302,0.35160508322362505,1.1262189484067167,1.2230919379930018e-58,2.582980425402558e-83,0.3656318178623532,0.022311019364479164,0.00906141829143946,-0.013231009380184927,0.9423268018712843,0.9432056043782888,0.037846111173682084,0.9444964844139659,0.9266406646554296,0.04112272597658684,0.26299012262810817,0.33079736480024924
2021-02-02,252,0.7297763208445206,0.7242839696421735,0.0019564278746404223,0.40883080795527005,0.3693781281959566,1.1306776911148335,3.463598124591013e-59,6.630074863128224e-84,0.3562656970095735,0.025300814743447836,0.010197570301761438,-0.02725035628042094,0.8808876306532609,0.8819147163950329,-0.005539708964683365,0.9918601194644696,0.9891119755409864,0.03882864034564919,0.28657821757919466,0.35286699477854877
2021-02-03,252,0.7304257101214222,0.7249465578881178,0.002051882899498648,0.3874105118891612,0.3481418252705407,1.133300789324116,2.80082830533503e-59,1.1744456539959359e-83,0.344583896847814,0.030132149552183043,0.012249553004592543,-0.024914129196906207,0.891458017544617,0.8932339668536017,-0.009899161805851264,0.9854761323985352,0.9805409211791538,0.03619669444932146,0.3199094611159999,0.3898732704070035
2021-02-04,252,0.7296652298190673,0.7241706206690484,0.001845635273740201,0.43679829394186764,0.3948502958626422,1.1330776685192152,3.393678819111414e-59,1.5550367056965656e-83,0.34144601945774844,0.0316631559602654,0.013951569970442756,-0.014216119771232522,0.9377040710234763,0.9383727187569955,-0.040623899021164256,0.9405404923947103,0.9197051406549294,0.03690291606111912,0.3109031673530876,0.3795279433080292
2021-02-05,252,0.7297925397734479,0.7243005182241278,0.0018836690786441794,0.4281388335379511,0.3840779480987696,1.1337523473342683,3.6437924525064456e-59,1.5373186262254008e-83,0.33725912842173283,0.03392229710481764,0.015978347627035157,-0.011777489360937893,0.9484275095084793,0.9490205381201755,-0.08591899109092371,0.8747033985374718,0.8307934737781482,0.03577519274298116,0.32614302408432205,0.39601163276732776
2021-02-08,252,0.6994359314589766,0.6933269056756226,0.0013132375951126793,0.6006068826761419,0.5383768843539534,1.0666921050152516,2.108366790543997e-53,7.027660024053209e-37,0.3540947688091951,0.03459496938601842,0.013617225928121974,-0.011209135094841838,0.9534332537051293,0.9508313672826186,-0.13934808496234485,0.8083981392747606,0.7353567979778148,0.02184483809234664,0.5683471322423024,0.6332606882088818
2021-02-09,252,0.6994536317581512,0.6933449657369755,0.0013513619204858873,0.5902510734789856,0.5280949913720981,1.066594051771459,2.151496938746535e-53,7.258980904631427e-37,0.35431949612948027,0.03447914138441579,0.013578129782423062,-0.010800381280740984,0.9551345214325118,0.9526793822341486,-0.14036580531854814,0.8066233602827882,0.7335965488062504,0.02180946664193581,0.5689701090835091,0.6336625621399077
2021-02-10,252,0.6988695648112419,0.6927490275106574,0.0013920599529530224,0.5789850670806469,0.5113371291550046,1.0641886204825506,2.9927268687323295e-53,5.700164010336652e-36,0.35529158818983075,0.03403443696414654,0.013550663239431526,-0.005937654746872606,0.9753527411691458,0.9740285236264118,-0.13803395759048254,0.8098652502532947,0.738463236533879,0.021578777694315397,0.5732663424302725,0.6378701005803462
2021-02-11,252,0.7031496808550782,0.6971161377830271,0.0007507054757453565,0.7621948931544631,0.7126518421115431,1.0606471397007837,4.888782398001636e-54,2.00709400135606e-34,0.37986453072862136,0.02199516863265955,0.010224642903814586,-0.006709825598827768,0.9717852570212977,0.9704256884438496,-0.22025244323732474,0.6980603230091174,0.5848059213483094,0.030453752311698817,0.4227555194856025,0.5027579594197933
2021-02-12,252,0.7022805701790051,0.6962293622558142,0.0008474057015374105,0.7330354354788899,0.6758881255244795,1.0595373986163978,7.195791836897383e-54,5.110415565875482e-34,0.375803772078892,0.023657837354784585,0.010569293032786276,-0.009040745382361215,0.9620678132183423,0.9602131590031963,-0.21876982988352822,0.7004976417809103,0.5878705925454359,0.028062594761154365,0.46025555657122275,0.537894485028513
2021-02-16,252,0.6995881739164012,0.6934822424919378,0.0003991130454235718,0.8729735183207904,0.8442315547841414,1.0535519400252589,2.382686918413434e-53,6.422250220436423e-33,0.36705900700427724,0.02760668873510185,0.012366184709530798,0.01337990632283198,0.9439617479380935,0.9425039504376337,-0.22432427137991506,0.694528655058311,0.5794149228115968,0.02388189360314673,0.530300213325525,0.6049682005084671
2021-02-17,252,0.6993858102330686,0.6932757657256106,0.00027709809615176725,0.9117117584196348,0.892154044723181,1.0511668752738843,2.182354458701018e-53,5.2901403343288086e-33,0.36654380582568297,0.028003041919970693,0.013028449324067697,0.01762826459030642,0.9262667533296756,0.9252165498124263,-0.25270503349391427,0.6586819211161823,0.5339714111455884,0.022971240853318423,0.5469294019213509,0.6211232977572003
2021-02-18,252,0.6960288652751683,0.6898505901791352,0.0006279783262701747,0.8024042102223923,0.7571238053581825,1.0467073338280892,1.183757251238477e-52,4.340545704119997e-32,0.37014864863470176,0.02695401090596008,0.01296050011955682,0.021395508654476453,0.9109143751327039,0.9093626468459163,-0.28138105155995596,0.6235632754926239,0.49190681676558423,0.023277076052716058,0.5429199535180044,0.6156245655374042
2021-02-19,252,0.6920664128308194,0.6858076000834783,0.00042913421649944604,0.8651851581165577,0.8339658985362534,1.0378876867935412,5.742797412588469e-52,4.157258616790499e-31,0.38364841993507903,0.022684465289406697,0.010819727263309759,0.028459299989751302,0.8824947636356235,0.8803746310632199,-0.24895544940366365,0.6664411733606563,0.5454144190351099,0.024520785563416504,0.524939704508382,0.6004278582928015
2021-02-22,252,0.6917031741799344,0.6854369785331851,9.701082884576505e-05,0.9695056071248696,0.9628770806900322,1.0419647485878392,5.31824252402353e-52,6.351417304568443e-32,0.38292375335948436,0.023573296382110812,0.009573885885300254,5.07970979913841e-05,0.9997901890307783,0.999783257990361,-0.20712508122363493,0.7214562954648513,0.6154802486916889,0.022482379112177972,0.5621384365529105,0.6334098733341216
2021-02-23,252,0.6958217680332899,0.6896392836437226,-1.7729407610801197e-05,0.9944148095488805,0.9933121355592536,1.0448174448532317,9.11240013450694e-53,6.256787206894598e-33,0.3784277389417592,0.02590468697802461,0.011266333578260049,-0.004714005797180898,0.9805747360652523,0.9803417784427257,-0.21807920505155443,0.7076818106341594,0.6008013971479356,0.021143986435732547,0.5992308166054153,0.6827226814520299
2021-02-24,252,0.6950196785706348,0.6888208915497128,0.00013723356256425284,0.9567582237618715,0.9479999937388641,1.044871383476031,8.268847648990555e-53,7.454378607475765e-33,0.3732648089024345,0.028029341138065583,0.012616106266142795,-0.015245258195828032,0.9373474830353438,0.9365887073728693,-0.24176700975921062,0.6780447535209685,0.5625808496097149,0.02093371659133992,0.6023219395572292,0.6848503089257394
2021-02-25,252,0.6949286964550614,0.688728060204148,0.00015082444854174143,0.9525510358316127,0.9428225558565533,1.0414648836661176,2.329606634153286e-52,2.1199997192248427e-32,0.354399025875762,0.03581533361422528,0.015324333158809992,-0.004523733440321254,0.9813664068985833,0.9813567045450386,-0.23488638006275875,0.6868231632609032,0.5763125876788207,0.011492700183712956,0.7695014374489463,0.8192750853671279
2021-02-26,252,0.6954342314318516,0.6892438702820924,9.243923260660839e-05,0.9708460878786557,0.9651432503911407,1.0392629990062234,4.845617940430728e-52,1.4634457018242297e-31,0.3513016779581701,0.0374195208960733,0.01540536056653277,-0.0019863058293688174,0.99179098615591,0.9916929455983884,-0.21450900360518266,0.7120140367434025,0.6057818319553726,0.007036923781954696,0.8607860297977468,0.894651193029151
2021-03-01,252,0.6968291615720716,0.6906671526609349,3.9455059542044995e-05,0.9875484087266191,0.9850974549069311,1.0387635730893892,4.729315847254438e-52,1.338712514046946e-31,0.350459392138908,0.037716976174249225,0.015362958633887565,0.016652762114763242,0.9331902860518193,0.9335484929128869,-0.18748385496796494,0.7485020929954824,0.6561868785732294,0.006729052482536205,0.8661177074463482,0.8984287989945143
2021-03-02,252,0.6976759119610259,0.6915311134236484,4.973779273374714e-05,0.9842931845925768,0.9811087034486922,1.0375971790370955,6.756177295516727e-52,2.0908904183254227e-31,0.35689986036237825,0.03457500336681969,0.014188599714111178,0.019007479048851667,0.9237883785546805,0.924042301458168,-0.2107493487700085,0.7194461972500441,0.62351257260411,0.005147429535502294,0.897602469467174,0.9227261723698493
2021-03-03,252,0.6978290349018315,0.6916873486193484,0.00013233183657539974,0.9582664207883901,0.9499397235713242,1.039135992451688,3.030652812725e-52,4.172043284417763e-32,0.3542640114966782,0.036488975469851005,0.014906734598643532,0.022189423614543846,0.9120296995672397,0.9142792467038968,-0.20400442961576593,0.7281353750203963,0.6338828802235525,0.006239606397417337,0.8756614416913502,0.9051938303776234
2021-03-04,252,0.6975902207131321,0.6914436804837243,0.00029140101676547047,0.9083052111567992,0.8898372449010117,1.0372940553339076,6.093313579611123e-52,1.1660140343512973e-31,0.357864972996134,0.03544026482798626,0.014175937239337045,0.02260143137391929,0.910466081866042,0.9127078393998138,-0.16307552041719453,0.780269299009118,0.7015348010550744,0.006613163947862984,0.8683968276556884,0.899638123906512
2021-03-05,252,0.6973611130711396,0.6912099161823416,0.0002329427830667619,0.9265846657722341,0.9124481057445101,1.0392513465422801,8.51123994425918e-52,6.051517111498691e-31,0.357882563947735,0.03557712208509539,0.014650374880514341,0.02319110495321952,0.9082728513833644,0.9113458814232219,-0.18244780079069978,0.7549451394468771,0.6654111020085853,0.009322900362833644,0.815878780843877,0.8618004908222283
2021-03-08,252,0.6965791154890746,0.6904120243404785,0.0003843317354879157,0.8805900797292021,0.8594949162520318,1.0530800911927864,3.157203450055281e-52,9.907237488135204e-32,0.36241122148817734,0.03554529929106404,0.01108131918975174,-0.0012435409787924512,0.995121317285484,0.9952869748955944,-0.008798030514715505,0.9882121507958335,0.9829575910493644,0.013375533255585399,0.741070178191398,0.8024481461585957
2021-03-09,252,0.686563346396022,0.6801926827048843,0.0003225114111205774,0.8999993838999406,0.8812128360398446,1.050633031844249,1.0025607953311855e-51,2.4576551024314625e-31,0.35418472855594574,0.04231325302269252,0.014988335805554885,-0.01616268991483047,0.9365237090550618,0.9388801314434296,-0.03514501269836823,0.9536138380457192,0.9335976705801257,0.01429355786410448,0.7243438603991906,0.789651645471629
2021-03-10,252,0.6843924707305309,0.6779776835502571,0.00017147301056072385,0.9469809213878511,0.9363365836180042,1.048931934588678,3.192395772182391e-51,2.982361892588616e-31,0.37214792295423105,0.035328481559304646,0.012898738547085889,-0.015961698819569603,0.937581003834157,0.9395945415014029,0.05570742995878408,0.9287771158984091,0.8981754334084704,0.016983039299004344,0.6761932044228975,0.7529152296245769
2021-03-11,252,0.6838303675030107,0.677404155460389,0.00015285131713224133,0.9527675584652183,0.943392077243654,1.049689790880583,4.0928828187293034e-51,7.164179189348357e-31,0.3625737895814252,0.04209458656969793,0.015372089251962375,-0.015299152410840844,0.9401915975946677,0.9420068013581014,0.07237390789760434,0.9074408621369863,0.8685305257900746,0.0169281257245431,0.6772765106717482,0.7531813568037985
2021-03-12,252,0.5819079497476092,0.5734101438481704,0.0005277196357900233,0.8398984713680819,0.8041963003155645,1.0199850943614945,2.3688727400287414e-41,8.282301000201568e-20,0.34640466730060526,0.05288856753405303,0.023508543197681496,-0.01196766191892451,0.9531359441542652,0.9540427340761622,0.11443996554525637,0.8543623401965135,0.7941695496595137,0.016552228954014394,0.683333083962589,0.7618448642896278
2021-03-15,252,0.5701558781883124,0.5614192090457983,0.0006427191102790634,0.8052582457741697,0.7608330904673855,1.0116489245614297,1.1442743532976205e-40,1.3928355053565428e-19,0.31221884741050077,0.09223350187693852,0.044025838397841084,0.03301424600545699,0.8751126448486454,0.8795447982558604,0.06477298648380167,0.918197383636933,0.8845715182450905,0.014963562396016442,0.7123815948317564,0.7826573698686897
2021-03-16,252,0.5545636285328515,0.5455100437469338,0.0009810758287113583,0.7069009417679089,0.6424414848069324,1.0078577206582113,1.3678786040882873e-40,1.7476127001850692e-19,0.2171699504182596,0.2744667503638767,0.2065916364602769,0.025933724474400677,0.9014433123120187,0.9044526687938821,-0.09476999589283697,0.8823333510412801,0.8372582941890824,0.014326044764784083,0.7232358366399423,0.7903361843094909
2021-03-17,252,0.5542704252450095,0.5452108810426723,0.0009735870908954185,0.7090650300692634,0.6465139360918029,1.0060124780442306,1.6044629284666224e-40,1.681128821482558e-19,0.2548180659708233,0.2155936614037657,0.16512787580272903,0.05406745747674818,0.7986972992944821,0.8048369034949809,0.08652746029088032,0.8980792555722032,0.8673731095617584,0.017003177180089857,0.6754031622341015,0.7550125679127269
2021-03-18,252,0.5552179113612945,0.5461776250068493,0.0008376780480947583,0.7483729856033017,0.6920326549513558,1.0049403806921253,1.8877538702152524e-40,1.8681404233608263e-19,0.2750801086724348,0.19028589933324125,0.15156588877720925,0.05916961393885184,0.7802356008727943,0.7867440767597438,0.02625196545177949,0.9693132507422294,0.9598338621589343,0.019193749246246092,0.6382785626465148,0.7262028621993039
2021-03-19,252,0.5415657969959624,0.5322480286422218,0.0008725727209951601,0.7378972279271947,0.6793673017832406,1.003106946272275,1.1861760877737858e-38,3.534668111237376e-17,0.2732761296240457,0.19316645213535738,0.1556262282387684,0.06007622425553377,0.7770349102720384,0.7842677931422979,0.008716769457699364,0.9902304618939404,0.988276009996462,0.018826713466909544,0.644563851429266,0.731484673435164
2021-03-22,252,0.5446639040381916,0.5354091053397809,0.0009497012699271369,0.7157195762174406,0.6529240688878895,1.0038422828096385,3.170279075508785e-39,6.618423907978086e-18,0.24594755417645128,0.2612566188681912,0.25116896776537834,0.06497807516499687,0.7596195993616273,0.7655681027190548,0.0031616593543910276,0.9964549010410368,0.9957539515175576,0.01514079842309135,0.7161422950744623,0.7862539270553897
2021-03-23,252,0.5449505702850801,0.5357015981364028,0.0009888443492316065,0.7048848432273279,0.6407742078798372,1.0032305365703522,3.2529161345701405e-39,6.38697634944283e-18,0.22136728703613792,0.3291552848202899,0.3454354531952407,0.09129357911290603,0.6812536498342477,0.6908985930932453,-0.014401803526342044,0.9837826817004163,0.980449056996632,0.011332778689319107,0.7891245198059745,0.8393891126770697
2021-03-24,252,0.5498273100090538,0.5406774585864736,0.0009248290177586509,0.7214621234131235,0.6584899031683359,1.0028426692745018,1.8326063571414114e-39,4.972195677233156e-18,0.36981683461974807,0.14149526574335727,0.10769447359157903,0.15234505478896992,0.5012524216324694,0.5219155413554537,0.03142259652299911,0.9645421273328909,0.9567216926575733,0.029602893956691193,0.5048993788878269,0.6182617698347207
2021-03-25,252,0.5491625365267128,0.5399991734479874,0.0010699011199580006,0.6796454615190504,0.6077925897921407,1.0008812293594302,2.167773449671317e-39,4.65182087099155e-18,0.37579790037768956,0.13650552206875396,0.1011541044993057,0.1419070136672168,0.5346486440037598,0.5554704991208173,0.022236578499581078,0.9750754170388938,0.9697715700345876,0.029520169561525787,0.5069347660983985,0.6170823547270858
2021-03-26,252,0.550907848813248,0.5417799595614847,0.0010752290346986123,0.6778899490526922,0.6045541228537668,0.9986437750030284,2.822873801800525e-39,3.530599643652367e-18,0.40166220060758195,0.12803244965714353,0.09535402506523963,0.1381411978695894,0.545875082795829,0.5652012498559227,-0.03517967982159034,0.9615152649009522,0.9546135527052519,0.032522601327891004,0.47323978576899806,0.5861816590307591
2021-03-29,252,0.5516045612482758,0.5424908328183627,0.001029232300162223,0.6916506445603188,0.6201913990738932,1.002475969055569,1.2645323515320993e-39,1.758378140419047e-18,0.4316250517763579,0.10756215621825081,0.07340467756908929,0.14431884173195875,0.5304585014294192,0.552759052012847,0.05625171819649487,0.9404206989202664,0.9307616940043322,0.036327698305788886,0.4216336175946126,0.5379011169598873
2021-03-30,252,0.5516194221072519,0.542505995727318,0.0010709321238663609,0.6796912726113625,0.6062723972450345,1.0016056093623507,1.4257275569374984e-39,2.0476806400698644e-18,0.4431940497062523,0.1008939473852584,0.06623957621564887,0.14775489289589971,0.5199841184483485,0.5393014872270965,0.09867031396223969,0.8973236227016197,0.8814832568045747,0.0362661678921483,0.42112856558784695,0.5362727393619651
2021-03-31,252,0.5510533775989468,0.5419284462493319,0.001133934195060598,0.6625138751989332,0.584449076994782,0.999900324903611,1.911122782448721e-39,2.32055016482539e-18,0.46222520780301835,0.09171646518727182,0.06108419506861962,0.1794684498327373,0.4372092864204785,0.46292527386208193,0.14027097947493494,0.8550962078424849,0.8337937494692464,0.03879242689185801,0.3949861521320355,0.5179565624696192
2021-04-01,252,0.5506363247176247,0.5415029166834301,0.0011965865094630108,0.6459340423668307,0.5677424723073534,0.9975996674576184,3.698518440011208e-39,3.2338216593563447e-18,0.46988582744624724,0.09706630371939054,0.0733519297733878,0.18205370718465075,0.4309290902039744,0.45730554694165304,0.11509837779130672,0.8811823453426624,0.8636141872065837,0.037660389193001666,0.41219153174559464,0.528456752896562
2021-04-05,252,0.5480236023093259,0.5388370901611415,0.0013495537518962413,0.6059245667302007,0.5235229940028508,0.9955186606990409,7.409851211120268e-39,4.076614462106429e-18,0.5092511562737118,0.07237831161781355,0.048178446903762544,0.16887635431820547,0.47563517003395805,0.5013012858327257,0.04287081250630176,0.9564680535782719,0.9501133269134472,0.04410740915292976,0.33658185097326154,0.4563431377930288
2021-04-06,252,0.5480630318104316,0.5388773210748713,0.0013094308330446538,0.6173859299279977,0.5392266594033268,0.9950067665404119,7.167977317628542e-39,4.6086702238508706e-18,0.5301332964012071,0.06519314719277754,0.05432699792160357,0.16502501072299985,0.48640017877744945,0.5071494184571061,0.0034932254944989236,0.9964576311019375,0.9958819810879121,0.04793120275046667,0.304093607177588,0.4357898005382983
2021-04-07,252,0.5411126103229127,0.5317856308579313,0.0011693523154563186,0.6532065318180872,0.5820882587193914,0.9939388031780259,4.1677996080865356e-39,4.546703562459045e-18,0.3087432291700841,0.3325664956558051,0.25414066918768463,0.10129944729423779,0.671662165808376,0.6946323607158793,-0.24279763994885292,0.7604878808922342,0.7130310442725878,0.025763427043633984,0.5974156200187062,0.6925449181466116
2021-04-08,252,0.5417111631159117,0.5323963493581051,0.0012684672632464155,0.626163505380142,0.5497645859916096,0.9938967762607304,4.241479680064099e-39,4.5854222994356124e-18,0.3057246831941235,0.3374336176928312,0.2582713053723975,0.09551022991999333,0.6905983070956455,0.7125966920278872,-0.3002044326349361,0.7093743787306355,0.6560355268177888,0.02609889813107632,0.5926857217283716,0.6885068495920716
2021-04-09,252,0.5413927281071919,0.5320714420931104,0.0012019956271320771,0.6439499891291931,0.5708784870060908,0.9940664620781002,4.0358214319228695e-39,4.4072693262961835e-18,0.28007930017209703,0.38832137969791825,0.3167493456833098,0.09508833943805353,0.6917805965810515,0.7138670613770418,-0.32850682993492947,0.6844502515147903,0.6266781776937033,0.02410892399016623,0.6228737768555227,0.7132529229608096
2021-04-12,252,0.5417481900729249,0.5324341288955453,0.0012838680952328083,0.6216195650352598,0.5451592959178673,0.9923294304361466,6.028803249048011e-39,3.90137883417858e-18,0.2886828009698119,0.37471189973746255,0.3054076479974376,0.11639879392447253,0.6349559797785127,0.6664394461349392,-0.32996951221876736,0.6829914150489091,0.6254874077059576,0.02469718846508457,0.6143803690718437,0.7068519435083436
2021-04-13,252,0.5390912695284247,0.5297232059009537,0.001463752842630642,0.5747012341014094,0.4935004199196221,0.9888066374109483,1.589511156358647e-38,9.271197246695897e-18,0.2680446414842159,0.41179611021867224,0.35094862085456957,0.12188051877656025,0.6189412681579778,0.6506771203249031,-0.36043535787985226,0.655646560402456,0.5957076196639477,0.021930720734873954,0.6557912135737431,0.7413676703066191
2021-04-14,252,0.5356923472529574,0.5262551998393997,0.0017324541265646555,0.5083021086083909,0.42043302089158496,0.987088061999218,4.240818703445671e-38,1.089986159783726e-17,0.2529950540207898,0.4452315818521121,0.38785748413228716,0.10307721200706571,0.6752396989411018,0.7023324194014426,-0.43008076648794696,0.5961043643677891,0.5292278442050874,0.02130351467083777,0.6671480511012327,0.74874255478799
2021-04-15,252,0.5345443740271141,0.5250838938244131,0.001785218203608094,0.496490436733531,0.40889142601586526,0.9860807473539557,4.974846474466534e-38,1.3278068517685867e-17,0.27326662987143546,0.41129224223281136,0.3535635877988813,0.12303486229294258,0.6157306436835069,0.6443375432485664,-0.4100435524141348,0.6133404408591925,0.5469527957254503,0.022668748920432837,0.6476038600314881,0.7331284541352423
2021-04-16,252,0.532258666619674,0.5227517289493422,0.001589206902298624,0.5431113455597525,0.4559425133659577,0.9789027590368262,1.3248725048240203e-37,3.9148995980694086e-17,0.2565637539311911,0.43952373773885467,0.3868469082736624,0.11683726055255234,0.6322992352817878,0.6608200164146741,-0.537339709128718,0.5103700087261913,0.43271484650686165,0.021377258942110754,0.6656100393053683,0.7487474066153939
2021-04-19,252,0.5402695473189041,0.5309254324270118,0.0014909019809686143,0.5674780115590565,0.48077105110178,0.9842112738296545,1.434578473273021e-38,4.5412040466648925e-18,0.2669383474297937,0.42671816557966247,0.3741476293249886,0.11886802245386341,0.6283872467108026,0.6581274619699905,-0.4831799269892295,0.5506033209231913,0.46689722106091236,0.021752092454565143,0.6614595874125819,0.7446068792177731
2021-04-20,252,0.5397149480839549,0.530359560849889,0.00155375493479641,0.5528364460742785,0.4650055551600788,0.988249805857758,1.2640705624924388e-38,3.03590712914774e-18,0.27921507200493606,0.4071924671295287,0.35145638673778545,0.12000915215444113,0.6264577009834695,0.6562776532990204,-0.44870605835107563,0.5802110661390998,0.5006723359974401,0.0233485919868884,0.6392879196583332,0.7264037706196105
2021-04-21,252,0.5362595605147562,0.5268339418260317,0.001754662017340895,0.5049250232578547,0.417978276939033,0.9784599206634291,3.5541940171578166e-38,2.579519208283676e-18,0.3107915534527034,0.37085702558446,0.3262254917774755,0.14611895227215416,0.5553197144357722,0.5926034767282254,-0.4357433956059432,0.5926138067150739,0.5148152298947042,0.023065810158464976,0.6481801617224237,0.7324701644261828
2021-04-22,252,0.5316225291950134,0.5221026619022291,0.0020000373434576313,0.4482523513028822,0.3698430666572716,0.9739113470226873,8.484745092037734e-38,3.3928775285188976e-18,0.28859937855616896,0.4115722066171842,0.37340864046275124,0.12484303743229264,0.6225553274112015,0.6593591565267645,-0.4593077528012252,0.5777856621131197,0.5009968086247547,0.02320746934066774,0.6478112890451941,0.7330354854207134
2021-04-23,252,0.5329726385952539,0.5234802125504421,0.002078287797187688,0.4302090027601062,0.3515448052946998,0.9772944611922743,4.894504754227353e-38,2.279970430546421e-18,0.28204131593393345,0.4219477389132118,0.384632458306986,0.12989086590698884,0.6078846617989818,0.6457550557144709,-0.4273483125906614,0.6026360885752577,0.527387161225648,0.0229439318102631,0.6509834236551483,0.7347105096657114
2021-04-26,252,0.5346565547451685,0.525198354638363,0.002096347314955737,0.42667279627817034,0.34783111175994474,0.978755204835393,2.928414873064667e-38,1.1225686145808068e-18,0.284691259196571,0.4177639367182421,0.3799641433525839,0.13066530503643903,0.6060168090790636,0.6449859591525224,-0.4250306312949255,0.604643931074067,0.529167151024496,0.023999290627403712,0.6374225081628335,0.7244302704813127
2021-04-27,252,0.5339693778210588,0.5244972107036007,0.0022015252590789043,0.40395175070722467,0.3269753489098898,0.9795704199710666,3.0059935587215903e-38,1.0029994925866094e-18,0.2804822776094734,0.42529436859273617,0.3881371578680871,0.13325034782664186,0.6000485273069636,0.6398225288354853,-0.4033769362423233,0.6239271913238095,0.5514379394871352,0.02369201214716698,0.6420897794836069,0.7277590411379299
2021-04-28,252,0.5330288323580534,0.5235375484628919,0.002321674803724049,0.37949431194051275,0.3058655772758587,0.9785155463804253,3.881498447365502e-38,1.0357470262793485e-18,0.26934491135828875,0.44463634432630605,0.4079422414141307,0.12567315333395102,0.621150118803954,0.6587990111379876,-0.44775493238213876,0.5860961273056873,0.5064282108657369,0.02230912781786773,0.6619615091255087,0.7428138420044565
2021-04-29,252,0.5307257419453493,0.5211876472694418,0.002438361106010786,0.35469957544249786,0.28056948231785206,0.985965083913747,5.000500706854196e-38,4.211106888514255e-18,0.32421017998587687,0.35994239970781516,0.32561121520310243,0.11179131395608727,0.660327228605157,0.6932085783823643,-0.4492754527467703,0.5844036938728883,0.503969325377124,0.02787385484429089,0.5853099628699878,0.6850273468489656
2021-04-30,252,0.5254378243387268,0.5157922516626847,0.0023324177178229194,0.37793880883136355,0.29171137477228315,0.9715502457553484,1.701265360995388e-37,3.680863654655056e-18,0.3111997490742881,0.38164069643398324,0.3452818390926544,0.07433449326179287,0.7721894046918195,0.7941185759970292,-0.7448936112534358,0.36643288110756855,0.28529885829617685,0.02629644066510202,0.6080893549530655,0.7011512300409751
2021-05-03,252,0.49595465596065524,0.485709831894815,0.0031919669552659745,0.2532743289860927,0.1812893641588752,0.9557184167371234,5.257519288821259e-34,6.950041036817262e-17,0.311736418466076,0.4141727071060707,0.3520469563494707,0.15797154434887395,0.5589194585249626,0.5847769017916056,-0.8803035262283554,0.3125628359501132,0.2376733341803684,0.023668049680527964,0.6625841566375543,0.7287766481477657
2021-05-04,252,0.49831786172001846,0.4881210702915636,0.0034252913266095888,0.21948138373203546,0.15277966802450088,0.9532765231898501,3.843504264777234e-34,6.7511091331102e-17,0.3219948659528301,0.3987827319611731,0.33706380117871837,0.17849052203586163,0.5108969940418915,0.5366795149693333,-0.7547601873987373,0.39223965117181403,0.30956124953394115,0.023462920975907596,0.6650083438788367,0.7308113487127872
2021-05-05,252,0.5010979127481419,0.49095762642188456,0.0035204702472279386,0.20712727598008837,0.1411339810545872,0.9539779646686835,1.9663330805394893e-34,2.8644645224866617e-17,0.32401463286856047,0.39562653961999383,0.33490525527396,0.180783162268849,0.5053037899758015,0.5309642877056224,-0.727558280909571,0.41002929398075294,0.3250369643325053,0.022641207989849248,0.6760686244762989,0.7402095338072814
2021-05-06,252,0.5025706304844642,0.49246027744553056,0.003671014026897616,0.18778261086055342,0.12220019763875992,0.9576006222592289,9.912574030408587e-35,1.9237030122010442e-17,0.3074532134494634,0.4199143474316305,0.36201154373778344,0.16652549792082671,0.5377780283163316,0.5629237122732147,-0.6936883754450689,0.43169445251302396,0.3478051547634108,0.021375604834769094,0.6928547044552016,0.7541569311075687
2021-05-07,252,0.5030437117159794,0.49294297414923105,0.0036879511552327464,0.18516789175467066,0.11780733507773375,0.962275040569891,6.385197542431058e-35,1.9048664845391098e-17,0.3289212512402364,0.3868631543163804,0.32778526933392227,0.19725063646928437,0.46816968676517057,0.4969205448613495,-0.584154440367318,0.5045180151308071,0.4185718188657491,0.02323001387478582,0.6664587178146805,0.7311887502913474
2021-05-10,252,0.4875159116252561,0.47709956836560685,0.00420357779965371,0.13999443262759106,0.08385050553563636,0.9569785261745103,1.609001241726511e-33,4.712194446838848e-17,0.391504498390578,0.3135620796373775,0.25110488683551524,0.2212925497013556,0.42653104239500106,0.4437758077904539,-0.6039695807630436,0.4999617249432329,0.4034223832888082,0.04639204055876329,0.39715262628547243,0.5147619520744129
2021-05-11,252,0.47490453147852485,0.4642318593541046,0.004355854293356013,0.12816312445639635,0.07775955850777125,0.9567733325481084,1.885526613293032e-32,8.160125401421692e-16,0.3931219210529197,0.31211125094866243,0.24903542328257355,0.21839855953703124,0.43309565713650156,0.44861757736296426,-0.6120615971799237,0.49569067770216135,0.39288291651387985,0.04885377231101376,0.372566561573894,0.4988206808479885
2021-05-12,252,0.4803117015770767,0.4697489312839279,0.004620301779389011,0.1061024636935839,0.06339933601008671,0.9478129777926078,1.401557400596697e-32,8.094376476197864e-16,0.4030013192581529,0.30069456916825094,0.24148597628902335,0.2239428126501255,0.4219742125932394,0.4349296135694599,-0.5821795204807386,0.5178172966224482,0.41968730386855535,0.05559033754158301,0.30958272596092173,0.4582205374330224
2021-05-13,252,0.47906610957564943,0.4684780223719025,0.004468469313883545,0.11814042759422219,0.07126523044347076,0.9488121765509168,2.0627423945412613e-32,1.1764424784519386e-15,0.4191300426947575,0.2835580755693647,0.22238484341504128,0.22127101892582896,0.42830488354473617,0.4423536472156009,-0.6040729674911018,0.5029843135986388,0.40678962686865405,0.06087388429779061,0.2614052546853528,0.41472205041017207
2021-05-14,252,0.4761401261474595,0.4654925677358225,0.005007752777408226,0.08174049926402858,0.04889603885528091,0.9434369541675611,6.961394911834895e-32,2.0803938702479165e-15,0.3712016446679015,0.34407142580358463,0.2747120921891867,0.2542606092070321,0.3685991793477116,0.38142866864075997,-0.6109212417494774,0.5031143706687092,0.4005258112410848,0.04261944283484993,0.42802267342855493,0.5446079556045249
2021-05-17,252,0.49352175947776455,0.4832274862964183,0.0044742497958606,0.12274535580142672,0.07306123276909209,0.976163702516046,4.919215280720281e-34,6.690843710949198e-17,0.3508999155239312,0.3755268636560445,0.3045384386711063,0.18470476276955716,0.5155254288195219,0.5335052012209991,-0.6166276403255013,0.5032879889930049,0.39577769479282754,0.041819623228397884,0.4411876923709619,0.5536477690530903
2021-05-18,252,0.49047384069002253,0.4801176179398198,0.0045595898533307595,0.11517808253417498,0.06679310999500611,0.9735855602757074,6.504932489318742e-34,6.963759103823878e-17,0.28698321913500974,0.47333359462447766,0.41445986955645675,0.2063177259712204,0.47081426998962395,0.49170665829450655,-0.6086288917546145,0.5087631804438071,0.41054016372051305,0.03864520260797981,0.47827323586032056,0.5840553420426229
2021-05-19,252,0.5142920105189626,0.5044198969116245,0.0035743591118383945,0.22870563253760806,0.18156246065290693,1.0301251806163925,1.750272209743892e-36,1.9839958753233464e-15,0.2324155632855887,0.5734555738480742,0.5199842109184083,0.09013325464901933,0.7580948125281229,0.7889490861988906,-0.9750697265150394,0.30231293525851216,0.25827052126229044,0.040488906641712195,0.47053527286354435,0.5674483706463396
2021-05-20,252,0.5195434793435267,0.5097781029074195,0.003618920281928743,0.22344211393092583,0.17584200593259836,1.0327624350746416,8.10433963713044e-37,1.6945181799223393e-15,0.23264861711765156,0.5737485386710031,0.520088524992061,0.08623905355203781,0.7681401328393228,0.7984559266885669,-0.9914788811261335,0.29382642384008023,0.2529406074233187,0.040358553076516125,0.47209231171322863,0.569152784772645
2021-05-21,252,0.5255836996693354,0.5159410919390374,0.00338396932297877,0.2552830200314123,0.2138119152442608,1.0414384659980875,1.4177090926447767e-37,1.3824136884666027e-15,0.2417700902258465,0.5595340996395921,0.5012244860803561,0.08251185250308402,0.7790598841172927,0.8080146116401483,-1.017307070457852,0.2821318789376201,0.24460859499596477,0.04361495057804553,0.4370724821535592,0.5354121158831906
2021-05-24,252,0.5267708350334976,0.5171523560707638,0.003408074271035558,0.2528838140437483,0.20632228073382086,1.0424490135280982,1.37488285223038e-37,1.43963333019634e-15,0.24023398768801468,0.5623874536388584,0.5038582390130231,0.06896927424026666,0.815570453340944,0.8399568621670166,-1.0959168141943791,0.2512493567953545,0.21771425545286027,0.04280266263508341,0.4460733021653499,0.5422955462365022
2021-05-25,252,0.5257306128268231,0.5160909911363114,0.003511455236882032,0.23856018655272038,0.18883003071498705,1.0415307359000288,2.5190168685176346e-37,2.1046952797943192e-15,0.23797718785074484,0.5669207782151924,0.5084653891483824,0.0721952149472076,0.8104742531243494,0.8365901566056159,-1.1140926542084593,0.2562213786325317,0.2378949509020558,0.04303831662105381,0.44462161982493675,0.5382608970473465
2021-05-26,252,0.5250648330236407,0.5154116792233082,0.0037643638855579887,0.20647966952432154,0.15967505221639489,1.0439263009896385,2.5752089737678523e-37,2.595628790456969e-15,0.23011492838979156,0.5825486687411559,0.5307451286281155,0.09062509290956522,0.7636616623917896,0.7958481695137503,-0.990771374133185,0.31182083810827654,0.28889270415149604,0.039153166359118946,0.4870966996469791,0.5782456849977113
2021-05-27,252,0.5250727111607856,0.5154197174851918,0.003607465110999489,0.22589622010114008,0.17489440296469994,1.0462169902024252,2.146638217415207e-37,2.2177174078914428e-15,0.24025698270086648,0.5664094784356608,0.5106627916762154,0.09630027671616176,0.7499311162770214,0.783169864479144,-0.9701247132931272,0.3267494999266177,0.3062446605018856,0.041105142226233855,0.46581799962863013,0.5584272760795612
2021-05-28,252,0.530445515697152,0.5209017253657934,0.003338334944288978,0.263068432362711,0.20818405953187136,1.0549187542591192,4.942528442496322e-38,6.502331585040221e-16,0.23592421053803705,0.5742429186373517,0.5184684732130771,0.07965399419663166,0.7931663098022474,0.8207732644790122,-0.9944727759368874,0.3161614714457359,0.29401573433526507,0.04227531649290879,0.454294243385578,0.5473086939350982
2021-06-01,252,0.5268435320561424,0.5172265306751698,0.003428204551511983,0.25102581004974683,0.194173412127291,1.0544521945102343,9.739466585112702e-38,1.3454487269980595e-15,0.2458702775580697,0.5587178983032699,0.49999830754030017,0.08053307290272088,0.7914654556972456,0.8186050958770991,-0.9906855861621826,0.320235230636921,0.29725262165778044,0.04477903254034023,0.4284179257984422,0.5238274583778724
2021-06-02,252,0.5264364418767198,0.5168111663051085,0.003322135302046591,0.2658534912975196,0.2088950466714703,1.0585598313039397,1.2303586815509882e-37,2.3023954862702508e-15,0.2420958929459156,0.5645780203143244,0.506323423847207,0.08896669951878572,0.7703612286464483,0.8000841238761126,-0.9648023895281095,0.33310902742150394,0.3112245270069729,0.045597682600429665,0.4198548539729299,0.5179366595138518
2021-06-03,252,0.5270092303549472,0.5173955968255762,0.003347659118231606,0.2618853821299481,0.20524843603061116,1.0602321106935766,6.611713112672774e-38,1.4937472427448326e-15,0.23856974712088777,0.5708592777176049,0.5134105239685159,0.09087346572133748,0.7673166140697039,0.7987795416658648,-0.9223967989697985,0.3556550436206566,0.3360143099896592,0.04555762276498968,0.42045605000551567,0.5176309235474492
2021-06-04,252,0.5295605182969362,0.5199987402135406,0.0034358029199313325,0.24891595842292916,0.19200904237531002,1.0605479754635168,2.2101263001474415e-38,5.024619781412218e-16,0.22661206162235029,0.5905906307833508,0.534604773161931,0.09344507198244323,0.7607081748784835,0.7933227952740729,-0.9715099980363691,0.33207117241273965,0.3118320823873141,0.045140877299030484,0.4232081224366925,0.5174804394001152
2021-06-07,252,0.5273844838658945,0.5177784774404046,0.0037139638902073673,0.21330107214550126,0.1575122018611952,1.048080720323821,3.759570943461462e-38,3.757127096379468e-16,0.22012143566299852,0.6089160183223997,0.5558037567437466,0.09603146239538696,0.7570926248489945,0.7914429462225289,-1.029117176570511,0.30532638967270975,0.2845452053319655,0.043179149111042536,0.44715271666167045,0.5331407097806362
2021-06-08,252,0.5271753478264024,0.5175650906684025,0.003609964869412584,0.226268502652382,0.1677215350165362,1.0480941584374768,4.136181299505319e-38,3.6541159599525153e-16,0.2154410840508391,0.6199215024126987,0.5744674182187872,0.09795791139205334,0.7529286700325676,0.788860071610806,-1.0459309147192961,0.29775239972062556,0.2765484209735073,0.04229661022535522,0.4607302729555305,0.5506655352209963
2021-06-09,252,0.5215573080500056,0.5118328630916724,0.003433436768771123,0.2530073407630364,0.19151382319177834,1.0288823245087364,1.6891809349844762e-37,8.029592570044923e-16,0.20289702121171047,0.6426171790693831,0.5968303565361004,0.1005703815795217,0.7481722460490376,0.7849782245262239,-1.1083705018174204,0.27325381568841106,0.2506341834552306,0.03689812201849499,0.521799953189349,0.6019769160105917
2021-06-10,252,0.5220608266873477,0.5123466158476596,0.0032775082588631533,0.2754980476944847,0.21479065372222417,1.031482429287634,1.2495483311948551e-37,4.2388821774623987e-16,0.22018635001414072,0.6153282392018027,0.5640731136987069,0.0989207712457526,0.7526872269419309,0.7883174490615441,-1.1160243745938807,0.27246269244891097,0.25040694019928544,0.04148742542411646,0.4698238319251211,0.551325572423987
2021-06-11,252,0.5177824225610892,0.5079812522879406,0.003055581327491958,0.3124622378030833,0.2676775630227388,1.0293085741786057,2.3901170166809884e-37,5.466315629274776e-16,0.2080317174729214,0.642900815473063,0.5940589985125635,0.1072369036663332,0.7363297763675485,0.781127211816072,-1.2303520324799633,0.2283489621619558,0.2213784690627416,0.04367938485777639,0.4487810239457203,0.5353769543384206
2021-06-14,252,0.5196875268219862,0.5099250781801566,0.0029766974979045487,0.3254758679377343,0.28112477321324136,1.0282057102833908,1.367370367563953e-37,2.5761082579176377e-16,0.20142533316339922,0.6533198172098268,0.6048841249670346,0.10454032327754392,0.7426295375112383,0.7864357780679176,-1.276841888915002,0.21644610137602785,0.20949329232864644,0.0442959875991267,0.44208608491428647,0.5274698952752279
2021-06-15,252,0.5201630381087854,0.5104102543305087,0.0031946958589763436,0.29063749844191705,0.24289359449498815,1.026352082251584,1.6026602908520058e-37,2.903014470598615e-16,0.2049218459309784,0.6473457884540313,0.59850519557804,0.07239349080293644,0.8207535512272208,0.8527267584666861,-1.411737636660023,0.1760095630198934,0.17189649301127596,0.04452824353753907,0.4390383651127816,0.5252882856589349
2021-06-16,252,0.5236367429645019,0.5139545629434552,0.002982702062342317,0.3235551346261596,0.2747094852584012,1.0294346930036484,1.1030332572461654e-37,1.5559331095449803e-16,0.1831479166067152,0.6869147421421504,0.6475241780080594,0.045159002009545535,0.8875690424598071,0.9077268877939926,-1.5514388282601617,0.13655801496994946,0.13430674256649575,0.042233522864389486,0.46539885056455277,0.5511311705099387
2021-06-17,252,0.5231478714478048,0.5134557550138171,0.003070012839781075,0.3099725774886079,0.26492848973888805,1.0295915760613654,1.1446850023618742e-37,1.513761178181186e-16,0.18363237561160958,0.6864915833324974,0.6477806422041786,0.011892843563069189,0.9695514577557365,0.9746337628797513,-1.5376930243865075,0.1403416635691877,0.13819960875634382,0.041305161143515394,0.4754715516704979,0.5578482457181158
2021-06-18,252,0.5251325840964531,0.5154808073504461,0.0030525682165847843,0.3125566787304388,0.26414249350181906,1.0296035695582857,9.583754872741413e-38,1.332260247047957e-16,0.1840597076509092,0.6857559419547734,0.6468899640915915,0.011540609267544577,0.9704495877982966,0.9753386215127008,-1.5427006663111449,0.1392631720407209,0.1365750024619442,0.04154845784417084,0.47145868889859777,0.5529115244053049
2021-06-21,252,0.535494145812735,0.5260529699146199,0.0028692673100701627,0.34302823045215014,0.2996370751293289,1.0432889969906192,1.4013595424214627e-39,2.3877680327769248e-18,0.18514610418903096,0.6845453294417762,0.6449367813055393,0.014238530876885536,0.9638068746824691,0.9699568775062517,-1.4709869266981148,0.15982010579361872,0.15609335802116509,0.047840837976692044,0.40551976913779386,0.4869137578245394
2021-06-22,252,0.5334518333034657,0.5239691469884955,0.0026587300008185854,0.3799373044007148,0.3382391983326849,1.0419723228188222,1.8459890206869204e-39,2.5884612799186393e-18,0.20530357634158444,0.6530799044481427,0.608526837358131,0.025106863918029076,0.9362636598770135,0.946875134058187,-1.4121630350776382,0.17921642036325927,0.1771784136182023,0.05196047535652288,0.3675528795382904,0.4513476799932893
2021-06-23,252,0.5341261798263666,0.5246571997415366,0.0027424178737701,0.36518592885072443,0.3224126172164379,1.0433001031018327,1.4897348011443496e-39,2.229878450519415e-18,0.19786964008109154,0.6647737169425312,0.621930852378926,0.02947306152421625,0.9252157711174616,0.9375704591631091,-1.396564993130957,0.1843754816986523,0.18215732630523263,0.051107183366101,0.3753874997594703,0.45894867099735104
2021-06-24,252,0.5325955295882001,0.5230954387261717,0.00259856926139344,0.39271034874938915,0.3542121833297247,1.0422191741933025,1.8327798873537634e-39,2.204582956774807e-18,0.19871481062924998,0.6684842497494097,0.6309672039775249,0.03271952980784032,0.9171003368702337,0.9308396596200339,-1.4076077385639056,0.18180887715348165,0.18060038601597594,0.051323042028909104,0.3760910795191982,0.45872763057211263
2021-06-25,252,0.5364296092394328,0.5270074468256002,0.002618727099842131,0.38857123791823567,0.3489977517201097,1.0419826881645053,5.979759246022827e-40,5.441777748297328e-19,0.20188067042596045,0.664188362505076,0.6267214818518367,0.03339520047584915,0.9154090784172235,0.9294412163210772,-1.399551188344861,0.18558684651031745,0.18512620540505953,0.05135810102173788,0.3756622686411317,0.45753769938971023
2021-06-28,252,0.5408667527586117,0.5315347761886648,0.002790885077628183,0.3605933113123442,0.3225962882529976,1.049056405743087,1.4666146163642522e-40,1.3295456960507356e-19,0.20275466839509018,0.6686512582440688,0.6356759882432431,0.040773280024181346,0.8971171634503052,0.9139963707492262,-1.3597977091037063,0.1988563772738017,0.19717742143237738,0.05270717000153077,0.3658436730295751,0.4438626546983325
2021-06-29,252,0.5411717920962451,0.5318460155128355,0.002807407979576622,0.357683799635215,0.31925578679912636,1.0483587639864556,1.3281161895762725e-40,1.132751818144561e-19,0.20829743269333673,0.6606819367747878,0.6271340138194694,0.04328536871739952,0.8907325471920088,0.9087117095304313,-1.352527035004449,0.20153615115469223,0.19959095304270758,0.052423048665299204,0.368333149908153,0.4459216029609605
2021-06-30,252,0.5367510955989523,0.5273354674607196,0.0031913284652544077,0.2978671249638408,0.26128657117419796,1.0445762775074319,4.199774392003048e-40,2.0090447364379943e-19,0.2261009393338962,0.6372452756270883,0.602334962815139,0.0876483152496616,0.7816724587524281,0.8169559800483267,-1.1560180036130652,0.2746329104752435,0.2778277065673914,0.05146571673883435,0.38019262258508024,0.4542446558746681
2021-07-01,252,0.5386047354748763,0.5292267829438779,0.0030327276606594506,0.3226371993694426,0.28040644823806604,1.0473660326282024,2.487498359321352e-40,1.0585960992741536e-19,0.2176089771208678,0.650059932308978,0.6160725408777539,0.08462793116024603,0.7898766981397243,0.82409356007214,-1.1784953933956863,0.26622375339831106,0.26740614152450326,0.05200150521855873,0.3760934519567306,0.45142792796334974
2021-07-02,252,0.5385364574453508,0.5291571171495246,0.003014984647326299,0.3257891839713162,0.28466954512883136,1.0474929493876206,2.5371950141260178e-40,1.0938105512198641e-19,0.2168799029410321,0.6510674029097525,0.616909409531814,0.08358031548600675,0.7927095528079979,0.8267563052303357,-1.1806466461461287,0.2651965312071562,0.26645530270940443,0.052044741125874046,0.3757117665951826,0.4508818183316451
2021-07-06,252,0.5364229929251565,0.5270006960333914,0.003229830323213447,0.29372976384953403,0.25163262794559926,1.0495398253076087,2.9870910445327747e-40,1.1415919463484066e-19,0.24090032379288337,0.6192812256880734,0.5861609626212745,0.11995136098665882,0.7064196761551917,0.7514299126551196,-1.0297834334133664,0.3321314903817363,0.33862036914311033,0.057340550986062055,0.332670304452649,0.40782161721893617
2021-07-07,252,0.5363294046939044,0.5269052056023171,0.003249435655585191,0.29130369221406754,0.2514466885746859,1.0493873666176943,2.9647393558680844e-40,1.1301155074149837e-19,0.24169026298668367,0.6189722522956632,0.5864469130162449,0.1212934588982687,0.7037611121753212,0.7501641559919889,-1.0253541644260458,0.33403660207489816,0.34114062528612266,0.057323956971380416,0.332959992555112,0.40743989578849615
2021-07-08,252,0.5357612299332721,0.5263254825741923,0.002981960273956185,0.33477135994774265,0.2903738648899242,1.052082257659111,3.4847798841777994e-40,9.327657902052105e-20,0.21611008125104136,0.6577119614792672,0.6265913456892034,0.13910597103807276,0.6639074919586462,0.7173816813673728,-0.8836934970671129,0.40615482994554974,0.421727871433044,0.046750489064977,0.4280355332495792,0.4938171741501577
2021-07-09,252,0.5353173531111561,0.5258725838654479,0.0028998049987059207,0.3484334426616881,0.30672752030751416,1.052078331298675,3.637486349437496e-40,9.368692643281881e-20,0.22495578850782472,0.6444159769182218,0.6117120135780076,0.13795124597085634,0.6666929444529923,0.7195102529530302,-0.880014841703055,0.4083143712721389,0.424306928594682,0.04925408104044111,0.4005531579690965,0.46516296655264877
2021-07-12,252,0.5357366225577815,0.5263003750487933,0.0028027431873658155,0.3651203201510115,0.32352573974824506,1.0532712760800722,3.4340353558069035e-40,8.029657423361548e-20,0.21794491022166249,0.6551028510327557,0.6231112326473475,0.1380366866961198,0.6668072984395845,0.7194470879247525,-0.8943744870112025,0.4010787942204427,0.4155760086189493,0.04842774004410617,0.408954383728511,0.4732624284215675
2021-07-13,252,0.5361006981060066,0.5266718505065352,0.0027083328149992824,0.38162297825584757,0.3422195904969748,1.0536529313821943,3.668243392975618e-40,7.188069811994377e-20,0.2140885039663981,0.6611585059262269,0.6296781701774153,0.12321765760748615,0.7002455585193086,0.7471209800988536,-0.9974500611325164,0.34616409641105217,0.3528994548635872,0.049097862263464846,0.40639669377714405,0.47721251831076483
2021-07-14,252,0.5359561485525883,0.5265243629540637,0.0027916197798249567,0.36689948656061455,0.3246772459242431,1.0532655792226788,4.144399806947572e-40,7.9158292056387e-20,0.20481144292948278,0.6749357128623661,0.6455931395105128,0.12519939171315558,0.6957826496481914,0.743432440032489,-1.0178729779984932,0.3360703235515068,0.34299999981061546,0.047859526436434645,0.41782413509668515,0.4887898184541938
2021-07-15,252,0.5367701366748454,0.5273548955503504,0.0027653638714779574,0.3711583112364837,0.32686930513719237,1.053596108166643,3.883610446965367e-40,7.356679310599407e-20,0.2057590500447207,0.673623232199006,0.644123679909717,0.12170225266571222,0.7036867571479686,0.749845997240945,-1.031913943961738,0.32908797551222124,0.33539558185272866,0.047559120496296084,0.4207998041532217,0.4916525869725821
2021-07-16,252,0.5367604444171421,0.5273450062955394,0.0027864487898733394,0.36760563188470863,0.3231649903945807,1.0535627739416524,3.86294623089688e-40,7.51485312064971e-20,0.20341508618943577,0.6771920881557465,0.6483287720108925,0.12255980589158122,0.7014793139255746,0.748283986907827,-1.0194013469069927,0.33509561238663244,0.341963811687207,0.046880119433088355,0.42723134479886804,0.4974161987384298
2021-07-19,252,0.5371568994082112,0.5277495193148822,0.002756356811039381,0.3732170790588195,0.3259647385795801,1.0530575864885876,4.366073367554471e-40,7.895524811958304e-20,0.19397797721829368,0.6921565447086635,0.6649377633849796,0.12133497343779875,0.7043947570676121,0.7509784391816313,-1.0382302762821638,0.32752414057235923,0.3349944771392489,0.042947449614270494,0.4659179860701128,0.5305065658516397
2021-07-20,252,0.5371372517015859,0.5277294722646263,0.00280187299193828,0.36533970145036754,0.3179224079440798,1.0513404031542652,3.991440687789352e-40,5.66426952207643e-20,0.19799654288379984,0.6861403243711934,0.6584942995083286,0.12259350549999093,0.7015408811604156,0.7488357787379827,-1.020318238943863,0.3355830848793723,0.3431196899933837,0.041545457824769635,0.4798369553454558,0.5419045322032847
2021-07-21,252,0.5399384788767045,0.5305876349514344,0.0028997111718768566,0.34924636824052535,0.30448274330145886,1.0540732102408794,2.205545182550232e-40,3.0016631144014734e-20,0.19106253312579932,0.6966713409614987,0.6700285991672845,0.11295112800057883,0.7238360049845627,0.7675575261556611,-1.0458983926756023,0.3265484336091393,0.33435264093508343,0.03973169249633525,0.4989879343129293,0.5612394404561913
2021-07-22,252,0.5402304300671097,0.5308855201091242,0.002763867797089558,0.37132508306696577,0.3265569048450583,1.053726193719121,1.8542826114427467e-40,2.867150518899954e-20,0.18109523039309436,0.7113595165666207,0.68759809897187,0.09541202860497666,0.7653496817052521,0.8034412184733797,-1.0545892714202587,0.32162352912163983,0.330232376114702,0.0390633117075769,0.5055149686044974,0.568662340639517
2021-07-23,252,0.5411390749892611,0.5318126334240021,0.0026165567029390485,0.3977261459618844,0.35572466780479284,1.0534389641377406,1.5636395246143955e-40,2.5254984462926577e-20,0.2137841680577276,0.6624213543504838,0.6312514171072598,0.08177051193999307,0.798294067810436,0.8324411644398835,-1.0195411178935996,0.3376088516651703,0.345720831337477,0.0397444944647416,0.49746732252411263,0.560508450091899
2021-07-26,252,0.5383176221083208,0.5289338339397908,0.00233703028228375,0.45259926277915985,0.41182680562450524,1.0417659860493653,3.4847058892897615e-40,2.196234289450388e-20,0.22062337179608288,0.6548383274926346,0.6218187505459589,0.0980371132758256,0.760021628855478,0.8005279964261566,-0.9249625016041871,0.3861648977101697,0.39444668722494136,0.037000745828909234,0.5294697203626046,0.5870651508583973
2021-07-27,252,0.5311185685106596,0.5215884581145349,0.002278768828706898,0.46416071217300603,0.4235205793060641,1.0422321894188704,1.226966720022792e-39,1.4614305196275214e-19,0.21316219494645472,0.6660446805930527,0.6330457900536681,0.10640787972792032,0.7405368400308119,0.784866201044557,-0.9235813366234018,0.38871586058680474,0.3988849129703629,0.033850578492602396,0.5641078832152924,0.6173777149201803
2021-07-28,252,0.5307635104651662,0.5212261834421006,0.002242768979393555,0.47140185603121565,0.4348754803821546,1.0420067429858564,1.2900921768480294e-39,1.532960089486482e-19,0.2203286629758608,0.6552802285737076,0.6205343858268202,0.1113230170947217,0.7295388556410889,0.7761987956258095,-0.9074748869667799,0.3972125824895901,0.4083033225286782,0.03518814976336778,0.5478786589701905,0.6012058020124018
2021-07-29,252,0.5308538696590333,0.5213183792049486,0.002431475325907562,0.4346166585700998,0.39456784512119236,1.0409967817288388,1.4626645193612605e-39,1.8054359245583868e-19,0.22648980102116734,0.6467079152133985,0.6118995517079076,0.11950958950017176,0.7100674703826892,0.7595653952558391,-0.9770847060298082,0.36323116649192433,0.3749957735794818,0.035166810954057943,0.5482359301157969,0.6019367030362397
2021-07-30,252,0.5318498666911067,0.5223346200791373,0.0021714718391493927,0.48479783011008715,0.4433446826516769,1.0392747937007702,9.96727779882602e-40,1.4111291365096515e-19,0.2478890877579925,0.6154127293673393,0.5779055818961196,0.14155558563362736,0.6597206425999883,0.7177726873336835,-0.9113127520463036,0.39687528073845446,0.4109005807091576,0.035395837607131775,0.5450326903404265,0.5994399753479287
2021-08-02,252,0.5194756398492792,0.5097088845616631,0.002682759470374821,0.39429537774279655,0.34749475041709776,1.0216291681915437,2.524339821852617e-38,1.7802005256059717e-18,0.2766221564968792,0.581128316114697,0.5365551310267804,0.13768676161224425,0.6751420095904008,0.730080899819646,-1.0484423926532003,0.3424123818077659,0.358357219212038,0.04234760002958843,0.4749103904658295,0.5308880018056714
2021-08-03,252,0.526788765970126,0.5171706514573238,0.002219740489570271,0.4757200535074051,0.435426928200056,1.025824912246621,3.3128945438340835e-39,6.738816987884926e-19,0.20771650467551467,0.6757266504311713,0.6434853094081745,0.12960205557979299,0.6899159390037002,0.7453347486115742,-1.0973333722164988,0.3151616021580118,0.33553328020093676,0.03827318291604753,0.51363158757163,0.5713299562557993
2021-08-04,252,0.5275727476309858,0.5179705677047863,0.0023799648168450274,0.4452413892804815,0.4101847536931602,1.0292998890460099,2.224286414288142e-39,3.4515142820372415e-19,0.1817372155593615,0.7143622105460011,0.6860572766560602,0.132934450695956,0.6844808639884392,0.7418993840855075,-1.0589361159890305,0.33296390056835146,0.35140092357547514,0.036100924241038015,0.5381103059079239,0.5929898563474895
2021-08-05,252,0.5284129817593615,0.5188278797626005,0.00251475630253398,0.41966018956448226,0.38479076493421416,1.0310752767937061,1.7487748729273077e-39,3.4687294931584577e-19,0.1826212363126386,0.7128068158168587,0.6842362963440352,0.13987615527463731,0.6689057135401804,0.7291708875108374,-1.1056847797934783,0.31288622704980273,0.3321992054108659,0.03626503501926491,0.5359623307840835,0.5914034876117147
2021-08-06,252,0.5285638499524867,0.5189818143824154,0.002555259529054843,0.4122136580379796,0.38003411992523195,1.0296413123193986,1.642486130865292e-39,3.8327778511267517e-19,0.19769540650028833,0.6902866635965141,0.6586668622641864,0.16115165821757227,0.6211792728508245,0.6883829939766721,-1.1083381749638903,0.3109427374773279,0.33076331329629605,0.038248543004939836,0.5128191851321322,0.5688556363359945
2021-08-09,252,0.5304402144299825,0.520896316349291,0.002641711912239776,0.3969498154073927,0.3657210493994829,1.0307272369356126,7.372628160448901e-40,1.5900385611731675e-19,0.20028271227134825,0.68640948686876,0.6546147236173616,0.14701814282540787,0.6503675098087919,0.7132571718410824,-1.0833146298412863,0.3237170084251093,0.3446316659322002,0.03821165122591441,0.5130511501242492,0.569522964935941
2021-08-10,252,0.5302618346962575,0.5207143110112222,0.002610937873697836,0.4022355563317438,0.37063840879268706,1.0299144168108691,8.006367486676275e-40,1.7119861422113194e-19,0.19810020848501175,0.6896324855215554,0.6584168999628283,0.14160933211628834,0.6628920363035999,0.7247008948476876,-1.1000427332047402,0.3169061046251404,0.33884484997715547,0.038027288129708,0.5150390706579419,0.5717883985528247
2021-08-11,252,0.5293841134389085,0.5198187498909188,0.002604019103397414,0.4029103286823824,0.3666876460938394,1.030250374803122,9.418635062021312e-40,2.424510423777468e-19,0.19799251298173937,0.6896210712118501,0.6586118407848088,0.1524999214338837,0.653807621882776,0.7253295701569661,-1.0820999306575974,0.3313981778043624,0.36143316545576143,0.03776314422446496,0.5177382568892995,0.5731379125322502
2021-08-12,252,0.5300082068698658,0.5204555281477087,0.0025273926858193343,0.41654500358865887,0.37946259411031236,1.0310671496659576,7.638271289601294e-40,1.850179359906149e-19,0.19258960612698922,0.6981688454934372,0.6689548319687804,0.1520553842921326,0.6547809973283192,0.7260929697924963,-1.0887619676172189,0.32829248974334135,0.35831476323713163,0.038074241055700446,0.5142248018649977,0.5698347545887974
2021-08-13,252,0.53373949775101,0.5242626582744045,0.002221372225417957,0.4735298067463072,0.44036662467786025,1.0295185350059515,3.606285695948718e-40,9.92821572480489e-20,0.22243276315676036,0.6530233902983924,0.6194312960293638,0.11811881451841533,0.7275599248984084,0.7877882133597809,-1.1137474391399353,0.3143354677367047,0.3472313749108662,0.040495897234473346,0.48617118061693176,0.5448552022455002
2021-08-16,252,0.5350647364032131,0.525614832671571,0.0020881415624204656,0.5004737957339118,0.4664824343450312,1.0309680779860426,2.6283553929929615e-40,7.796352495199498e-20,0.21689208862016224,0.6605982064688989,0.6273557369514897,0.12387949267552528,0.7156827746656538,0.7774145230320304,-1.0921321694844914,0.32545249610493654,0.35852930354322254,0.03965284249543525,0.4945671476703165,0.5520404380332677
2021-08-17,252,0.5394933286533176,0.5301334369592794,0.0023218158429992824,0.45221534184273793,0.41509007808063725,1.035454424987356,1.0391800162193343e-40,7.674619588694734e-20,0.19486463015523586,0.6920300783930975,0.6629441216449146,0.18914181389857243,0.5802545173527272,0.6657646240833799,-1.0691003535054118,0.3317108739554826,0.36171920355695164,0.03664593135089736,0.5255452002315022,0.5792513343005293
2021-08-18,252,0.539296795132635,0.529932908854843,0.0023075357634474727,0.4553992685458865,0.41737953012169027,1.0350838685028507,1.2267993048241486e-40,7.968930544196983e-20,0.19196054216090863,0.6961818879251525,0.6671065537630568,0.1893633358648592,0.5798925616016369,0.6659054125014567,-1.0712283276074615,0.33399866076531315,0.36709705413006843,0.035533238267443173,0.5345275178736182,0.582466084400736
2021-08-19,252,0.5391650259642116,0.5297984614512891,0.00239570442567537,0.43847726476746063,0.39884976671901085,1.0356857518172724,9.147405201785891e-41,6.112614877806925e-20,0.19594461615739206,0.690152953967422,0.6605962562442218,0.1871835544831646,0.584566671801497,0.6689949940432609,-1.0220264485433734,0.35482530145825764,0.38479392817241875,0.03587240747003335,0.5306320215597065,0.5782723228311295
2021-08-20,252,0.5389574423462624,0.5295866586541134,0.00225380728989187,0.4658681132500807,0.42862452965702147,1.0343972289612853,9.983307514188255e-41,6.361715282548781e-20,0.20866985404815214,0.6707089617535418,0.6383972258984636,0.1953160839917742,0.5704959335080888,0.6575216435438065,-1.0071149405927353,0.3630943415782659,0.3940724397170584,0.03894842306283165,0.49294745295625564,0.5417638817790358
2021-08-23,252,0.5381221184154881,0.5287343565946647,0.0023964927348347465,0.4372823666104193,0.3998074363599702,1.0328772279200686,1.023360620188262e-40,8.511313731435112e-20,0.22512986732381468,0.6461851921502508,0.6123421862984633,0.21236723753442688,0.5373983995181499,0.6305066360298834,-0.891547558161222,0.421842145002276,0.4541261809728563,0.039270352377006504,0.4884455168448709,0.5380522686842217
2021-08-24,252,0.5392091225202656,0.5298434542788076,0.0022678252579038695,0.46145541540710944,0.4247931850540586,1.033387973350541,7.137200480722302e-41,6.048356650209991e-20,0.19858475755934724,0.6864353051635541,0.6583956873359493,0.21604064147874946,0.5301892249274613,0.6247002413110365,-0.8988276086166881,0.4177707001571862,0.450295259573517,0.03721976441675067,0.5118762850472227,0.5609425231653884
2021-08-25,252,0.5379735005838602,0.5285827180754021,0.002344604432264223,0.44635243305125105,0.410202005671534,1.0305941256506332,1.2330217128623244e-40,1.0663416483770114e-19,0.20187746882379526,0.6813293345049042,0.6529730523144142,0.20225218413837154,0.5572967202300707,0.6489884115450714,-0.9527006176516069,0.3920767507106082,0.42799065974974626,0.03739220727928399,0.5096189041981716,0.5589953574288327
2021-08-26,252,0.5390035995072564,0.5296337539687861,0.002385796069161018,0.4378614302205762,0.40060076991281446,1.0308588881155338,1.0725634877407152e-40,1.1118486567187943e-19,0.22279783468258624,0.6532408737815415,0.6271070191675696,0.2135440935065085,0.5374319177558428,0.6349558682712256,-0.9290961764385874,0.4044250145325765,0.44044457095139566,0.0396975316678783,0.4862756078298045,0.5436480258529639
2021-08-27,252,0.539639942286549,0.5302830305444057,0.0023885944780154262,0.43699521095534666,0.4001374360342863,1.031032289153778,1.04546739272831e-40,1.0898727897526142e-19,0.22002827527652785,0.6572077264171141,0.6319189019785941,0.21579306576771828,0.533565670474107,0.6317946342416392,-0.9282033173176648,0.4051318780524359,0.4413486386198945,0.0392147484352992,0.4902890708477766,0.5484509651144043
2021-08-30,252,0.5390257536936744,0.5296563584435459,0.0024901088356882243,0.41814648089084505,0.3817215194811753,1.0286254462737245,1.123358642597824e-40,9.442314992801499e-20,0.22765935356407369,0.6462867146941669,0.6196377904386957,0.20759836473040427,0.5504699417526908,0.6466383603667998,-0.9414306591038869,0.39958597065206547,0.4358764235832253,0.039457525623985176,0.4880425005147381,0.5451915369240445
2021-08-31,252,0.5390676483597718,0.5296991046272469,0.0024870553171784226,0.41748896261437973,0.38611105992174344,1.026584674961934,1.1760151683224746e-40,1.1966702159831939e-19,0.1629871636020072,0.7427685675431785,0.7199528974320859,0.2264177023276288,0.5141300059452727,0.617142175338995,-0.8367829566005969,0.4539000298333462,0.4886225115581092,0.027053567603812133,0.6373742056011802,0.6770113956974271
2021-09-01,252,0.5397665445504718,0.5304122060250749,0.0025580754039863907,0.40431934773301514,0.3840089516574853,1.0272617257019139,1.150587980655221e-40,8.85608748828697e-20,0.09252917347594353,0.8525118211451844,0.8375388548648122,0.19812263342095526,0.5683510161663466,0.6632441275895031,-1.0123929850975542,0.3658877867307918,0.4058154701887783,0.02182223997973074,0.7040657222233764,0.7370562546934529
2021-09-02,252,0.5369664443521405,0.5275551932210865,0.0025363900598876572,0.40793646819511753,0.3824187745314622,1.0246137123191892,2.2001978425787646e-40,1.6179712032629533e-19,0.1412154056186909,0.7805451288537963,0.7688861004382175,0.19345479224603856,0.5779063239079116,0.6719889295541961,-0.9206742886233064,0.41161436678265617,0.44748379357232604,0.0247209803780965,0.6691530274652687,0.7065353437627493
2021-09-03,252,0.5299727148423388,0.5204193147375082,0.002781995883166548,0.36548162247992366,0.3419843877870996,1.0210996904747223,6.8753997962582956e-40,4.72156504384264e-19,0.08647715152577856,0.8666310701009041,0.8569695356866343,0.19246981535340169,0.5793336519122638,0.6720586360512094,-1.002060699745603,0.3754434490701345,0.4169723882692682,0.024199975310324254,0.675628864547462,0.712460119561416
2021-09-07,252,0.5351774555750916,0.5257298428835284,0.002629531202744229,0.39476381310397846,0.3647744594525839,1.028611681247713,2.963949211535084e-40,1.7231306158898397e-19,-0.0025318200144644754,0.996142856155786,0.9958203503477958,0.23137200383016565,0.5052601534953403,0.6118694861649168,-1.0645640405588606,0.3480944132643813,0.3891564056824641,0.013319102298627754,0.8205873449214873,0.8413794294330346
2021-09-08,252,0.534564777421797,0.5251047119222401,0.0035426324320308048,0.2498048715588682,0.22458776457110263,1.0250583091888223,1.540403054072865e-40,3.6644230473119865e-19,-0.32055057789067154,0.5514889026359142,0.47950046903327415,0.3331765036798352,0.3380264702324225,0.461466735396015,-0.6820044589069963,0.5486490083437079,0.5764886104211331,-0.015946240727905826,0.7890430434045584,0.8012265242270938
2021-09-09,252,0.5341847540662298,0.5247169645147305,0.003329261034882217,0.2789104263054253,0.2519998486196289,1.0253106006650876,1.5866698238503986e-40,3.345878734550264e-19,-0.3464073818128176,0.523040100860245,0.4564663869741573,0.3285861306709675,0.3449421192555746,0.4677339979342936,-0.6533249385841171,0.5654323775881898,0.5924552299087171,-0.018109220171609132,0.7616267908832786,0.775929038262767
2021-09-10,252,0.5353855927873306,0.5259422105269105,0.003034706655410205,0.3248566546687194,0.2981474008970759,1.0259489718785035,1.4830415101111731e-40,2.956620275571496e-19,-0.2944184883733288,0.5936791873115136,0.5303485111541079,0.32305236507588564,0.3539295550620304,0.4780698842230994,-0.6483180841083735,0.5685352624219184,0.5952103224127865,-0.01651694366456511,0.7833303299923864,0.7946396924668684
2021-09-13,252,0.5353095525730568,0.5258646247798262,0.003054871644979509,0.32188755128915086,0.29296085878766276,1.025955987625891,1.5239853590988978e-40,3.1420842751730426e-19,-0.29211354503024417,0.5977773870009169,0.5354800290886472,0.33056252603838554,0.34357147224024454,0.47006568026810125,-0.6307661285105203,0.5791733673152877,0.6056798907247019,-0.016467016314143823,0.7849014509349033,0.7979958286275921
2021-09-14,252,0.5361671288010029,0.5267396314189094,0.003074560106950298,0.3178389744054298,0.2873846557775702,1.025510556412026,1.2102175445082216e-40,2.45996090132786e-19,-0.2570452469356609,0.6425528650994914,0.5850822751159458,0.329752907075034,0.34370179171997806,0.46881205282468486,-0.6455811288169735,0.5699703951215007,0.5967013575200163,-0.01400616055471391,0.8164009643841661,0.8288249936498733
2021-09-15,252,0.5374023118113807,0.5279999197750267,0.003341828312503424,0.27706961208899555,0.24758118058212475,1.0259175126666316,9.776373079942267e-41,2.504932168600834e-19,-0.2305369615792331,0.6769908890495866,0.6243473425763469,0.31980643674803183,0.3567722815562979,0.48039500731155027,-0.6658172120025772,0.5570181026936962,0.5834577391971012,-0.013082304964727592,0.8281298703790164,0.8401757551899623
2021-09-16,252,0.5378217592315832,0.5284278925492982,0.0034290741246275672,0.2649931169998397,0.23770475651402012,1.0264546819742448,9.058862539995399e-41,2.5364414625630557e-19,-0.2392064746342298,0.6657477886327499,0.6120576999411005,0.3233931093906237,0.3490898783225257,0.47247030381510535,-0.6476619635742302,0.5680252902031104,0.59396674858695,-0.013643179967249584,0.8208811225991205,0.8332280755806363
2021-09-17,252,0.5399192390299039,0.5305680040508369,0.00296194610018247,0.33498794919717134,0.30849945000220147,1.0276480712355567,6.146983468320612e-41,2.473275073727543e-19,-0.1649397185177033,0.7665153349231669,0.7317897459859398,0.36248413893528075,0.2955074488707895,0.42560211829701367,-0.5247449382470321,0.6447786658107564,0.6654522320281002,-0.011191285896340303,0.8524853900788825,0.8637721034702788
2021-09-20,252,0.5466997852084473,0.537486366208619,0.0028721972912579387,0.35123807452722955,0.31929263243774975,1.0330592988454201,1.979642653143576e-41,9.353271194822744e-20,-0.20071661797373153,0.722073371491133,0.6804623886752732,0.3546606906650966,0.30663109139388195,0.4356295565904724,-0.5113171778126339,0.6536388752602971,0.6728682904305718,-0.019582348238704833,0.7466794120403466,0.7642299576790758
2021-09-21,252,0.5458607009991552,0.5366302274422274,0.0030456766035469843,0.32090022324708867,0.28707584903354255,1.0312679386144485,1.2923335262909678e-41,7.886337564919913e-20,-0.21946151627744526,0.6960125883650957,0.6505029205870663,0.2940878074893132,0.3973395910657832,0.5179770428032813,-0.48160701846599285,0.67164254828632,0.6918221695424995,-0.019080452920483465,0.7512032952859863,0.7678629644276931
2021-09-22,252,0.5485651977675488,0.5393896936571331,0.003177645358922305,0.3004232359369998,0.26652591041495355,1.0342229074747988,7.629476502415682e-42,5.8934719844348e-20,-0.2373788619552614,0.674125075333885,0.628051444750974,0.3058288477737071,0.37933872619387543,0.5019596747208949,-0.4074259396923353,0.7211347302434921,0.7396615063364809,-0.023904574360669277,0.6899506407759941,0.7124782444146266
2021-09-23,252,0.5477635175060188,0.5385717190813444,0.003448639534434074,0.26245459745167765,0.23299790705003687,1.0327238133947703,7.877337420118335e-42,7.371388636203641e-20,-0.3511529021183377,0.5435549350626607,0.4850612545445616,0.28115637341486976,0.4146380187034878,0.5282822621804473,-0.42230649833008505,0.7089102110848946,0.7257532952671135,-0.031890862660698925,0.5981968619302627,0.6255833518982342
2021-09-24,252,0.5482214811549737,0.5390389909345463,0.003205420532414679,0.29675385351271044,0.2671009927823452,1.033007861791856,6.936798923150881e-42,6.275862773617891e-20,-0.3470129892830017,0.5481631520892382,0.4897791085482244,0.2660743741368839,0.4400446393812254,0.5518882120407991,-0.475525408373201,0.6737486133592785,0.6918654414380001,-0.03031062033721732,0.6157439153971469,0.6417659260175754
2021-09-27,252,0.5483466939711865,0.5391667487266985,0.003213262375811189,0.29498444307971877,0.26332347701688597,1.0333767239170857,6.752488548051332e-42,6.357576047500198e-20,-0.36980242844151956,0.5248948522508331,0.4662479086644167,0.267516056859422,0.4375209203059377,0.5495659302043611,-0.5030533743962797,0.6567836641410694,0.6759419483318678,-0.030624695704102242,0.6121331905623247,0.6371759641364825
2021-09-28,252,0.549225159028291,0.5400630687646384,0.003138139849446618,0.3055068347847535,0.2712386772957802,1.033502541566016,6.880085499978744e-42,6.026641036439023e-20,-0.3743330930318989,0.5252197852474398,0.4730729562703302,0.2682779030349025,0.43635205542009703,0.5498431915382271,-0.5068400994161284,0.6544120410455843,0.6731349979405816,-0.032711300623733355,0.5906782542279225,0.6184883394673351
2021-09-29,252,0.5493056085073682,0.5401451533957293,0.0032071737123029855,0.29560797035636777,0.263645161526033,1.0337242784017873,6.537363307267839e-42,6.108229280445012e-20,-0.38488291586669254,0.5151078735962843,0.4625934258119123,0.27155838001551613,0.43098435420162995,0.5456626537594751,-0.5087154379197167,0.6515933482050116,0.6689499828186021,-0.03356401871273077,0.581323611564012,0.6083900846724064
2021-09-30,252,0.5497895680041627,0.540638949467662,0.0031016962788583567,0.31062026081925637,0.2760169531349197,1.0322895707788635,5.491563624038641e-42,3.7076630283093973e-20,-0.36657709437600283,0.533254430645846,0.4841873646388971,0.2578289212874898,0.4508774286516043,0.5580753514130739,-0.519107977622942,0.6449029229014607,0.6621036783670318,-0.032541523720438385,0.5926006241821721,0.6242292259092176
2021-10-01,252,0.5524024747828968,0.5433049641077525,0.003118684589719965,0.3082153808881484,0.2762525982186024,1.0315937097054724,3.4825540269280137e-42,1.926662799973545e-20,-0.36191985044140684,0.5390751192617974,0.4913003487857235,0.2611624848975785,0.4457998536709957,0.5549610480839035,-0.5175896331982591,0.6458332159524016,0.6630106244625438,-0.031982153175160774,0.5995139023192287,0.6319866668334282
2021-10-04,252,0.5524225040352954,0.543325400458777,0.003180648050907348,0.29863149306599995,0.2652338845474561,1.0312011625544901,3.2991794112926173e-42,1.806431446393209e-20,-0.3751201473770343,0.5239703526389872,0.47549794655311284,0.25832832830224817,0.4506789754172169,0.5591364136819388,-0.5095406934466684,0.6501406516095709,0.6673147819683578,-0.03323530545309164,0.5857341055504529,0.6194585102611381
2021-10-05,252,0.5526497165943014,0.5435572311592263,0.003151378219020868,0.30273681998676516,0.2707008172426165,1.030670412339554,3.161145714250481e-42,1.6971935112391832e-20,-0.38480508864384655,0.5221567311086622,0.48447041936671553,0.2578160092086288,0.4516658636647798,0.560506853481131,-0.5208147100131162,0.6424790795482905,0.6596336598007195,-0.03365300067777061,0.5874497423185061,0.6270538860286143
2021-10-06,252,0.5496933784277472,0.5405408048185552,0.003117145146609551,0.3104459211641616,0.28012719626925564,1.0235190804300345,6.337885780780973e-42,1.8302825156343222e-20,-0.4478854640297006,0.46056949690853766,0.4193990320244726,0.23545080876036145,0.4923346860854728,0.5949802054874489,-0.6302885513653316,0.5737175608032159,0.5934617789062095,-0.038011554710108114,0.5423442699227594,0.5830909256640187
2021-10-07,252,0.5490170789036345,0.5398507593691555,0.0032373822509017065,0.2918507980914891,0.2597719786608027,1.0212651579751941,7.61698684099517e-42,1.9353263544157618e-20,-0.44136416451942884,0.4722252105021748,0.4352968765264853,0.23218714357695924,0.5001143007707021,0.6022081028388286,-0.6347539043360572,0.571768163779298,0.5921529461799411,-0.03895718988867902,0.5346359910784564,0.5748133948569876
2021-10-08,252,0.5487976170237917,0.5396268368819989,0.003158398699998217,0.30318268420316397,0.2712215243426943,1.0215503670330965,7.550647129842677e-42,1.827511596761939e-20,-0.42377943030333176,0.48876004105947835,0.450989708953374,0.2352465550150068,0.4945565672241561,0.5970849978798838,-0.6168973062208599,0.5824052712230199,0.6015035203980506,-0.03723811061090811,0.5516087993751642,0.5897083840156174
2021-10-11,252,0.5446872881541402,0.535432964742639,0.0028330292934191526,0.35776290730206306,0.32713937796405923,1.0133282882706816,2.1686434891396846e-41,2.709889167302408e-20,-0.40710922870058264,0.5078138655612519,0.46937856098874253,0.2131963086500861,0.53794018259092,0.6338232492596536,-0.6738807882265736,0.5500141343332337,0.5702990202937481,-0.03876001568620178,0.5371968061372001,0.5755274705283348
2021-10-12,252,0.5442192928619721,0.5349554573510367,0.002839831793811215,0.35534060766500675,0.3241077868189578,1.0118671928155178,2.66578606350065e-41,3.653619517965786e-20,-0.4612604699138856,0.461972001055344,0.4313064284332453,0.21187836737958482,0.5401781803891255,0.636396491784132,-0.6855233225800071,0.5430036016604192,0.5636472374349234,-0.043477653928613476,0.494488585255635,0.5415629593085662
2021-10-13,252,0.5441649042767676,0.5348999633067832,0.0028334706980391467,0.3562765012836695,0.3229209100639946,1.0117668141084568,2.704151741923671e-41,3.697133536199805e-20,-0.46007297583160167,0.4629036570585424,0.4336848346051273,0.20799208228096427,0.5470259462693815,0.6412858827854737,-0.6808170395209274,0.5458216521684754,0.5665310239818728,-0.043289654473496204,0.49585928769627075,0.5449402082811441
2021-10-14,252,0.5428574962957291,0.5335659819927968,0.0030477758888351487,0.32299870444280565,0.2882378125435944,1.0097938806519409,4.250336955542817e-41,4.875541019621154e-20,-0.4099355846632241,0.5133469860875561,0.487448987355216,0.21201227259769378,0.540258271239465,0.6353712079067995,-0.6789599538001733,0.5478764324415882,0.5673026521799603,-0.042006313330733326,0.5100598582440031,0.5576105264645501
2021-10-15,252,0.5408877153438073,0.5315561648426652,0.002952948556171219,0.3396696717011898,0.30706261902017773,1.0055648246302225,7.150260188585473e-41,7.19614037740523e-20,-0.4366820868322927,0.48681686344061914,0.4550611395463615,0.2574134372254224,0.4564839880061816,0.5649180824087595,-0.5984119514978393,0.5994170707809732,0.61995930998954,-0.0441228219963224,0.48968489694487116,0.5360926802708204
2021-10-18,252,0.53997022910763,0.5306200305122567,0.0028918380017896204,0.350491255343757,0.317992785161222,1.004849759593176,9.450865342574531e-41,7.923063212235248e-20,-0.4533436158318934,0.4705502722056406,0.4368600782557903,0.25455251978508375,0.462173719263556,0.5696621314260866,-0.6247372779694685,0.5843894399318745,0.6048261857473559,-0.04526148980571272,0.47885268985332174,0.525313366367736
2021-10-19,252,0.5399755855084807,0.5306254957830433,0.0029326551965921394,0.3449379846681121,0.31325215002015816,1.0052838898484062,9.714340617558164e-41,8.422171966511243e-20,-0.47846916767924513,0.45267915853160035,0.4212127702808929,0.2531621778454567,0.4646314622951495,0.5715243228065846,-0.6441216738447306,0.5741855007794396,0.5948671158632844,-0.046656074874356225,0.46721937231066635,0.5118327067292544
2021-10-20,252,0.5415020607973619,0.5321829969924302,0.003235031442845281,0.2971151149196172,0.262404957112887,1.0064389220264636,7.35048272683455e-41,7.291661953620368e-20,-0.4453146175848134,0.48454987986940157,0.4567033057408041,0.2530838782412646,0.4643139205719634,0.571160672734494,-0.7463363669946972,0.5157991874021592,0.5363409126564614,-0.04265519825027645,0.5063739280104099,0.549733316101927
2021-10-21,252,0.5405398330161617,0.5312012117360024,0.00349426235611502,0.26039140106715697,0.22535017439123695,1.0051986792880503,8.398856693489274e-41,8.009222757029584e-20,-0.4713690934472531,0.4613075727390201,0.4302177504599779,0.2555543114430903,0.46014962052697683,0.5676508709279307,-0.7643464799996216,0.5072598185688875,0.5277783719986078,-0.04565574881504942,0.4776700330804706,0.5201066923804605
2021-10-22,252,0.541922094877974,0.5326115683511037,0.0033360260623028085,0.28108462594631295,0.24568048052826041,1.0050356498734803,6.20597706587806e-41,7.258979627666888e-20,-0.5015966783342773,0.4327558995899159,0.3985280224926776,0.26848511727447205,0.4369959788752025,0.5477283663896448,-0.8236128175594104,0.4746154374452721,0.49676625686398723,-0.0470555081710475,0.4634857806684656,0.5067216235986802
2021-10-25,252,0.5425251654518677,0.533226896456987,0.0034457016395867744,0.2661527617857595,0.23016535539620708,1.0060140351353208,5.047170024933786e-41,5.835259571002591e-20,-0.48769474423314496,0.4452148579269928,0.410163849370194,0.2780818465861891,0.41973964590729784,0.5304629489489228,-0.792153918297881,0.49054975984683724,0.5108876130536093,-0.04620163672144615,0.4715417105892815,0.5129501562349985
2021-10-26,252,0.5438321865966917,0.5345604830722344,0.0037973384235034844,0.22017540463962093,0.18550031910201792,1.0072105526255324,3.05275020400217e-41,5.59262569245018e-20,-0.5185298447192577,0.4162806020364821,0.37538371037876617,0.2838762422072271,0.4090974595809943,0.5217635824488867,-0.7515021876266118,0.5123749598956745,0.5343027797671149,-0.04302082996794456,0.5007691106795757,0.5402185779054236
2021-10-27,252,0.5450673846164622,0.5358207867428131,0.0037892540817826975,0.22087562181067583,0.18282538215563593,1.0100079404667999,2.3234537952571487e-41,5.080557703457897e-20,-0.5228707165535955,0.4125115624589506,0.37097098347842883,0.2852279623235743,0.40688086294968173,0.5198250050999271,-0.7466217882552697,0.5149872821969027,0.5369049848769102,-0.043435089774861935,0.4965976653228833,0.5362976275763671
2021-10-28,252,0.5449522473830615,0.5357033093217416,0.004053597153231351,0.19414580900540215,0.15843464045940914,1.011201547483072,2.4027118364394075e-41,4.149689103558825e-20,-0.5436436050266353,0.41287137271749275,0.38968723012310535,0.26165602299479473,0.448783867265391,0.5564166690075956,-0.8672556187000628,0.4483352543546384,0.4695726273278912,-0.04282996162093318,0.5073169583381456,0.5470039883060966
2021-10-29,252,0.5450708073052339,0.5358242789984298,0.0041083204993753964,0.18792617833197225,0.15262239831395844,1.011696323043814,2.0494827329856796e-41,3.9497340155273993e-20,-0.5241266803565898,0.43191901662749466,0.4123139676185479,0.2666454458206292,0.44033838997118213,0.5484881088110882,-0.7920704793556403,0.4875033645057686,0.5060693402538655,-0.04240931445689593,0.5116590355010896,0.5514017676061898
2021-11-01,252,0.5459429482898934,0.5367141464258669,0.004271574520780322,0.17196631993944947,0.138923138444668,1.0126520757322608,1.5586226694441803e-41,3.5677369047831397e-20,-0.5953309018776693,0.3783733652849086,0.3675509560340492,0.2755031221248539,0.4253791220300768,0.5351371372592624,-0.7800714865810785,0.4935103556556275,0.5124303931623742,-0.04782800051600891,0.4626269083265019,0.5059537533800289
2021-11-02,252,0.546405599688475,0.5371862013081594,0.004342971550203767,0.1647500360001065,0.1328129297916895,1.0137032565719062,1.3244214976611e-41,3.015383056590676e-20,-0.5908296478763765,0.3865162079422172,0.3818676298362914,0.27633190658579787,0.425039528354628,0.5357226965996609,-0.7550258128317402,0.5078086150370735,0.5265304362619468,-0.047801764018115984,0.4651510370877995,0.5112602455602892
2021-11-03,252,0.5467267387309094,0.5375138675669036,0.004402333086645165,0.15823263647943775,0.12821353857305265,1.0136153275454833,1.1831672956331716e-41,2.6616817995225402e-20,-0.5401642551457133,0.43493919539289483,0.43017696867770083,0.27303889692894445,0.4267854477126639,0.5338074868214564,-0.7951531308658335,0.4837569302103535,0.49982769112102,-0.04413162858458622,0.5037227478674557,0.5467527433409891
2021-11-04,252,0.5471060055760703,0.537900843087779,0.004363487873742905,0.16165362050800014,0.12803854849283994,1.0144809057462374,1.0528180929564208e-41,2.727087592448783e-20,-0.5590629671360712,0.41824205458358854,0.4181426530016725,0.2924768916180909,0.38751902085697865,0.4898941657593886,-0.7556519446035939,0.49823468555405104,0.5055953344080486,-0.04299491411785018,0.5135732064334032,0.5514952790376688
2021-11-05,252,0.5527680896649613,0.5436780101866068,0.004443487584771805,0.15135036812699815,0.11984646189664576,1.0250369425785404,2.2318318716977184e-42,1.6799753610732117e-20,-0.38345690197056126,0.5784748984906279,0.5509843226873672,0.348123120777309,0.30142853220047,0.40077202923959043,-0.9235008593065969,0.40613111360861986,0.4160873107636157,-0.029256311797122347,0.6550088563528302,0.6702853877775525
2021-11-08,252,0.5560227563079093,0.5469988285905905,0.003799095927379772,0.21913222440260224,0.17666402807973736,1.0216425569549659,6.532027386407812e-43,5.260530998758658e-21,-0.22493364174010866,0.7456456587552825,0.7253850201839118,0.3542585121868854,0.29055463356751066,0.3908205981908073,-0.7452668067112356,0.5011697404580846,0.5123235983231571,-0.014797451744655826,0.822021659031205,0.8260580763493894
2021-11-09,252,0.5559128778683818,0.5468867168494465,0.0037280391840773127,0.22668880248050782,0.18228060943297741,1.0227674707515582,6.4962223539118776e-43,6.2013781273151984e-21,-0.2635271536599091,0.7098293928667686,0.6906938685642052,0.3870818257035339,0.2710816675389478,0.38827086088023355,-0.7283604877555463,0.5108189861798347,0.52222242817655,-0.018183067032208705,0.7854726297368368,0.7860486039934069
2021-11-10,252,0.5562233039176294,0.5472034523712398,0.003731184118429415,0.22670242584087055,0.1815309948019619,1.0227445045032442,6.5282913375454795e-43,6.4100554829868865e-21,-0.26160196989544693,0.7124530668659568,0.693822151677868,0.3922228354585885,0.26055103596081075,0.37237574192994105,-0.694181587826864,0.5209168640019151,0.520920896312705,-0.017947637080740972,0.78874162703807,0.789254912966723
2021-11-11,252,0.5559555897145478,0.5469302968225671,0.0037877162012132093,0.21917217301792094,0.17324634832727093,1.0226070962552682,6.946923265327893e-43,6.889180247048463e-21,-0.27866492755399663,0.6944412744421387,0.6755785599424468,0.40375753774897627,0.24484488247766448,0.3550964034604587,-0.6657775627995484,0.5368977094614822,0.5358566283811917,-0.019901132362435653,0.7655349361290891,0.7669276843120177
2021-11-12,252,0.5580467452519413,0.5490639555212897,0.004007074162601485,0.19307876200826413,0.14925536990193558,1.026562444724883,3.5518900432444636e-43,5.724421999521068e-21,-0.33921605875485766,0.6329019653716708,0.6127557109953012,0.41788202111834877,0.22807944931159294,0.33919680696314014,-0.6941313515263208,0.5189030342940602,0.5182067324493205,-0.021090917393107797,0.7512963146511371,0.7524918225160828
2021-11-15,252,0.558451556938972,0.5494769950881381,0.0038873976496376066,0.20630641036371655,0.16174224893886058,1.0273755356100316,3.1971138812166504e-43,5.050565252026262e-21,-0.36496650605072434,0.6082130202643896,0.5897867313400842,0.41111225622964903,0.23573346496040667,0.3467389932262894,-0.7142356014463487,0.506103421656102,0.5046697551305319,-0.021825840916426906,0.7429370588586435,0.7444837644347111
2021-11-16,252,0.5630865664155764,0.5542062120744295,0.003961377039780467,0.1962261666361627,0.15238390859095483,1.0298202299505346,1.1215923746601025e-43,2.459802050989297e-21,-0.27447652426728253,0.7005167099119955,0.6875670185190208,0.40665447093086793,0.23950193322562172,0.3523568671057238,-0.7763485444788696,0.4665930628244108,0.4640458555527158,-0.014683322015258918,0.8255556936377751,0.8274445352410855
2021-11-17,252,0.5629332851632044,0.5540498153494484,0.004071378046634599,0.18441001799170523,0.14090238977754238,1.031343350836147,1.143344758681879e-43,2.895982243132687e-21,-0.29791000129541645,0.6772988274126943,0.6639115271931061,0.40568339572053663,0.23996230355131137,0.350920137901254,-0.798578749448852,0.45442840604992163,0.4520997966067256,-0.015821803956311373,0.8124139191364629,0.8138528740169224
2021-11-18,252,0.5651203304762347,0.5562813128029874,0.004128558815535884,0.179535072768245,0.1386694926793554,1.0329634793698816,5.420418929594892e-44,1.3580561621758304e-21,-0.34456702582067933,0.633097887054276,0.6217888301230514,0.40542433200312245,0.2396643706505296,0.3502467508410553,-0.8039816276879369,0.45098051333978073,0.44748963570645817,-0.01890523044461548,0.777144313724827,0.7798301843644624
2021-11-19,252,0.5643540612577145,0.5554994690068551,0.004378461229908396,0.15585295024759235,0.11826462483393228,1.0347197051856705,5.532306763296283e-44,1.3556985330112984e-21,-0.3383391280443579,0.6399985182415826,0.6285682607206301,0.4041942106562183,0.24273179549886253,0.3538774385445056,-0.6946170889791885,0.5137551179938407,0.5100149541410592,-0.018925558272868778,0.7773986866964089,0.779437599324486
2021-11-22,252,0.5643019243457112,0.5554462724015183,0.004229403678374799,0.1707159074105819,0.13001396884343125,1.033147393243604,7.437527409452952e-44,2.0501414537041988e-21,-0.3090520514944263,0.6701292735733575,0.6598491003293852,0.40225415981127166,0.24070991355436383,0.35440566454406397,-0.7089042241799504,0.505054754492511,0.5016511332653277,-0.017466912088175843,0.794179052074472,0.7953192081365185
2021-11-23,252,0.5860620425799061,0.5776486694616116,0.0036197554718478357,0.22404063256394824,0.18692468718361588,1.0447890727204956,1.268854273097492e-46,7.265908306170104e-22,-0.3687167906295412,0.5983447277621652,0.6011181882740944,0.5584245616716893,0.09302512024811119,0.17662177507967902,-0.6327372221757663,0.5371255340763379,0.5499788498325996,-0.014241735212339984,0.8253984270740542,0.8319487492807349
2021-11-24,252,0.587644217132973,0.5792630020340497,0.0036797969513278532,0.21498935183672938,0.1764038643336081,1.0453737307438609,8.732203224803971e-47,5.99382824749914e-22,-0.26433925352511056,0.7090263404502964,0.712854969983054,0.5106099656121552,0.12842942162055782,0.22580908637525954,-0.7143803578878216,0.4856442159586327,0.4981049663332465,-0.006729553684456616,0.9174489014599931,0.920339729821531
2021-11-26,252,0.5887709860790522,0.580412672787976,0.003880323662755102,0.19140606621106748,0.15032791752796096,1.0435012695295036,9.703433419752526e-47,8.138202017683513e-22,-0.3278805047826907,0.6422607417833971,0.6507226636230081,0.509184000406931,0.12772653483152593,0.23203278561944085,-0.7307264003522227,0.46590428132900574,0.47790817779282657,-0.014918151275961328,0.8111656477714386,0.8119668421646069
2021-11-29,252,0.5874344224273793,0.5790489432084236,0.0039653577578553515,0.18251515555157705,0.14434848282910587,1.0445683320842436,2.8559174394998518e-46,4.367388058509016e-21,-0.34323845865805214,0.6263637262801678,0.6363732681828397,0.5102181211171577,0.13043963997061078,0.24130414607169282,-0.7080984737559508,0.4814862824742042,0.49755747002805695,-0.01820380596782742,0.7688652123613278,0.7719603879674001
2021-11-30,252,0.5772071829313457,0.5686138329909258,0.004157449984543109,0.16185007801877818,0.12522996447405918,1.0387032527838072,6.026228843279324e-45,6.865855129920126e-20,-0.3999969140209568,0.5697104044878138,0.5788067870102316,0.48508211821948916,0.14998349377034173,0.26712106231938093,-0.8554078253444334,0.39139387535197634,0.40928002263092067,-0.018308687876380694,0.7682972738535403,0.76904703300732
2021-12-01,252,0.5761348167594444,0.5675196707586201,0.004102694149238952,0.16683749726458938,0.12687406322243644,1.0363214166522985,1.0691879445746198e-44,8.536345072096089e-20,-0.34651472397782324,0.6258504781133427,0.6341861327952591,0.4897170048989953,0.14751216310697934,0.2655914087410992,-0.8756814715005813,0.3808772372481024,0.3985114564844666,-0.01589644236905921,0.7997287402837385,0.8016754822352332
2021-12-02,252,0.5764137373254632,0.5678042604418344,0.004150863197226849,0.16204270580165855,0.12465930858181762,1.036469194710414,8.70032232757585e-45,6.847364641753846e-20,-0.33858898357215,0.6326236402401785,0.6388865863672311,0.4904862329425985,0.14553835027777123,0.2611183825894542,-0.8814885063751001,0.37779124742119485,0.395247763991457,-0.015275742006778559,0.80744073210879,0.809853747452127
2021-12-03,252,0.5777562645951901,0.56917407485119,0.004008893769340225,0.1771220789262494,0.13602163736175205,1.0378719099294285,6.712135942676161e-45,5.2142304416451666e-20,-0.3215450135108769,0.650015509324896,0.6552014897396916,0.476316385822822,0.15636115957812577,0.2723827640988552,-0.87493458419122,0.3833606365713945,0.40151016351456403,-0.015027281680900381,0.8106523188910267,0.8128822423409239
2021-12-06,252,0.5696715411743718,0.5609250277836071,0.0044852713393811194,0.13340625464450315,0.09777053822268494,1.0218513225978638,8.787437263253348e-44,1.845512787442013e-19,-0.20484123034413104,0.7748331197085384,0.7762290748560761,0.4638729931194299,0.17017588178228887,0.289489439675489,-0.808445582551947,0.423284999420387,0.4376072268582597,-0.015193967012515186,0.810112912139933,0.8104183003216098
2021-12-07,252,0.5692250171706624,0.5604694280887653,0.004425270030773127,0.13893390391993057,0.10440260611412541,1.02257671535966,8.64337177913726e-44,1.7099380953980502e-19,-0.21866254406161123,0.7598197656932,0.7600783691686331,0.45911825571678166,0.17743516631189873,0.30348627306379816,-0.8284064190855784,0.4124001968631539,0.4294310512912587,-0.014296180561144178,0.8210429340760653,0.8210642496751924
2021-12-08,252,0.5674399721365098,0.5586481016514795,0.004652146026519381,0.1189890966352548,0.08915858069725013,1.0197241259304453,1.5018905397443437e-43,2.766130749459693e-19,-0.25108157051513336,0.7243470566001212,0.7240646654251403,0.458706886022545,0.17779926703365548,0.3033616936055159,-0.8643825359162872,0.38958694436236396,0.4025245214441917,-0.018387325431353643,0.7696977516063975,0.769041958746792
2021-12-09,252,0.570053329235986,0.5613145757651727,0.00446877480233069,0.13419245453289674,0.1008555536704862,1.0203669351928983,1.0520927162258003e-43,1.9250197958843533e-19,-0.2277796721949632,0.7491948257689416,0.7490348443552659,0.4846265682434597,0.1580419415195195,0.2806512776203416,-0.8504532898628703,0.39720503751473224,0.41023984674003944,-0.017971426020825423,0.7746937465289748,0.774363384996976
2021-12-10,252,0.568920788489595,0.5601590158979202,0.004288730996611203,0.1515374093763891,0.11567709704928525,1.0226514167728769,1.0178400869732223e-43,1.3322139338191183e-19,-0.20237474892321972,0.7768327315779537,0.7760773873714666,0.4767414477939165,0.16622608244006573,0.288873812617368,-0.8391050365148558,0.40611155546364097,0.41855760605647396,-0.012035417595844033,0.847770911230898,0.8465591520102588
2021-12-13,252,0.568846093288323,0.5600828025015003,0.004239530725952656,0.15603945219194698,0.11933363636771963,1.0222645886171389,1.1147923231565226e-43,1.3431412985191218e-19,-0.17896304521772854,0.8019052388057887,0.8009220388896737,0.47513919626330625,0.16784951806851378,0.29074679738492126,-0.8447636197309651,0.40319214250635105,0.41570638761757683,-0.011003418814411192,0.8607379359256891,0.85981390913203
2021-12-14,252,0.5674726895403488,0.5586814840432015,0.004204901369430577,0.1594887811912568,0.12291499538078611,1.0220089280869273,1.7268457609251345e-43,2.351073380862137e-19,-0.17472952745013176,0.8064753171676973,0.8053731146934313,0.4780919688833355,0.1657992042729886,0.28763759108986253,-0.8418115718170386,0.406708239397356,0.42005994761993404,-0.010990482404494004,0.8609101743370708,0.8600849429312336
2021-12-15,252,0.5687508162779777,0.5599855889665546,0.004298288314091845,0.1505972947336801,0.11486620270723788,1.0224613356242542,1.6106292862635326e-43,2.2706232208275225e-19,-0.12852178261103092,0.857049289623065,0.8560870225242234,0.48087080175636976,0.16425046305152324,0.28648587313186624,-0.8410949621986906,0.4071912262275408,0.42014415051922194,-0.009154737692618292,0.8840620488042816,0.8835112002241203
2021-12-16,252,0.5676572033757591,0.5588697481598193,0.004351778268927029,0.1444109159197514,0.10446619071300586,1.0263137144931722,2.171766757591918e-43,4.38417671779366e-19,-0.1259927343502819,0.8592188068140247,0.8581764017722631,0.48119721347088557,0.1622128443384579,0.28116250222816386,-0.8263246920614113,0.41406207067131096,0.4279787629208013,-0.0088689736631576,0.8874675300951408,0.8873128245336973
2021-12-17,252,0.5729877417826492,0.5643086308432722,0.0047056724373397635,0.11223440739036974,0.07379786191303557,1.033869704425532,5.32024170809871e-44,3.8985709233351805e-19,-0.11831233622563997,0.8663684336077576,0.8651889637052527,0.523863071582195,0.1257854020422118,0.23780538678161545,-0.9540434685970935,0.34227073342405867,0.346883673328649,-0.006998224231252154,0.910348005266454,0.9107981628868856
2021-12-20,252,0.5729456612520167,0.5642656950173017,0.0046789376684032635,0.11383371665921634,0.07478236646328755,1.0336956613249328,5.329908998394818e-44,3.83057957985775e-19,-0.10958790975755955,0.8755568281991897,0.8737519898970608,0.5252150884324073,0.12443058457273441,0.23671026695446928,-0.9498478838143405,0.34392640386792717,0.34864396494867345,-0.006477200630063462,0.9169591840339497,0.9172341374586018
2021-12-21,252,0.5732004738188541,0.5645256867013511,0.0047902073969563076,0.10471916755887557,0.06720748997644725,1.0325738113337013,4.096059057218583e-44,4.091914889417209e-19,-0.07194430679653396,0.917400947837145,0.9154832636180699,0.5183151818056901,0.12839407739357636,0.2415651522641229,-0.9687865108273069,0.3330615575974153,0.338840818516966,0.001810679706962734,0.976807647801791,0.9769370096243299
2021-12-22,252,0.572732802933885,0.5640485103105899,0.004714423767821823,0.1101677686971597,0.07147828657705814,1.033158810576445,4.558393299969046e-44,4.296604710882129e-19,-0.06724765210551564,0.9229804574366408,0.9213023692463005,0.5165551093972827,0.12979253954562986,0.24338040636842995,-0.9529449219924194,0.3434092730575561,0.35093416280893597,0.003056025567217055,0.9609406367949057,0.9610147437858425
2021-12-23,252,0.5736672807724432,0.5650019816011514,0.005003999137153134,0.08925963150453958,0.05457644372739825,1.0280653317936577,4.73222033153462e-44,5.267300187252134e-19,-0.13567414491640684,0.8448197914695734,0.841183482869029,0.5104538119483966,0.13236062448937355,0.24818987854976216,-1.0473299387177408,0.29643546411776694,0.3028832066822973,-0.0033978952224473224,0.9564522064788799,0.9564350416536244
2021-12-27,252,0.5734031749643951,0.5647325077888747,0.004897218571840697,0.09706442915280813,0.06058129436005614,1.0282368048624642,4.467796926482197e-44,4.823438070347575e-19,-0.16267025054702122,0.8118225979698888,0.8053028787917575,0.5091786959123012,0.1333235841319436,0.2489828571277879,-1.053694388436186,0.2932502736922313,0.3001136170370532,-0.0046577652790091295,0.9398764857288427,0.9396222500988923
2021-12-28,252,0.5657134020282149,0.5568864386548046,0.004826136874599817,0.10068856648739859,0.06361991791559181,1.0195966320328753,4.345235470945952e-43,1.9669901629094465e-18,-0.2321139800415582,0.7352565642614053,0.7302637888641772,0.5056089480554681,0.13544331587068498,0.25260354093413995,-1.0812554821286757,0.28027079977811936,0.2870596762226828,-0.011388043211218599,0.85444547860851,0.8554987709159885
2021-12-29,252,0.5663634313247187,0.5575496799288797,0.004761947031094379,0.10512503593437535,0.0694811817587432,1.0217478241973872,2.9954725660115553e-43,1.5016239492611624e-18,-0.2116269674337835,0.7577687417602561,0.7524299471454502,0.5135743732074567,0.1291504913893653,0.2416527441580758,-1.0635949315782767,0.28842621216146913,0.29099924273283506,-0.008527240276987869,0.8907549431036421,0.8915354361357659
2021-12-30,252,0.5676368472709084,0.558848978313,0.004943849801355915,0.09216231678952716,0.06250010334364074,1.0249136767104075,1.9544054852925367e-43,2.813273657135163e-18,-0.22775660216665222,0.73952433742492,0.7354623537382629,0.5164701821041225,0.12622084029259747,0.23905649360959313,-1.1266525541886734,0.2613500809174444,0.2591797799237259,-0.009152946150113889,0.8826079781093055,0.8836581392645062
2021-12-31,252,0.5680078159888065,0.5592274870454895,0.004984877312334705,0.08842899548720959,0.060191269649567856,1.0252852529689158,1.6502276867312777e-43,3.056161594420421e-18,-0.18966573406219928,0.7821755309042695,0.7767861996757395,0.5240286935720659,0.12081326796041802,0.23817173337904007,-1.0745525657497244,0.2847271891203047,0.28904777890943467,-0.006389446410171057,0.9179388077493081,0.9196428572901401
2022-01-03,252,0.5722310672220808,0.5635365767184646,0.004036332106424449,0.14448015542411236,0.1112943306943121,0.9657536932884694,2.5452235653958763e-42,7.016129295015223e-20,-0.0012919980861865188,0.9984083430913842,0.9983787530936574,0.13900606102797988,0.6689490043042583,0.6469362650018349,-1.3437947055015516,0.15639079378461868,0.17607530067000965,-0.021210903101724896,0.717589900692966,0.7323747451669498
2022-01-04,252,0.571162071410775,0.5624458533500185,0.0041695575822193656,0.13191128358364568,0.09906943163794181,0.9669690378699834,2.7372944201247293e-42,9.592963184779836e-20,-0.0008123610833026262,0.9989992302566194,0.9989805373593099,0.1460747251099896,0.6525428776843538,0.6283658595985844,-1.362481334581116,0.1519517742520965,0.17317186468487622,-0.02113541465869133,0.7185487005758266,0.7332656907086637
2022-01-05,252,0.5699225194566777,0.5611811072505126,0.004001253267540691,0.146894564539577,0.10966088918887748,0.9659753818504999,4.5226347631795954e-42,2.0543934860519865e-19,0.02354897504072062,0.9707952547270734,0.9702461428108553,0.1622373200394649,0.6213195963517482,0.5997110849979814,-1.325802513564754,0.16317505125620463,0.18573888517624615,-0.02087457143688958,0.721872810129832,0.7370281450613401
2022-01-06,252,0.57255345946355,0.5638655216477685,0.003993300164223646,0.14602481351597948,0.11017993426572646,0.9725269024150871,1.84836185053405e-42,2.03150744848098e-19,0.10533072676593047,0.8700025880911644,0.8684078444004029,0.22168694102894854,0.4949031907452286,0.475390532409554,-1.1535782282873868,0.22553124896324472,0.252879987015992,-0.01699049800932364,0.7715021620520812,0.7852172711720006
2022-01-07,252,0.5738332909513326,0.5651713659706687,0.003838101828738191,0.16137742029851979,0.12528343929814095,0.9762187206351964,1.0011462425372551e-42,9.592728777181924e-20,0.20568303066918575,0.7473502582549286,0.7452623129162264,0.16317013888525242,0.630250338053945,0.6150590535865972,-1.0834365169581708,0.25286921808621415,0.28428945425653585,-0.008986535052310424,0.8769813773494053,0.8843968919141304
2022-01-10,252,0.5672597559186653,0.558464222502378,0.0036252851812041105,0.1862546151911629,0.15145450422026346,0.9794744534753778,3.429397878954352e-42,3.672769801989035e-19,0.1840364708533292,0.7736829555302498,0.7713350383401184,0.1363388055308168,0.6891035123218759,0.6782751989177521,-1.1851114965488272,0.2138399543457591,0.2453993163919872,-0.011612536427508383,0.8418326941612853,0.8508915509720221
2022-01-11,252,0.5669447425864427,0.5581428064601509,0.003722337545660772,0.17573053318325402,0.1403336107036233,0.9789404102387311,5.889388377146079e-42,6.50037232306168e-19,0.18992639235002895,0.7667367624025289,0.7646271848186016,0.13692642897084686,0.6888574160287517,0.6792229792785068,-1.2227341733256614,0.20453106257766335,0.24043935145382223,-0.011502063490360814,0.8435368201717552,0.8529571426328699
2022-01-12,252,0.5652805632156124,0.5564448023053606,0.0037784720409646437,0.16863121444181242,0.13506248497583556,0.9818143682446524,1.2793167777186552e-41,1.810483259459669e-18,0.18224170260406752,0.7757843428142577,0.7731725144791116,0.14796185798661207,0.6663350047796555,0.6565510297752094,-1.1891033511421956,0.21547850691005546,0.2481661480926327,-0.012177729259578413,0.8344077819764257,0.8439095651679801
2022-01-13,252,0.564373229479965,0.5555190268271188,0.003634361450649045,0.18472661256181855,0.14654508940420977,0.9796159523916884,2.1990663798556735e-41,3.0615081159663157e-18,0.19879799987784114,0.7554355915041812,0.7525604431637866,0.15453058815813273,0.6518613002507511,0.6419095225651088,-1.1567371745193102,0.22617166072121772,0.25881909687367144,-0.01245244229220286,0.8306435160574741,0.8404240626858028
2022-01-14,252,0.5644548414697803,0.5556022975972149,0.003544009659014578,0.19543515135815057,0.15285186400988407,0.9827568464249457,1.783527928997102e-41,3.7963363952188626e-18,0.21177977574859996,0.7396745849449311,0.7390663117893639,0.16554800544509296,0.6287846227766967,0.6195559901683725,-1.1864835043517166,0.21380861757213154,0.2465517002594496,-0.011584214333662156,0.8418802712389383,0.8522777591933147
2022-01-18,252,0.5841279488448898,0.5756752648783225,0.002830878476091759,0.2838918826970618,0.24121574681263258,0.9929526299693245,5.412878953412481e-44,2.465810785195729e-18,0.10439858356329523,0.8651890948675041,0.8642923706102791,0.14975644667630061,0.6505882607746803,0.6498496798719111,-1.0537700546513624,0.25168525560676624,0.30643340714114375,-0.0172997479370919,0.7579294272756467,0.7781833395531941
2022-01-19,252,0.5843337595423869,0.5758852587200777,0.0027390381900852094,0.2985962808449441,0.25436195280969653,0.9933085488023838,5.55297521923535e-44,2.4523392793434337e-18,0.10722044303963812,0.8616967969754354,0.8621383033036625,0.13011395658472352,0.69401855596612,0.6955349478556826,-1.0638985778945862,0.24804459517160615,0.30306668564898276,-0.017006975596753814,0.7618486757965244,0.7824555471017143
2022-01-20,252,0.571289938463033,0.5625763193261029,0.0031051061664784533,0.2356240958927861,0.19911404877709926,0.9698350723792317,1.0869805628244679e-41,6.432713851623279e-17,0.09183520164651848,0.8801275427325602,0.8803004891949588,0.08602254527981235,0.7938282009805122,0.794666351901083,-1.2622062383961925,0.1704165962100206,0.21508427975815236,-0.021299466590199108,0.7021564023348518,0.7255840543626546
2022-01-21,252,0.57739331799549,0.5688037512880812,0.002669785080821644,0.3075391499811227,0.2685945248170565,0.9749624363003682,4.6450888913789704e-42,3.354650322699916e-17,0.218840197139884,0.7170699240577023,0.7199727730620982,0.1253593612953863,0.7029939130318366,0.7042580288625455,-1.1514591142487292,0.2096025108657317,0.25586895944664845,-0.014210767062507505,0.7980201690876996,0.8133410401900648
2022-01-24,252,0.5819192485782896,0.5734216723298808,0.0022885093435535677,0.3785761724835731,0.3478513364938084,0.9767018863331036,1.625738876395539e-42,1.4844851609696626e-17,0.005543691838641368,0.992653500156794,0.9923908361305075,0.08611905685538838,0.7915149414860548,0.7913529832582897,-1.3251222195681835,0.1451441982293951,0.18614169964281424,-0.0334006668908953,0.5463931702477681,0.5634678459035976
2022-01-25,252,0.5818795776179047,0.573381195049163,0.002215059453611678,0.39373557462081876,0.3627560186779756,0.976530097452722,1.4690889924974223e-42,1.432704035236021e-17,0.0197596940760722,0.9735797834216562,0.9726067460844583,0.08992802150580959,0.7824760550810528,0.7830213898677693,-1.3047609670453029,0.15237288833598925,0.195807188056355,-0.03238536542114796,0.5568527103316177,0.5745452662004803
2022-01-26,252,0.5787947560326455,0.5702336738381871,0.0022502133255919623,0.38587711357075305,0.35671908889966064,0.9766142156563674,1.489204843892661e-42,1.357847613624905e-17,-0.001113215628905373,0.9985391541510553,0.9985242297755763,0.08286120328737495,0.7991330865478004,0.8006575274867304,-1.2955177716635091,0.1555112741328711,0.20198433560871532,-0.036011959703676585,0.5371139029305888,0.5763156129193994
2022-01-27,252,0.5791996680595135,0.5706468157843003,0.0024052657226122003,0.3535362963354105,0.3275581192325554,0.9823820305665891,9.406914480808474e-43,1.5886400901707543e-17,-0.0592271733109998,0.9223641050434694,0.9218050711065091,0.07789415947459906,0.8101127729618594,0.8116152465952025,-1.3831052568023152,0.12823565467086862,0.17263430131820734,-0.04415614425068973,0.4516687081403289,0.4973515665627062
2022-01-28,252,0.5791467536735866,0.5705928259027245,0.002369345620118466,0.3626867588963727,0.33437557156052145,0.9795942672321982,2.216278841933143e-42,2.5615565539352485e-17,0.07513017871581995,0.9008687550024782,0.8995833064883866,0.06487153609610596,0.8416363252193313,0.8431433706497362,-1.3720592651825436,0.13144592187338278,0.17570191787105094,-0.035633952334221515,0.5416776441284434,0.5780359992880448
2022-01-31,252,0.5800814729708609,0.5715465435596996,0.0024090254334826816,0.3542525335579363,0.3252257800628353,0.9799011430717596,2.4776706676078715e-42,2.827207922776199e-17,0.07655458866492021,0.8994645847774092,0.9006764407386739,0.0495523453309316,0.8793700320218371,0.8831203088792062,-1.4611400100266017,0.1102100396018581,0.15656996962327172,-0.035479122968022636,0.5438992658027932,0.5840203850497692
2022-02-01,252,0.5775318556023996,0.5689451047000094,0.0023505989186940047,0.364986375650734,0.3348648672564438,0.977363271370846,3.151243197990774e-42,5.3210255791307585e-17,0.06545175696186284,0.9136994525253057,0.9140905787380526,0.08451750128504465,0.7966122051592288,0.8019317407124366,-1.4694681190349272,0.10757738341623736,0.15365804608326217,-0.034208570635823665,0.5569817259394614,0.5866866690649373
2022-02-02,252,0.575816797981517,0.5671951881843933,0.0021616254630437157,0.40533290915526177,0.37474487428251435,0.9746196844486068,3.162938217671113e-42,9.500996308497568e-17,0.12589561592458237,0.8349995241775843,0.8295391928510659,0.08628699114902919,0.7921775460201554,0.7982561232324544,-1.4415342393049353,0.1132301116556676,0.16042185351394422,-0.02772528183701599,0.6356310055638148,0.6481769937376918
2022-02-03,252,0.5754750346982734,0.5668464784929539,0.0021525705843674246,0.4043054414656778,0.3696005943333275,0.9721157182792246,4.438467476933444e-42,1.7044400994131492e-16,0.20300295413391511,0.7279996654939129,0.7017362209900111,0.06602593433577225,0.8411347630063247,0.8463083542270075,-1.3854144470711074,0.12026067764203154,0.15901956299846798,-0.02329177924955733,0.6856759818912328,0.6894706354459974
2022-02-04,252,0.5791135964378861,0.5705589947394691,0.0020022699686047377,0.4376099656449476,0.40891919401119736,0.9697484376560829,1.2719327014939547e-42,7.419305898378181e-17,0.21526315046513694,0.7120421041457252,0.6821113608398562,0.053440300772841676,0.8709865774712355,0.8768084691666113,-1.3406386342283478,0.13270680272749502,0.17121993428022964,-0.022159514805472985,0.6999307311095793,0.7010162345153279
2022-02-07,252,0.6156739696444739,0.607862464962451,0.0025161250334305284,0.3073363970047531,0.2824177229446504,1.0441176710000861,1.4905783015420504e-47,1.4169786222008884e-28,0.4580195948059214,0.4118322689017232,0.32282419631842363,0.22588332601989825,0.47548378651202616,0.4632304878484038,-1.1171576372068217,0.19076916066168098,0.23344120408207347,0.011731954369586371,0.8320302329873487,0.8079344107024433
2022-02-08,252,0.6153930838705179,0.6075758701280488,0.0024763759061783627,0.3158594497503504,0.29222850930586963,1.0441120609520644,1.570286103784414e-47,1.3064626363101743e-28,0.4466344930867497,0.423374519046261,0.3337867540016912,0.21812383754339165,0.4907296318430604,0.4776808269164454,-1.1519998010779362,0.17927706642056768,0.22337489838844926,0.01150784679777768,0.8352439745585907,0.8116313415367051
2022-02-09,252,0.6156736835252337,0.6078621730277791,0.002466505105713722,0.31823512094914436,0.29546248658680874,1.0448889295836201,1.6456201325343772e-47,1.2198053810525069e-28,0.4762742567829987,0.39066076528225124,0.2967703876424722,0.22041203329963105,0.48617179046721093,0.4725417179652087,-1.144556005450727,0.18219763057005461,0.22619587554619502,0.013163464561157953,0.8116177442440728,0.7845208214522297
2022-02-10,252,0.6180079804936355,0.6102439150565142,0.0025403517749812577,0.303099416131226,0.27652808052908884,1.0496887449714505,1.0577097810212076e-47,5.890316702095301e-29,0.4746594690529034,0.39109521674917525,0.30243458495732045,0.19654177930012628,0.534467504467946,0.5188996274661415,-1.1556458524014168,0.17729734924108465,0.22167373792666067,0.009922963352047807,0.8571673052883334,0.8373179682465837
2022-02-11,252,0.6201743467416192,0.6124543131388066,0.0023370380640883328,0.34235710581147294,0.31839498327470483,1.0509762600343928,6.995148924593488e-48,3.3217191770609663e-29,0.4965974185593712,0.36647890672079697,0.2784842821055419,0.19522811435940304,0.5353924542043176,0.5203275146845638,-1.1800887810625258,0.16569523049658513,0.20702143063129985,0.01272433295637538,0.8171642896515738,0.791583706752437
2022-02-14,252,0.6250886979279924,0.6174685495118947,0.0025992626505442155,0.2877526637751451,0.2580230823152324,1.0561866773983954,1.3375728316762813e-48,1.1612864025756115e-29,0.5621096908611638,0.3042654761996887,0.22007510833505894,0.13462051386443974,0.6648526233912444,0.6492865603093059,-1.246242904110665,0.13835157982857996,0.178011660216148,0.021803076449642612,0.6910426884609098,0.6516071887649706
2022-02-15,252,0.6270254003441974,0.6194446157983478,0.002748927295413533,0.26090017928998915,0.2292946278138328,1.0592868681461325,1.3835882301177864e-48,1.2277140600329396e-29,0.5813562681825064,0.2867017624926039,0.20509488710633217,0.11050456074607269,0.7215121324819409,0.7090867770411575,-1.2604028122266495,0.13300253045108237,0.16948166955545252,0.02284705342922002,0.6768713190351178,0.6364306433467002
2022-02-16,252,0.6289734461744918,0.6214322560560872,0.0024715321710270886,0.310286552034423,0.29025072683244557,1.0602620067966972,7.018949271158443e-49,8.368298472151761e-30,0.6129343533904105,0.2587391487318752,0.18549958954666435,0.12240619064043771,0.6920153119283485,0.6779353756049323,-1.1450944545290613,0.1720469140701254,0.2191885649463401,0.024121333164580996,0.6577748763861551,0.6160717961918446
2022-02-17,252,0.63753302200333,0.6301658070033976,0.002898058140570513,0.23092146919873344,0.19751144940130005,1.0725656451253773,8.274864511555752e-50,2.9866114180310538e-30,0.5108523097041145,0.34071352882127504,0.2615627388274657,0.12732254360847414,0.6756851267744748,0.6581723189165491,-1.2315988578871435,0.13925439329245226,0.18034935241492023,0.017616802086326634,0.7442640104692895,0.7153162762397793
2022-02-18,252,0.6393496616053994,0.6320193701746148,0.003128555310484801,0.1928585470131423,0.15975788969322524,1.070856504299458,3.976462415749766e-50,5.793764448807857e-30,0.4876291448102663,0.35731717333124924,0.27821379269142055,0.17818788494829707,0.5572314705827586,0.5378757821044318,-1.3111681001268218,0.11345342458484498,0.15068534148619475,0.018623508157807812,0.7269727799453926,0.6990387758704029
2022-02-22,252,0.634471627647633,0.6270421891851865,0.0031565220910406105,0.1882948836742932,0.15465258529379347,1.0675155773824625,3.2175174180314008e-49,1.8138648378808896e-28,0.4992452160450179,0.3435308196088249,0.2673364918191795,0.17539310425834098,0.5633227466369585,0.5434591266136776,-1.3027236222253018,0.11561794156038917,0.15421734806180865,0.01880325779482287,0.723642557822864,0.6960907733708288
2022-02-23,252,0.6340570743309768,0.6266192099881105,0.003196956913690388,0.1822188518263928,0.14887406016303098,1.0675338979302893,3.3065644491744875e-49,2.043295248949557e-28,0.4557800391316711,0.381155848714009,0.30366801090630413,0.17985738930058667,0.5537275680387573,0.533356565536324,-1.3056846638696429,0.11485949205832136,0.15341593239295656,0.01605922526869808,0.7611339558810405,0.7374474202615728
2022-02-24,252,0.6310685484748263,0.6235699417365097,0.003345661039378205,0.16333371360926863,0.13351106310808744,1.064576603843983,3.8415900750050965e-49,3.6254497060186416e-28,0.3968194023173777,0.4357249160565535,0.3566460716382175,0.11599575808751879,0.7000312681878382,0.6792298887837724,-1.5168190939661923,0.058686852447027225,0.07904237165396842,0.017773272381628347,0.7354097732802238,0.7107042488377606
2022-02-25,252,0.6319808959152751,0.6245008328241222,0.003376824232344566,0.15972415424585992,0.12795250361036548,1.0641148356082006,4.274046664570019e-49,3.187537156371548e-28,0.45515418470853636,0.3677573010718329,0.2847691135541537,0.09715142185313139,0.7445582244043731,0.7297574163356303,-1.602686794013108,0.04432755596940396,0.06148673497213374,0.022575744540154076,0.668158562091112,0.6385619725346341
2022-02-28,252,0.6279985995228436,0.6204375954481047,0.0032170005593207696,0.18190539092537078,0.1450586651524325,1.0515361793631381,6.792440301131107e-49,5.287345723890079e-28,0.42228599376416776,0.4064380330636689,0.3254212206057727,0.06579483123310201,0.8254660531377926,0.8191330357019218,-1.647441919651881,0.03960148489554105,0.05712371745453726,0.015229534611642379,0.7720567313180324,0.7520283083478172
2022-03-01,252,0.6278104101583861,0.6202455810965648,0.003348534037436416,0.1651786161329953,0.1327438279862757,1.0510255160024058,3.3489096519741277e-49,4.944926868177575e-28,0.3907117242728325,0.4424562367216792,0.37025325550711097,0.0721082582560312,0.8040880802320228,0.7938989059437928,-1.6747949982869812,0.03368629579107881,0.04516381566674517,0.01317466551887786,0.8021885690499434,0.7855186333357931
2022-03-02,252,0.62691443496938,0.6193313950297333,0.003265790412805308,0.1764932472566396,0.14250229329137412,1.0498539165583656,5.476373524814121e-49,1.0475974207920097e-27,0.391871890112253,0.4378317320727191,0.3631610526926917,0.08322120242964022,0.7744949389130784,0.7645342157896504,-1.66796845997855,0.034428512891278046,0.046372976003589826,0.012665496819333738,0.8090839446310287,0.7927326156027281
2022-03-03,252,0.628712815382314,0.6211663278900847,0.003122513966815702,0.19558691017603433,0.157741240600754,1.051470882021298,3.342581675652892e-49,6.375410455724416e-28,0.4299036543796879,0.39459537237928766,0.30644685684808926,0.0929166432615545,0.7482231407513681,0.7342468616887963,-1.7319333679792197,0.0279942992473834,0.03775189580466212,0.015478681389448683,0.7672166986988236,0.746427536952754
2022-03-04,252,0.6312842122758139,0.6237899889480866,0.003203905397639452,0.18437022805969241,0.1469264702892442,1.0485578501014263,3.1286371462448097e-49,3.568853459541564e-28,0.4506467193927745,0.3744591431049664,0.28093818884320054,0.1183357464858143,0.6789075122825221,0.6534172133237475,-1.622925143636578,0.03694261879414754,0.045033361710106544,0.015171737132914871,0.771694577482182,0.7510305921902883
2022-03-07,252,0.6347706408069927,0.6273472798477853,0.0026588806234587375,0.26064317516420515,0.2306071870457671,1.0297599992671373,4.5949542198295735e-49,7.965195178609639e-27,0.5283882955726247,0.27736622816605394,0.17634921263552217,0.1815491996102034,0.5152881978640547,0.46388368557326654,-1.6901751733128645,0.026137160803205092,0.03378235618283743,0.017968883498830586,0.7233077416147057,0.7043229513319784
2022-03-08,252,0.6380106025612093,0.6306530944831852,0.0028162957014928195,0.23092022867406403,0.19919992956645016,1.0348937228088353,1.365375888826083e-49,3.6868343067815706e-27,0.5964706168295204,0.21732723228145967,0.11900869803115735,0.2540750643052595,0.3631467561980002,0.30342158530513164,-1.6806931979703554,0.026336210194060544,0.03465209048642154,0.02293206750524817,0.6489072461425356,0.6261320395488118
2022-03-09,252,0.6410303216183959,0.633734189943973,0.0028252253168959073,0.22718638555754816,0.1930133087479562,1.0332361334760698,9.277343827163017e-50,5.645792869954401e-27,0.5020053421482389,0.2931164256767799,0.20478544459928394,0.342533999617753,0.20769964831669613,0.17327183940681923,-1.4924306218669283,0.04258584520452785,0.056088064281125255,0.012346295472873317,0.8044763167671719,0.793973377600898
2022-03-10,252,0.6422441464639854,0.6349726860262616,0.0030455163169646826,0.19285823555915585,0.1593723969152464,1.0314982735041198,7.224606832720823e-50,4.523439069037373e-27,0.499545334299857,0.29419246408321287,0.21743178872026325,0.34887386226023087,0.19889509354737658,0.1663149576336913,-1.483951329509389,0.04320396594345619,0.05852821804539352,0.010214988916706934,0.8363990809634224,0.8309369189526862
2022-03-11,252,0.6422693090220202,0.6349983600184027,0.003186347793547928,0.17273079351600687,0.14074877687549298,1.0311031019654484,7.351835224689952e-50,5.712314536695429e-27,0.46560863037622124,0.32403764019831205,0.24850137277412188,0.34116526362610167,0.2079968757259455,0.17069533965056904,-1.454548239471144,0.04725751910247036,0.06434570913006002,0.00629438077901992,0.8982638159632919,0.8953773840930176
2022-03-14,252,0.6433102518385432,0.6360604602092452,0.0030470891990372496,0.19059340641774897,0.15972541161356923,1.0326159614046655,4.894969866825514e-50,3.7344995106515775e-27,0.44947552894653287,0.3392185770238896,0.25991120584586447,0.33547379914258907,0.21299834149441693,0.17435953247071567,-1.477220541129584,0.04347474505382638,0.05929113352011906,0.005753090928653441,0.9067425832204619,0.9041586487305753
2022-03-15,252,0.6432552181780764,0.6360043079784439,0.0031304973006737714,0.17923594485278807,0.14764865015541273,1.0319383445826278,4.578408167309464e-50,3.5232597731498926e-27,0.4730131354550703,0.3077751196377082,0.22050986992781607,0.32771070362867266,0.22225895989605096,0.18293329053808094,-1.4721683668462286,0.04416532432187136,0.06076356420770185,0.0071775724637108546,0.883194569783041,0.8790515746057576
2022-03-16,252,0.6459760994092831,0.6387804916736994,0.0032850503363767124,0.15817076298410204,0.12783931281457814,1.0340669195258312,2.7090230685107644e-50,3.1683369191523792e-27,0.4420906565324509,0.33780871029146753,0.25304662287700885,0.32037093116827986,0.23064800978007666,0.1901005630527679,-1.5344777207842604,0.035598099853191546,0.049089657113812066,0.005222511574866064,0.914617310215573,0.9119200866728489
2022-03-17,252,0.6458439035281094,0.6386456088843717,0.003267944689087583,0.160629219595972,0.1299849301645938,1.0339540006190382,2.728139803347206e-50,2.698516151989108e-27,0.4445773190550362,0.3323388574197197,0.2411619271189832,0.3196101368194732,0.22822037130809172,0.18312920084956075,-1.5401055328366704,0.0352466695079633,0.049353168073628294,0.005179491910566408,0.9150594283861744,0.9121841083840854
2022-03-18,252,0.6460028156333348,0.6388077509104352,0.00331202848050143,0.15560611181686004,0.12552818510954306,1.0340542626559204,3.005614384133907e-50,2.6920906934939548e-27,0.4635952611001035,0.3119688559978515,0.22184893545723905,0.3139898659821235,0.23685249887009127,0.19158429397899512,-1.5189209256092338,0.03768727568255778,0.05280074041930145,0.005962974907393941,0.9024195687067014,0.8991195944349405
2022-03-21,252,0.644092493863274,0.6368586014621211,0.003364278968713052,0.14940033511868658,0.11959664264714673,1.0322244067654402,1.1123590888720675e-49,1.5565689500737316e-26,0.4591712041320644,0.3167758188283138,0.22567078662857365,0.31114480591894855,0.24148206247204135,0.19434268529503052,-1.5238358383054404,0.03703305529188783,0.05157768033268863,0.004743638815521908,0.9225681462896189,0.9200322915810044
2022-03-22,252,0.6440762567344742,0.6368420343103782,0.003322614139232462,0.15476267833795115,0.12445366971624724,1.0316892324100175,1.250599131683287e-49,1.612714625644667e-26,0.4436704219752228,0.33142947700456515,0.23865910882558072,0.3116917478673627,0.24098831944179863,0.1933267994416108,-1.5286500411976265,0.037015942380171925,0.05196709109697612,0.0034980425085463784,0.9427424489568993,0.9407684098275518
2022-03-23,252,0.6431699574448262,0.6359173143034609,0.0034114223428927913,0.14356426245849224,0.11547564596686828,1.0314979639062805,1.1636853913633654e-49,2.0174941521421815e-26,0.43116286300559403,0.34187099784769215,0.24717921345033722,0.31669090779314,0.23335176907296873,0.18655164537506208,-1.5212800318635515,0.03795898886377648,0.053229269156807354,0.00270883990220315,0.9554934493336101,0.9539854200717047
2022-03-24,252,0.6438881396569855,0.6366500937150543,0.003295870114156908,0.15767506004450568,0.12739244073299533,1.0326012128277546,9.687491394163352e-50,1.8699513884569476e-26,0.41726564537413663,0.35467834125365316,0.25837510319220924,0.3108546974808071,0.2383468157969383,0.1865765276440442,-1.5721242376143387,0.03149505855237288,0.0448682879401818,0.0035249317572053768,0.9420652824093814,0.9401727502122481
2022-03-25,252,0.6423884442020793,0.6351199166452111,0.003281468154659485,0.15900187656031706,0.12928029781473102,1.0342192106861883,1.1462825242577731e-49,2.4388246224653385e-26,0.440998094731369,0.33234071588916736,0.2391327559682478,0.3199899060016891,0.22552765610442976,0.17571688470433744,-1.5620839583133805,0.032676620907024306,0.04646542932097071,0.005758442559531077,0.9059679766914376,0.9034663001831362
2022-03-28,252,0.6430860134563423,0.6358316641363493,0.0032362174547348093,0.16450717079057162,0.1350169367785261,1.0327352076322942,1.302436382892796e-49,2.6348258189604663e-26,0.4238476025808249,0.3522364137451791,0.25478714332955554,0.3269174331553337,0.21592374198682798,0.16856690241138594,-1.5609557405178833,0.03246710010786913,0.04602351035990263,0.002441988793365643,0.9602612501799247,0.9591828359386317
2022-03-29,252,0.6431499433106191,0.6358968933779081,0.0032064525638753083,0.16864791894350195,0.13626974474726747,1.0327251916720686,1.274506695049476e-49,3.103039934472428e-26,0.4278103541181731,0.35074892125228396,0.26000737142285957,0.33223454672435254,0.20852784289696255,0.16276271789982166,-1.5553089064034205,0.03145352161863375,0.042154244302871395,0.002912795787384806,0.9529374980674798,0.9518881979907677
2022-03-30,252,0.6433541679919099,0.6361052689673552,0.0030752163342672445,0.18544316816570594,0.15090095617191374,1.0324492782793222,1.1539206804996659e-49,2.5457293098719237e-26,0.42041427488990146,0.3577938900584673,0.26468963384996125,0.3055980329160982,0.2503685633203441,0.2013481057562344,-1.5443735847790039,0.031195463188831603,0.04137032265364987,0.0021556373034940027,0.9651197866105334,0.9642784478510873
2022-03-31,252,0.6434857326448633,0.6362395076986207,0.0030774023467662268,0.18499864642651334,0.14958694811211046,1.0326557820973863,1.1458390053989282e-49,2.8003144882574075e-26,0.4050125673436353,0.3736376825857587,0.28227845344928404,0.30604006485197877,0.24955828862799379,0.19918917316382834,-1.5215138750833,0.033468248422895974,0.043266262453757684,0.0017654620812381505,0.9713927694766298,0.9708637451916445
2022-04-01,252,0.6442079819701813,0.6369764368882744,0.003102875956028575,0.1799712939886628,0.15117379708434037,1.0344993209550444,6.813108968516341e-50,1.936783399194153e-26,0.26731170992787057,0.563095104828429,0.4653009416581164,0.26759716088004015,0.3107760941503604,0.2547351709055822,-1.4781538326515942,0.03838647330283309,0.04883870185495083,-0.01303083549514713,0.7938394238000128,0.7829703208594133
2022-04-04,252,0.6443479800231549,0.6371192804301296,0.003088780725919309,0.18238902456617498,0.15543961145054835,1.0348774657802469,6.566250677299233e-50,2.0365821931887804e-26,0.27654781771678993,0.5489706755726502,0.4468463717776676,0.2697424092042649,0.30622216193620644,0.24774963932708383,-1.447312795690461,0.04189836195424009,0.05257672062009042,-0.012810834199102804,0.7972124356295938,0.7864054659791584
2022-04-05,252,0.644021566416914,0.6367862324009976,0.0032451498145301943,0.16066790438757583,0.13464815146911582,1.0314930489826637,1.0625068002764973e-49,5.351215609846508e-26,0.25818791398633,0.5753389201770029,0.47703076673927414,0.26455557770965227,0.3146863801110312,0.2557019921566426,-1.4395414757838003,0.042308756806943425,0.05272055394300029,-0.016090164804282256,0.7468361197178025,0.7321296876275312
2022-04-06,252,0.6447391684619048,0.637518419853407,0.0031602123417809663,0.17183962166136893,0.14436312803727355,1.032656179292642,9.038668799763502e-50,3.649631215809461e-26,0.27072909170430365,0.556263791953495,0.45692791510335673,0.26781523010238256,0.3092979673671466,0.2509729917926693,-1.4297869746647478,0.04408329229142879,0.05558292497856859,-0.015229901013434174,0.7598719306519028,0.7466369123675822
2022-04-07,252,0.6448413909074582,0.6376227199909431,0.0032147466779657158,0.16466784253144015,0.13799909970148924,1.0325881177866716,9.163649225763516e-50,4.14908357210756e-26,0.2813719963558855,0.5414043668254955,0.44021074822549167,0.26926297610774047,0.3058759854364781,0.24566761386360225,-1.4191902858919605,0.04545211033440325,0.05706319554182601,-0.014533919278521296,0.7707063057183288,0.7583218479627511
2022-04-08,252,0.6443713171368899,0.6371430918754446,0.003262803521894657,0.15867363130418,0.13242112750863652,1.031738095274129,1.0939692071323071e-49,5.068812294364906e-26,0.2734095521624569,0.5525681863823309,0.4536478795766463,0.27079524972683633,0.30387107723209866,0.24417358271686518,-1.4198407744404298,0.045460518425696476,0.057002795538585796,-0.015571683278229758,0.7545383157522983,0.7413932463912422
2022-04-11,252,0.6442688319123779,0.6370385236179141,0.003287553412724544,0.1555806455718975,0.12857323355730046,1.0310963274123615,1.6139727875148088e-49,7.42252993962746e-26,0.26950198930566205,0.5578440971368022,0.46204551326094057,0.2698726957586932,0.3062239632012434,0.24594744402310242,-1.4223981764799447,0.04518488881030659,0.05717826306081079,-0.01550935298413983,0.755539239157811,0.742067163255822
2022-04-12,252,0.6473256635320813,0.6401574859615952,0.0029841804850577114,0.19528384474947605,0.1628322045058027,1.0316983143680387,5.424795754063528e-50,6.21927402412025e-26,0.3141981581484279,0.4925886074526077,0.39359382538772714,0.3012502807398338,0.24918660326079906,0.19744903869304775,-1.342552715917924,0.05688915524832014,0.07298151937844115,-0.012649059133413205,0.7984530103990519,0.7889071529355927
2022-04-13,252,0.647418761992637,0.6402524766672841,0.002884503678627687,0.20969740590049096,0.17702051672251973,1.0313886334445241,5.361143417913628e-50,5.451590876586211e-26,0.282148380894375,0.5413186822087414,0.4529183535387049,0.2794548103647557,0.29012711130018265,0.23924189296062393,-1.349942240206671,0.055490272555166364,0.07052993490009042,-0.014583448426910225,0.7693359410327923,0.7583615699715263
2022-04-14,252,0.6475012626104739,0.640336654126947,0.0029707881353125015,0.1960420737841453,0.1662369795997114,1.030179954252791,6.792318292969554e-50,8.96249600064443e-26,0.2776148695034427,0.5458735553339409,0.4608680334813179,0.28137125665963103,0.2865523073291026,0.23859212656911633,-1.3486203341668872,0.05559406642159084,0.07025993739016828,-0.01523044294247649,0.7586353896621766,0.7479413720612849
2022-04-18,252,0.6424653328345766,0.6351983680547917,0.003042740650193319,0.1860913157383275,0.16254480913559055,1.0251385481512243,5.550624536820253e-49,1.2766943407424518e-24,0.27004105280753243,0.5568725790092048,0.47216703698837403,0.2642131077365113,0.3177981557724037,0.26296452486499666,-1.4205899197781227,0.04510529906753696,0.056491805123435275,-0.015273884585415835,0.7578300200922552,0.7470263472520625
2022-04-19,252,0.6446793766159793,0.6374574127260602,0.0028087192320654696,0.21960040523415375,0.18896536110442375,1.0208645778092258,5.021908962685107e-49,2.0981428065423025e-24,0.25701234008655605,0.5702784481226665,0.48751824500011076,0.248669135021182,0.34388877674015583,0.28989484293610124,-1.4556270830067373,0.038776501094719515,0.05013111225559114,-0.01938929794808983,0.6927446156277297,0.6806828542052124
2022-04-20,252,0.6475111749254089,0.6403467679116976,0.002536004263323158,0.26447985126476864,0.22956973177047135,1.028255714746714,1.6034843141324285e-49,1.1668956305408096e-24,0.2413404134107587,0.5910666331887473,0.5164251063274401,0.23448872390243353,0.36985484069982133,0.3218615110592965,-1.4196917210541227,0.04113383727515658,0.05233209288862044,-0.017510310584520662,0.7188819115164935,0.7085518998410283
2022-04-21,252,0.6523540740096885,0.6452880999041943,0.002256252365857102,0.3174798717673254,0.2783897071403518,1.032504720293186,3.8925941079697405e-50,5.970338410549713e-25,0.2793668251658523,0.530854367669958,0.44776614640609846,0.2630824128438174,0.31168343034449647,0.2650298332113833,-1.4042574291342875,0.04201293282550528,0.05538673649378079,-0.015885641210602243,0.7424134114783885,0.7352091259012861
2022-04-22,252,0.6514130529188586,0.644327952368429,0.0024637847182348736,0.2759993184381944,0.2381977061778212,1.0329651980886723,4.830516568570487e-50,8.241215167435866e-25,0.2440748299419731,0.5827491240763383,0.5079241684336212,0.24437283670541785,0.34734472162002394,0.2974154700770629,-1.4123419837699043,0.041815673082758395,0.0560094713653446,-0.01591806515121681,0.7422305650819098,0.7338647662183438
2022-04-25,252,0.6496627211221133,0.6425420447221564,0.002444881708261966,0.2797530273793273,0.24256239199765794,1.0318636853642706,9.635409660342623e-50,1.9331123699869246e-24,0.24134326198145262,0.5870739656896005,0.5123129853241659,0.2397924113468848,0.3535619134704717,0.3016753780955058,-1.4068582877333942,0.04215167306172892,0.056288725228415666,-0.0165805890411258,0.7321126473607616,0.7236821524919796
2022-04-26,252,0.6515815693004215,0.6444998938796984,0.0023524815755220567,0.29777683604600885,0.25368485691725595,1.0302833390390238,1.0344109197893603e-49,2.6827193891240504e-24,0.23905016288076883,0.5890169016217861,0.5196492844369915,0.2408911265540729,0.35068384600414837,0.29941647133984817,-1.4090717466923306,0.04146970150938318,0.055788139953935056,-0.016153943226656343,0.7384110879337238,0.7299906912817785
2022-04-27,252,0.6524175570208792,0.6453528732204906,0.002227485751742192,0.3243188007016923,0.2745242398500777,1.0312165044298,6.818050425888427e-50,1.878312912247978e-24,0.25746476912873795,0.5606156955826826,0.49093459071096957,0.25045001812489887,0.33171123224361954,0.285829928500967,-1.3507325985744383,0.05006309762435216,0.06185313236367706,-0.01472764799926336,0.7603469870914155,0.752873102151805
2022-04-28,252,0.6532345357752438,0.6461864572340903,0.0021401827029142798,0.3437719443991675,0.2905945924293246,1.0328917611017743,5.2947409343352705e-50,1.2911355438922177e-24,0.2341005343096024,0.5843519127328158,0.49846454797357587,0.252749645006567,0.32397785100942933,0.27153269581972583,-1.3459000907579473,0.04655515652593898,0.05437792683677559,-0.017018404457393357,0.7204395808845023,0.7095278232012419
2022-04-29,252,0.6582033843986755,0.6512562987157218,0.0022354422687600756,0.31763677765384973,0.28219621013759244,1.0470251107891893,1.3905859201399577e-50,2.370374685481386e-25,0.2763357703614678,0.49291276560215747,0.3890269709749853,0.2745514666679806,0.280900309305975,0.243655053005567,-1.1451204777455857,0.08435990674217274,0.07337704419557178,-0.011402948554866742,0.8051267010675216,0.8008088925442923
2022-05-02,252,0.6935561174678601,0.6873275832700523,0.0014238624006292133,0.49017807999981555,0.4376173817269453,1.0513032995644698,3.220503615332173e-56,3.9494582921039193e-26,0.2244632821993886,0.5459216162281562,0.47666344529723337,0.13149575116953333,0.5726418483829434,0.5244857812837018,-0.9159179765963937,0.13300103470335942,0.1420943554786763,-0.01566741400237753,0.7131893549616269,0.7262527915277357
2022-05-03,252,0.6934597283259465,0.6872292349992382,0.0012748149491571975,0.5358496536249742,0.48670424234383014,1.056086315784155,2.107614308654388e-56,3.4959950629521557e-26,0.23382685041529533,0.52825964959743,0.458546520630557,0.1441322635848789,0.5367339291706257,0.4859010192399241,-0.9147623964452469,0.1326504702572396,0.14356790047514736,-0.014202151688348957,0.7376433287307014,0.7500248741153974
2022-05-04,252,0.6919358935097594,0.6856744279306894,0.001204358822219786,0.5585170747600958,0.5116101852347739,1.0559732678570577,6.964556645466168e-56,1.5762995460208792e-25,0.20830376963378971,0.5705516055526776,0.5067417954404585,0.14418437529558875,0.5371539116286834,0.4848015361006801,-0.8832815715154441,0.1444055436173907,0.15411746002067211,-0.015864048369466928,0.7074974739674481,0.7209461782842839
2022-05-05,252,0.6919153085100695,0.685653424536697,0.0013099984728514031,0.5260187615944849,0.47567056290235266,1.0541739839872368,1.4019023156375029e-55,3.12418806069309e-25,0.15154555060452113,0.6784750403066528,0.6409025241960911,0.14722417761942172,0.5322047099733196,0.47924294191402084,-0.7990126943831818,0.1846736085133071,0.1951946111238403,-0.01879034439517217,0.6571979518506964,0.6729085319807171
2022-05-06,252,0.6932044844892579,0.6869688032796899,0.0014492859427624875,0.48264874431930194,0.4451653920918015,1.0542432700572686,1.0103731704407502e-55,2.888150081784228e-25,0.1434817187468523,0.6930610391004766,0.6519637913259311,0.15155758759951002,0.5194787179265523,0.4659656913074526,-0.8694601482792075,0.15123791133920722,0.16899166061532778,-0.020388540718554116,0.6285424514541267,0.6352860599789467
2022-05-09,252,0.7284892398625789,0.7229707284776719,0.0008663244779809006,0.6582650158510107,0.6137728950817687,1.0525000192577996,8.881534986051403e-61,1.3222391783457528e-27,0.017307255550967515,0.9592483050343683,0.9551050791384289,0.11332965153146968,0.6062613165976406,0.578855776167848,-0.8191816855634796,0.15120660260751043,0.19002089738967776,-0.04634137246459852,0.24584982495110644,0.16029164060041545
2022-05-10,252,0.7298027562779452,0.7243109423811556,0.0007527009909112376,0.7000236892837264,0.6573039343026239,1.0501451776937718,8.856123524230311e-61,2.3181486604003214e-27,0.008580175783450439,0.979711705715828,0.9777379072151272,0.1094939898815625,0.616870335196612,0.5899617127795803,-0.7821167002353543,0.16935956876647926,0.21188102165721323,-0.05072084177222985,0.2029214964712794,0.1226956705941158
2022-05-11,252,0.7348356720869602,0.7294461532269392,0.00031959870634028394,0.8691036528181219,0.8510112852701045,1.0737510487442763,4.161543137847228e-62,2.9103390510822392e-27,0.06372293268603574,0.8473224094252971,0.8415129808090231,0.13968186481098205,0.5213939890228765,0.4821556664496994,-0.7868125780075833,0.16401874220960053,0.22599801441650702,-0.04940915649860425,0.2083749842967363,0.1531091835294639
2022-05-12,252,0.7346448540171843,0.7292514567411108,0.0003419706123821667,0.8604068948730657,0.8422252073881202,1.0720340288763444,7.3500976735075346e-62,2.2035186972816707e-27,0.05832146170488689,0.8604816802782179,0.8597486481069858,0.16630230710162924,0.44492265976278955,0.4040696495554217,-0.8956626508605868,0.11092615001020878,0.16296174622611903,-0.05256383443218916,0.18434522587076574,0.1642692181055163
2022-05-13,252,0.7382943694858133,0.7329751493534111,4.07302424878796e-05,0.9830979699195294,0.9810906820970461,1.0753742083628262,5.611067527244584e-63,1.2500101067274103e-26,0.12120463468742015,0.7099505395499339,0.6915060997722737,0.1495795417917859,0.48664246505467235,0.46555491381314706,-0.8176024817232896,0.14131424266937667,0.18165272668309196,-0.038273271383724154,0.3313213037048838,0.25740240874822795
2022-05-16,252,0.7295816940836028,0.7240853870527818,0.00020983599314802694,0.9119716043523988,0.9009960546080287,1.051142814007331,8.238432003329942e-61,3.8973804221336686e-29,0.21059519026579582,0.5121941295964342,0.46366984368257247,0.20047580114354768,0.3477694577276529,0.296925383647035,-0.8090054577235541,0.13975856629897582,0.18371198494538954,-0.03126912623591852,0.4201117342568732,0.3490972144693728
2022-05-17,252,0.732168568982972,0.7267248407102682,-1.731343498029335e-05,0.9926888001326597,0.9919485455824373,1.0516248644071648,3.4283323922931474e-61,4.696149632637631e-29,0.2258939970947308,0.47664351588527354,0.4154766316208176,0.2122234361972564,0.31828922213622485,0.26388115393927947,-0.709773064032103,0.19356513159316407,0.20999223470710393,-0.03257438994899733,0.3967054134418315,0.32938374735320575
2022-05-18,252,0.7345639911376171,0.7291689503070808,0.00042327672405861893,0.810747950387357,0.800208439262767,0.9938510491821184,4.0327099320094376e-60,8.60417570154492e-44,0.3881407159740536,0.18176210330226636,0.09807037599640021,0.2857204212823371,0.1516582238317153,0.11640036321684533,-0.47930978852433753,0.34930095269577566,0.33525013621321953,-0.02588897354804577,0.46870038802489045,0.4299817393445716
2022-05-19,252,0.7300833604301336,0.7245972498697704,0.00027579480414994834,0.8757501459237738,0.868648175156723,0.9883827214258079,1.758663263758527e-59,1.7344570773149844e-43,0.40576000183709743,0.15774359875926078,0.08148848192303504,0.28418334404789275,0.1534802060790975,0.11833152704508484,-0.4260708852582258,0.39774537473218974,0.3793618682240417,-0.02448805580767077,0.49030143034380236,0.4540308875020085
2022-05-20,252,0.726335942616386,0.7207736650272882,0.00047876414722968223,0.7849269264908952,0.7755420823471558,0.9762969805488123,2.1416390013513037e-58,3.390433759371914e-43,0.4072979454964604,0.1536335202932405,0.08125673026998478,0.2775207397581089,0.16095028652660945,0.12238202750284892,-0.4021062158707012,0.4212361296681253,0.4043015399359646,-0.027360265468530445,0.43882883572291653,0.4079731874492941
2022-05-23,252,0.7256707088736468,0.7200949102735177,0.0002858223375701138,0.8698735231850977,0.8628910511176723,0.9744268134211437,1.3354604700793417e-58,1.0586044034548218e-43,0.4022773251223389,0.15402853852006512,0.07900413207883503,0.26942471677167756,0.17188643333184978,0.13215961564772813,-0.37703306465366093,0.4437721821337297,0.421218638527451,-0.026375570198817158,0.4516235459974325,0.4204253245837525
2022-05-24,252,0.7264553093209467,0.7208954578843806,9.572946277241112e-05,0.956156445617654,0.9537500788311197,0.9735023424442634,9.332031621172669e-59,6.407473539016866e-44,0.4078827328177558,0.14713053819844119,0.0751552504521691,0.25739230949953573,0.19085137966918378,0.14854420290012152,-0.3473556891733008,0.4794871399932399,0.4611079639200679,-0.02678548282505832,0.4438063488726107,0.41427636241266264
2022-05-25,252,0.7269177762754688,0.7213673245737507,-0.00010509522808287619,0.9516683833667459,0.9492983751432438,0.9718758920422106,6.700158724143391e-59,2.689120144121647e-44,0.42088348845296275,0.13320204109159495,0.06520682846840525,0.25506444731596756,0.19276684883830728,0.15269594312852158,-0.4110923712324076,0.4021553996700006,0.3818979886530163,-0.022775369132229308,0.5146039008326947,0.4904699714553229
2022-05-26,252,0.7214692017046236,0.7158080066173191,-0.00025771033132287915,0.8832595543030888,0.8794098739091719,0.9763180926142377,1.9637007007964824e-58,2.9911699888686306e-45,0.2883913825132489,0.30248452103059104,0.257849837049278,0.22990720558430003,0.2458321889232357,0.19487075708468138,-0.42185846821107614,0.3957775617845305,0.3709623415822908,-0.035284544891381046,0.3161586987349422,0.3081788757907723
2022-05-27,252,0.718365931428627,0.7126416617422171,-0.00018483415522305255,0.9157879211880259,0.9156686240032987,0.9707230779327155,4.604909909355801e-58,2.1317513329120277e-45,0.246349922688836,0.36885456387718496,0.3730970507485176,0.2262815428691726,0.25092151678779284,0.19988297340622296,-0.42710883604600575,0.38791094429212125,0.36305725600180205,-0.039482322622140575,0.2577715835151079,0.2696620152161566
2022-05-31,252,0.7261621568257844,0.7205963470051704,-0.0003550463297313812,0.8376660060188378,0.8350484640591422,0.9719442789986958,7.552506074078303e-60,1.5614934641115907e-47,0.20546083640759566,0.44847370845126,0.4647254187676064,0.22138243213117426,0.25691866562260907,0.20916644163932174,-0.38316906390549016,0.43492233234984257,0.4150655516108771,-0.046063159004410825,0.18445996911914392,0.20077043015027518
2022-06-01,252,0.7273761762763378,0.7218350416478081,-0.0003540502906640553,0.8382396530803102,0.8357137351317393,0.9712699633280746,5.213219411538273e-60,5.729534844085151e-48,0.20395463984448167,0.4513164545490873,0.4687592396905478,0.22136654611955459,0.257022442177854,0.20906477890170383,-0.3767259085719169,0.44011721495541634,0.4192569298849885,-0.046419101775516024,0.1795702920262281,0.1957777318192121
2022-06-02,252,0.7258244241182625,0.7202517498117231,-0.0005483405732081586,0.7517492496676559,0.7487943498752034,0.9684838588494924,1.517592477109915e-59,1.507998324644559e-46,0.17686000041381575,0.5107438697488292,0.5374021303864753,0.22148600961526715,0.2578537897677612,0.2104855137379693,-0.36777496354088923,0.45107248620789697,0.43256370315145654,-0.049722906170128096,0.14902884400558428,0.17027167673707588
2022-06-03,252,0.7249819874864323,0.7193921904841241,-0.000503980687627264,0.7712283238539428,0.7689199805125853,0.966308849537362,7.074915870753506e-59,5.567080312330285e-44,0.17869065637352455,0.5009584555121133,0.5238792886443182,0.22558878883873223,0.2470670469594009,0.19832096734351556,-0.37794770323679117,0.4391421595039653,0.4240041888060667,-0.050394034098143206,0.14077193729315624,0.16037714964634142
2022-06-06,252,0.7298009842397597,0.7243091343259337,-0.0007560732382027278,0.6604198036673208,0.6669846674451037,0.9796653801989823,7.899026587764128e-60,2.987810032036723e-49,0.17137905853910013,0.515062564531237,0.5373162506236531,0.22431577727907764,0.2459306038945947,0.20309753499726935,-0.3294713680700402,0.496551810994041,0.481246026565743,-0.049277360373293326,0.14618634285568624,0.16713548215931018
2022-06-07,252,0.7297281259118391,0.7242347951376895,-0.0007611474966705027,0.6582060093379528,0.6615288873823413,0.9808295741036028,5.987754707438405e-60,1.8919271625074568e-49,0.1685473853224743,0.5217658626294062,0.5448706768599512,0.21747511855855597,0.26026436027155186,0.21682344379247587,-0.3225860217650408,0.5056242112052785,0.489305508284122,-0.04840792884817865,0.1538064255159654,0.1753692665837353
2022-06-08,252,0.7359149703231329,0.7305473884191316,-0.0004024010932150951,0.812754343525727,0.8094775074203455,1.0020876461879211,4.249898707084088e-61,6.001553972738482e-52,0.14833405656623116,0.5664916606779773,0.592412501913235,0.22616755946879857,0.23594651861589186,0.20281458549567555,-0.30060560455976887,0.5299479488960837,0.5191371399282823,-0.04535590245862112,0.17516802310466253,0.2101616778181723
2022-06-09,252,0.737315002209507,0.7319758762381555,-0.00018835845421821893,0.9113512342399801,0.9093047415175763,0.9995657859742128,2.8948308182682954e-61,7.517690933965579e-52,0.1125285789177386,0.66004094406707,0.6818584513888251,0.2225497567489552,0.24122490797452714,0.20752313624420726,-0.3013702144375071,0.5263715442406105,0.5197674840192759,-0.051664671872625495,0.12208964713397227,0.15397668020538655
2022-06-10,252,0.7432300096758064,0.7380111074334448,-6.28180692099819e-05,0.9701142432999093,0.9695529263314213,1.0018633882989818,4.445792953494688e-62,7.977655691862762e-52,0.15525917238991743,0.5352912312818192,0.5613500773332758,0.18993213605194875,0.3115147088383477,0.2867440263354675,-0.27494251911016443,0.5585127661004122,0.5441163143053647,-0.04868038026439324,0.13852815773767582,0.17313949479092605
2022-06-13,252,0.7741169256090102,0.7695258062108195,-0.0001972789936883696,0.9068550754752478,0.9051997826997173,1.0219798094136774,1.735747160988081e-66,2.324803768198509e-57,0.1937525453955929,0.4388545531459591,0.4709388629703717,0.2424407131577076,0.19137135939040903,0.1747951821956184,-0.2618371517594942,0.5790625537318561,0.5673060339262079,-0.04525638266121178,0.17018945213797937,0.21032569089311326
2022-06-14,252,0.7742317436138799,0.7696429579149751,-0.0002343785757892322,0.8894093417557122,0.8881235510051912,1.0208937471115374,1.8363317892405817e-66,1.30842642911342e-57,0.1788602814792647,0.47349390801370417,0.5012913638390892,0.23975590413868433,0.19531476501955408,0.17071654857633112,-0.24267920388847744,0.6067114921915803,0.5958625882714301,-0.04837856547308276,0.14125601214370373,0.17855907246631209
2022-06-15,252,0.7736501910988993,0.7690495852269257,-0.00015366016395315196,0.9269401230685707,0.9259678443928928,1.01750651096684,1.957894127305551e-66,8.132559096833114e-58,0.19940750999042173,0.42289437578342204,0.4531249915308634,0.252537450326852,0.17120270707387705,0.1421573595056733,-0.16874822409831333,0.7202977789412712,0.7144954190698452,-0.04596176536258269,0.16063630092809333,0.2041035712771908
2022-06-16,252,0.7787712289405883,0.7742747092036084,-0.000426161316370195,0.799106680919628,0.7978321078274699,1.0229855420108716,4.0060470416983476e-67,2.290886237702098e-59,0.27819725750994073,0.2545784548640954,0.30636753271978623,0.30416835349295607,0.11607331330220685,0.09161729428257873,-0.004269639089101995,0.9924335415053082,0.9924117212787352,-0.03952977342673454,0.2257986317358587,0.28077527091509435
2022-06-17,252,0.7779621845129292,0.7734492207835172,-0.00043992687018884024,0.7928749479430295,0.7931907668920506,1.0242391967231252,3.987848174660372e-67,6.260110197074e-59,0.27149737672783963,0.26676561720168535,0.3193556871263181,0.3057477662741505,0.11419902348411672,0.09000829770870997,0.022119711426993344,0.960341116048441,0.9606557815083776,-0.0417775521686955,0.20191910283035144,0.2557400850356327
2022-06-21,252,0.7742154761198352,0.7696263597808075,-0.0001527854817234065,0.926676622885254,0.9259820246892613,1.000879282990981,7.579044825235998e-64,2.77809816040233e-57,0.31414735819670075,0.18830199680115248,0.24990482170427486,0.3276688769776689,0.08808347829846742,0.06734065627519926,-0.02678482240668552,0.9516328262146507,0.9524898479416389,-0.046311885891049204,0.15247747805100484,0.19904021481233558
2022-06-22,252,0.7758440087808582,0.7712879926991684,-0.0001358172229362995,0.9347526614565906,0.9343151409192908,1.0057386471661482,2.220928986164718e-64,9.379706900279411e-58,0.31502241616323756,0.18660354666557916,0.2520604389023391,0.3242915305640954,0.0912306713594579,0.07010976601526707,-0.014103692540136686,0.9744722460904787,0.9752687862137984,-0.04592721561161218,0.15519887933213142,0.20575322028372
2022-06-23,252,0.7764086111049366,0.7718640706802402,-0.00010663793910975494,0.9488103081572259,0.9479189996370193,1.00702820926599,1.9298544687815925e-64,8.644691524521293e-58,0.33976174122270775,0.1541954966743051,0.22035242968779012,0.3194734053859331,0.09654564575764528,0.07491752696295392,0.003259196087298029,0.9941012650928744,0.9943055482239004,-0.042677147427497064,0.18585262764455368,0.24000310530775948
2022-06-24,252,0.7759674959779164,0.7714139897986058,0.0002155651840743141,0.8972077217792225,0.8956714961649871,1.0038068823074655,5.7410939484383275e-64,7.271296357684492e-58,0.43298515478188904,0.06551501330911579,0.13853888761386346,0.3293123594763996,0.08798808425527088,0.06714349125451878,0.013874405727212845,0.9750032339230097,0.9757574643950366,-0.03500691069087401,0.27634618314459636,0.34525178562507075
2022-06-27,252,0.773720882919866,0.7691217138735218,0.00021941982597712567,0.8953115242401299,0.8938756362067692,1.0030547509739471,5.013273787374613e-63,2.4175949117417683e-55,0.4349922010460752,0.06429885733980358,0.1381290404043041,0.3300985543425755,0.08694694146984455,0.0660293904069645,0.015301786535343705,0.9723779542501264,0.9731473805709813,-0.03499010457278796,0.27625976334307,0.34526142881832744
2022-06-28,252,0.7717216273600838,0.7670818230381342,-2.12189179224873e-05,0.9897752661991104,0.9895290415637379,0.9907323115254667,5.568957500727582e-62,2.4826599921412703e-54,0.4435710416501319,0.05587047409357491,0.13115128476601293,0.3254469917845024,0.08898517834611873,0.06704442830853705,-0.00924725479599356,0.9831678948226978,0.9836708555724144,-0.036852801548385376,0.2472046680132438,0.3194746181040585
2022-06-29,252,0.7703399907108059,0.7656721043431394,-0.00012995398618074441,0.937668114625562,0.9359647810282543,0.9908731053803831,1.4016221886427966e-61,8.008763198713842e-54,0.44122803400333704,0.05787873303172967,0.1326148295570357,0.32444152022057304,0.09150598454581194,0.06845979636609113,-0.05173223530447948,0.9060133923776612,0.9087279680683165,-0.03649108368195481,0.2533263739115137,0.32436531417489156
2022-06-30,252,0.7768290132358187,0.77229301756988,-0.00040477208502388774,0.8042992915053779,0.7996016012073257,0.9956828433246361,4.986724392675661e-63,8.968355923824777e-54,0.4250030983579971,0.0627264564694066,0.14426680682889595,0.3002357278289504,0.11200023043112653,0.08293289465300116,-0.1271089769794294,0.7675800939667616,0.7692202045032297,-0.03587803099907339,0.25339007638639816,0.33044175820534216
2022-07-01,252,0.7766745745369703,0.7721354398730876,-0.00023537005831914437,0.8850992538065565,0.8829287359065983,0.9892772549299242,1.0510230961727262e-62,1.7885075902741123e-53,0.44738794481959326,0.049529148461304705,0.12760709892852923,0.3102627369775678,0.09974689451399879,0.0756960509294379,-0.09211902835695913,0.8295339308599605,0.8316787570834231,-0.03613644764857666,0.24842279362404643,0.3279641084740569
2022-07-05,252,0.7769155358267736,0.772381298750082,-0.0001618913570002429,0.92115192183266,0.9194978299847816,0.9939992002328365,3.469540220084054e-63,8.86810871824145e-55,0.45646936414467626,0.04562782090531311,0.11942152511876446,0.29126285616630687,0.12178066212318155,0.09708634896083028,-0.007838464480776443,0.9852311776088929,0.9853039246039381,-0.034326573133716634,0.27354333547400583,0.352060363439224
2022-07-06,252,0.7814280585108391,0.7769855393748806,-0.00031480248164841265,0.8453957548501866,0.8471128933489469,0.9911340102692379,6.437517864465235e-64,5.742759230970345e-55,0.40550578723194236,0.07263441212590874,0.16814244484714325,0.23838068391077322,0.19857367531339354,0.16698960189093948,-0.056217879962350004,0.893048403644639,0.8936523931908917,-0.043893637981501366,0.15847996124116723,0.2443000588351314
2022-07-07,252,0.7816726150849499,0.7772350666110668,-0.0003983128238273614,0.8052312285291868,0.8069243928867932,0.9898312059263827,7.622745772649788e-64,4.229740275063414e-55,0.3908667533707064,0.08259977198338438,0.1812295330495356,0.2326104242602214,0.21005228795016065,0.1786370476901734,-0.06648746966612468,0.8737321451008938,0.8739017930624539,-0.045471504140316636,0.14325802316497313,0.22508048082873766
2022-07-08,252,0.7822945596976421,0.7778696523744234,-0.00025153279346846916,0.8755184740349485,0.874283812064643,0.9886950884536169,3.145090449674904e-64,3.4804683918470474e-54,0.4292650948540374,0.05525183486348505,0.14078661001356294,0.22603990180014163,0.22029378360640017,0.19376801617891404,-0.11456008450861516,0.7833116469164811,0.7852814510906263,-0.03587328225487728,0.24764886733797298,0.32917061571418793
2022-07-11,252,0.7862850365857894,0.7819412365163949,-0.00017573927288897818,0.9128142275815556,0.9114373029849339,0.9912446079084737,6.472874086430601e-65,1.4974365199667131e-55,0.4144287408708096,0.06411593383845762,0.15678645873231611,0.23282199243656904,0.2062101027758369,0.1791315995591113,-0.14927679214850675,0.718190400318109,0.7225886865232569,-0.03961627296295625,0.20418331605044943,0.29063067308089896
2022-07-12,252,0.7876179870453099,0.7833012794649301,-0.00010727255043484316,0.9465516669350972,0.9457397539229462,0.9898765869553559,5.222657043426778e-65,2.3268117947830912e-55,0.4308986000578432,0.05362514390322616,0.14039244462926925,0.2357275990453765,0.19897745571475148,0.17308732279208916,-0.1370774416939359,0.7395174802850397,0.7433516047989275,-0.03854114586727583,0.21537621098798707,0.3030722693021589
2022-07-13,252,0.7889835005686104,0.784694547328135,0.00010095307469351611,0.9495981291379588,0.948868503948771,0.9931834172312612,1.3717735585814215e-65,8.083674000078924e-56,0.4298064106241701,0.053737894419558174,0.1401706586544257,0.25078756280839054,0.17166616572999222,0.14876923644393134,-0.10102624791467255,0.8068474532300706,0.8081996067784083,-0.03771327853114455,0.22516290248539664,0.3137200538172116
2022-07-14,252,0.7865212188740829,0.7821822192577025,0.00020198233772041638,0.9003114666490356,0.8984076705984554,0.9972103531034398,2.540696343461685e-65,2.1734304368806337e-55,0.40879381586869445,0.06852333039173794,0.16091732976423156,0.20288124013200093,0.2701623870260824,0.2493094192251163,-0.05383849714674194,0.8972719511459857,0.8961202219491622,-0.03951751724514441,0.20773578891073746,0.29475941624188184
2022-07-15,252,0.7863726686240753,0.7820306496936703,0.00027877878231253217,0.8626175066583901,0.8602741396138698,0.9961539314307173,3.259221572636377e-65,2.6680572470725075e-55,0.4171420847618603,0.06268507436201476,0.15015193545226793,0.20396971912982698,0.2678274740212769,0.24761212046736014,-0.05857126647545743,0.8882102919113399,0.8866846136295157,-0.03903855235832994,0.21347207958896558,0.30028418969539505
2022-07-18,252,0.7659925192760222,0.7612362696678112,0.001130433248626934,0.5192376595234862,0.5461969660794589,1.036904527479889,1.2841492572008374e-62,3.6491450335744313e-41,0.29389981280730637,0.22616772450697112,0.3552697575614754,0.1816537288567086,0.36550862220781855,0.3186565124984694,-0.3700460234781191,0.41253296428542574,0.473580764382844,-0.0370546646256863,0.2787217313933509,0.32183821956506553
2022-07-19,252,0.7587807688934644,0.753877938992925,0.0007636643695468938,0.6675105855676499,0.6616674323502714,1.037032471694542,1.5714949947900744e-61,3.8907562867465083e-41,0.18266651833393283,0.45216334851507656,0.6170297174515227,0.17313934481614657,0.39540331855985733,0.34274464460358833,-0.30182452453265696,0.5094171202351205,0.5359443593319949,-0.049454507153308416,0.15502475369593727,0.21587414228648927
2022-07-20,252,0.758755998382813,0.7538526650166101,0.0007019746590478412,0.692984876449044,0.6856112246588602,1.0387210374458005,2.7178198707155644e-61,2.119601188908285e-40,0.17779448121728686,0.46423868306093097,0.6278168384394358,0.17256575174194388,0.3970899385198382,0.3456511609461753,-0.3122759553193287,0.49453770633645766,0.5234787216190835,-0.04877755816028326,0.16179800733555103,0.22136732214534127
2022-07-21,252,0.7548669850986012,0.7498846067469467,0.0007376613858110104,0.678721582148416,0.6762049213004929,1.033257162767296,1.551213435363697e-60,2.1229131574995975e-39,0.2087112857238544,0.390984702952781,0.5635494936430725,0.19519494892125722,0.3384355082921431,0.2817314334092077,-0.29568839007918535,0.5186541345012414,0.5467982024120183,-0.04596325162318115,0.188593604321558,0.24415755503678627
2022-07-22,252,0.7550022863042705,0.7500226579771215,0.0006777268859991226,0.7034253846989145,0.7010513827939906,1.033327277697332,1.480264702893392e-60,2.284074825990329e-39,0.21172860182788839,0.3829812367913874,0.5551831966456333,0.1928472733350236,0.34398691201853304,0.2877318077402323,-0.293643515301544,0.5212437075443138,0.5476789603904795,-0.04550524722160605,0.19212412205930762,0.24591003260981525
2022-07-25,252,0.7554072443023303,0.7504358468288004,0.0006656230465585087,0.7083789932219362,0.7069676161173142,1.0327083102887387,7.814544250753298e-61,7.362075984805917e-40,0.21019967596509836,0.3866920809087001,0.5578288098355257,0.19221538564894097,0.34514017969186417,0.2892667551544942,-0.29724044853817566,0.5155449483521393,0.5420345220095255,-0.04569363518937243,0.19052101509812921,0.2450153330085918
2022-07-26,252,0.7592941534287356,0.7544017581732221,0.000990227454985605,0.5748443964711257,0.5728565780348539,1.0512030306883084,9.895427803060495e-62,3.56109666699904e-43,0.2004573727487468,0.40442471553827575,0.5741373206119667,0.18193150753371068,0.3669940222251502,0.31782860356998255,-0.32692260822508173,0.46929159381105123,0.5005860573194016,-0.04117965748451038,0.23422611857412337,0.2900341884267579
2022-07-27,252,0.7633303527476683,0.7585199940636778,0.0012839716287942607,0.4675102314652224,0.46865985611218364,1.0599272335534873,6.538221732719281e-62,8.347382814092544e-44,0.23656078988811485,0.3229778864701749,0.5059260047379304,0.18126880336111184,0.36939150320360215,0.3231190204217117,-0.38030120265709644,0.40015730185653375,0.4347258285542238,-0.033952241100834966,0.32739672580645807,0.38281457836585564
2022-07-28,252,0.7646999837113043,0.75991746305503,0.0013786670731345489,0.43495877124989457,0.4407391943958464,1.0607184962095881,4.572413627181215e-62,5.71708747589692e-44,0.22726839632216445,0.34137366897235044,0.5208911470008383,0.1816656979418123,0.3632311193102892,0.311485125305088,-0.38856848517523057,0.38925687979715184,0.4262638556285758,-0.03552716908062151,0.30565640006078165,0.3602222973535516
2022-07-29,252,0.7651877446356963,0.7604151378193487,0.0012310649339492105,0.48486908919524074,0.48438624997856683,1.0620017096859518,2.4368573921573984e-62,2.4307271186503226e-44,0.2208920618011176,0.35288492954717665,0.5288263576065946,0.15929782414491878,0.42618256933763543,0.36868186817645887,-0.3664298474978132,0.41606975086555475,0.45020983931189273,-0.035396334497510104,0.306327455036832,0.36109865414488773
2022-08-01,252,0.7647042100832139,0.7599217753288077,0.0011569921171296427,0.5121145843534247,0.5155136917232455,1.0667421105474988,4.703807499471066e-62,1.8164445085141553e-44,0.20481720823503338,0.3901302754753734,0.5575495287207333,0.14917851981703012,0.45805905921583356,0.4010811129185279,-0.3233149071891911,0.4727654626337473,0.5012773474466166,-0.037632707504847956,0.27690004755084247,0.3321220565187629
2022-08-02,252,0.7871815598433312,0.7828559817913664,0.0006763790583677637,0.6864681328993805,0.6896521870948986,1.0935619665454244,2.7754427217790376e-67,1.006790768253427e-49,0.12355150706734513,0.5855981254131851,0.7150758890421617,0.13212861293286005,0.4883542660691367,0.45382836446530816,-0.23404623751139897,0.5819457524481567,0.6216670224497354,-0.0467308107416158,0.1557112291051701,0.22266647983420118
2022-08-03,252,0.787058014095741,0.7827299249513455,0.0007151754322156174,0.6693840517505365,0.6736729607454881,1.0921159356440509,3.878233035956587e-67,1.3260760565079142e-49,0.12100608455138556,0.5925157184222525,0.719874363451743,0.1305515623615306,0.4932546739015695,0.4585066275440871,-0.24006532995761679,0.5716823413521773,0.6118480951060565,-0.047689436441569096,0.14763825154069507,0.2145648545059572
2022-08-04,252,0.7871222418603763,0.7827954581583514,0.0005415990282518482,0.7450038048440611,0.7490212299431029,1.0863490816365808,7.179876324769094e-67,1.7005483456098144e-48,0.14045048353983647,0.5329341304491053,0.6787075528765092,0.12999044694860973,0.49165203391229606,0.4589540833925193,-0.24897349160892987,0.5538005749770989,0.5954602628192777,-0.0464300882545009,0.1564413554761045,0.2251654072923659
2022-08-05,252,0.7857446566807248,0.7813898732799265,0.0006701513813601226,0.689395413641318,0.6938700962579761,1.090944249570357,7.604491519622716e-67,9.666532682231201e-49,0.1330865124577284,0.5568846423961187,0.6938235681730025,0.12218274451495326,0.5204388547570317,0.48819264547966523,-0.17019102959717156,0.6856456349644917,0.7190057067303123,-0.04739003442359083,0.15044315514304363,0.21850352522649752
2022-08-08,252,0.7868488954508437,0.7825165559274869,0.0007810921512090168,0.6404018922602253,0.6465175130472292,1.0950731437969672,4.0545878200157016e-67,1.845030855171159e-48,0.11170664792436713,0.6222824734152033,0.742291470287295,0.08743379549196656,0.6487739097507099,0.6267058082171397,-0.1562886636381829,0.7094876977247162,0.7400279293157738,-0.050150011848937824,0.1282906807837392,0.19582465829525586
2022-08-09,252,0.7848105796979022,0.780436810992575,0.0006996836731155741,0.6759715951990419,0.6848938763661674,1.0936359557421225,4.3296541462573976e-66,9.206376690773083e-46,0.11479282546718239,0.6131126661404963,0.7366515518017784,0.0945652769286473,0.6265794224876053,0.6120402027661441,-0.1497445805579236,0.7212367522136967,0.7514438766044769,-0.050517649091293415,0.12591078565647426,0.19407654933183005
2022-08-10,252,0.7852040720393333,0.7808383011458238,0.000856109190870966,0.6098408641543764,0.6192195377968364,1.093772162353392,8.628737395934655e-66,9.026324994770998e-46,0.1235004395067969,0.5877816792089008,0.7180353879680632,0.08501388664364923,0.6630145530457621,0.6502117389824599,-0.23557443893105456,0.5723383910801327,0.6148254281936301,-0.05045892803041166,0.12778389617664884,0.19376901119379197
2022-08-11,252,0.784965121822248,0.7805944942170091,0.0009131536376080348,0.5863622177333305,0.5963199576910458,1.0941182264738702,9.255050598155142e-66,9.139205308821892e-46,0.124039362601086,0.5864352699488287,0.7169017998800898,0.079742777587753,0.6837117401332142,0.6722180399237475,-0.24331961886268,0.55986547117802,0.6031826188615621,-0.04992131370918425,0.13226066343513435,0.1979721978446155
2022-08-12,252,0.7849977608890578,0.7806277966794859,0.0010095512536547621,0.5477480048675588,0.5593685624463232,1.0926151902100882,1.5444981023536553e-65,1.7505300073938705e-45,0.1437131029086925,0.5248932371821264,0.6697031915720579,0.09018186609556345,0.6438085772149654,0.6275210179964587,-0.2106603037801635,0.6112157892872178,0.6447950177743927,-0.04891603759716263,0.1392842631434288,0.20420562307908752
2022-08-15,252,0.7827805155719645,0.778365485400663,0.000951986606488475,0.5716561343915556,0.5859986055256152,1.0921421940386429,5.565442947903053e-65,3.132887021051164e-44,0.13646823090059418,0.5452848842322198,0.6843610667512441,0.0902247790030028,0.6445753464254264,0.6265482875157482,-0.23109818888007294,0.575362120548669,0.6126581746176946,-0.04980924165595667,0.1320009141590967,0.19467449703691042
2022-08-16,252,0.7822405655126947,0.7778145607466926,0.0009675779831212787,0.5650616298365884,0.5779545191202803,1.0912005154546813,8.839060975161142e-65,9.212915272562343e-44,0.14361474258846046,0.5260751789120142,0.6717583714722506,0.09568555183610411,0.6251563897638541,0.6073626040756779,-0.2251895387019946,0.5851693007268715,0.6217763795374286,-0.049005925342702594,0.13908925197253566,0.20414402504489626
2022-08-17,252,0.7819173763411813,0.7774848026895793,0.001004314367904576,0.5500653848567174,0.5624831605879292,1.090945002283699,8.933086343955274e-65,1.1495870214065051e-43,0.14681356974688997,0.5170606735516081,0.665260141508023,0.09558767145825842,0.624815046465913,0.6059957328780463,-0.2183231722500208,0.5971844773338111,0.632724551901775,-0.04825413130920898,0.14637526547138843,0.2147265332373146
2022-08-18,252,0.7818218645044935,0.7773873495553979,0.001002256867918611,0.5515565396893788,0.568544373533352,1.0898045316790859,1.5046400503742474e-64,3.0923508531801528e-43,0.14496422273055165,0.5232501537550791,0.6688603428411171,0.09897166355711995,0.6126886771067028,0.5929377998382783,-0.1903496905864689,0.6426929499311629,0.6733707510676186,-0.05025209107135353,0.13608351370128324,0.20888656549326912
2022-08-19,252,0.785633595242426,0.7812765544953209,0.0009357911099043059,0.5787310626106852,0.5979172944849085,1.092428286610643,3.518533213314149e-65,3.0419998164148275e-44,0.14451064979286865,0.5247678115443652,0.6694640923062477,0.09928356231412727,0.6117527655414299,0.5924999616683074,-0.209152885565311,0.6107147647982138,0.6427165030189796,-0.049908900665187494,0.13890582155991218,0.2113792506412442
2022-08-22,252,0.7870347009366383,0.7827061379475456,0.001062520905690928,0.5269403785916479,0.54651792405704,1.0944790431174396,4.5860352488456365e-66,4.5615963554481435e-46,0.11501080412008224,0.6126589416322503,0.7341827786482249,0.0996966821543821,0.6084114181472984,0.5874514248735332,-0.2235169171208596,0.5841698946580428,0.6228523061578098,-0.05724886047086049,0.09102389285746659,0.157524580643994
2022-08-23,252,0.7868851506168899,0.7825535479871519,0.001154175020080318,0.4922085359529397,0.5107865702445273,1.0947311309441103,5.203176960328128e-66,4.367655563054735e-46,0.11273984174244389,0.6199074198356518,0.7392993739502951,0.1051702281593872,0.5898642658504679,0.5689074721959595,-0.2410207001321324,0.5553912346408476,0.5960082930912526,-0.0573650496219424,0.0909163317337328,0.15708086750935632
2022-08-24,252,0.7864333099202949,0.7820925235365611,0.0011695367812865087,0.4864315549564616,0.5048050696137664,1.0941736856278008,7.853519720139984e-66,1.0201769247980492e-45,0.1144019417077064,0.6148251221680203,0.7360150080247163,0.10560411668039682,0.5883263536011016,0.5674126890889926,-0.2423723279519252,0.5531946700947815,0.5939467085900227,-0.05722292590698836,0.09126487742415668,0.1571989906183004
2022-08-25,252,0.7867154551051152,0.7823804033796095,0.0012585217625338554,0.4539256656596894,0.4769655892146829,1.0950943933682518,7.311656529676633e-66,1.4662596339166462e-45,0.11398838616120655,0.615244290190706,0.7360010807501927,0.09974735900131837,0.6096695019112199,0.5915970407174204,-0.2504079962796436,0.5402188685332429,0.5829608655099655,-0.05732385332854181,0.09045848883641487,0.15567266670702487
2022-08-26,252,0.7887189499473902,0.7844246196617681,0.0010758651970684248,0.522902174855337,0.5402931556307466,1.0960767029868608,1.161122336146927e-65,8.893865690409547e-46,0.1396442721264607,0.5376053007037184,0.6781167161886127,0.12513561328527312,0.5204243086518061,0.4987803110572374,-0.2286123839037446,0.5766527500327409,0.6151023525175312,-0.058245041123034746,0.0880573789262911,0.15674244204577018
2022-08-29,252,0.7872182341203011,0.7828934014804698,0.0012316508143024967,0.46576393315146725,0.48506310984024026,1.0978973555290592,1.3427676471231981e-65,7.258595154337072e-46,0.1260710711497965,0.5794522549551562,0.708557779538329,0.12793387904003017,0.5132395646578722,0.48941583367948105,-0.23841250129717886,0.5614253336759554,0.60080512167731,-0.059733347302423676,0.08291420802422167,0.15266592275139848
2022-08-30,252,0.7882280049170999,0.7839236960739515,0.001158932458956079,0.4913197538041434,0.5036038306863081,1.1017927690011162,8.238615700123666e-66,2.0041010016853004e-45,0.10890329820285233,0.6298986390028474,0.744935377805707,0.12741592807468116,0.5128215751406301,0.487258673575371,-0.23848368329911038,0.5597712945018909,0.5983264480875103,-0.06078861970566795,0.07611603463116032,0.14448962854587805
2022-08-31,252,0.791667802447995,0.7874334081888079,0.000933594041473469,0.5751262706400029,0.5790785232371289,1.1009953604573801,1.2631924757943105e-66,6.158094247764846e-46,0.10115453758774634,0.6494733570491052,0.7602602823845617,0.11577279955540987,0.547079967104924,0.5228189947610584,-0.23710521702331083,0.5574491327637621,0.5988845222057821,-0.06255043989687338,0.0646403192005835,0.1349626144672701
2022-09-01,252,0.794136931098214,0.7899527223806981,0.0006684111978362056,0.6845151884120032,0.6915352357823219,1.0937984327145274,5.032762005076005e-67,9.913503803975713e-46,0.1322747969622417,0.5471064155234298,0.6875385091079476,0.1250521981766275,0.5096794124296801,0.49388893386432564,-0.16324253443014924,0.6803944229804401,0.7127763006347012,-0.06032384450636721,0.07085148538528993,0.14564208282290422
2022-09-02,252,0.7947448107255998,0.7905729572850632,0.0007783920597667804,0.6357110520820826,0.6439191806614888,1.0945164500611877,3.508180640751421e-67,1.165649824683709e-45,0.13520205603166208,0.5362731730206513,0.6784373160947164,0.1213291521753268,0.5216537631601157,0.5060646048052427,-0.17952459048383299,0.650174707837598,0.6858562959240123,-0.05933294678133669,0.07470067311466666,0.1481980291155708
2022-09-06,252,0.7905410380618774,0.7862837420875253,0.0008585732677094872,0.6050742925939563,0.6161293566898232,1.0859446940621886,4.129261272531408e-66,6.749549336119697e-45,0.16362681261484446,0.4575692681244822,0.615617730320243,0.1069302218436391,0.5767643165968733,0.552927643789031,-0.11692612779014644,0.7692397554729776,0.7921855978606714,-0.05651268907216086,0.0921440890353413,0.16582365764224527
2022-09-07,252,0.7907934801090446,0.7865413150706105,0.0010859820848786459,0.5079594888059061,0.5210451133217846,1.0772611121635842,4.1075081625673803e-66,1.2275144205912353e-43,0.21232844320622662,0.33083551949263534,0.5115479195170562,0.061519503700498857,0.7462497644890875,0.7261153191326863,-0.09786487421424067,0.8039305120356366,0.823921898180417,-0.048983732117387394,0.1414069422447596,0.20854569781844323
2022-09-08,252,0.7923477176807445,0.7881271428368573,0.0009350616274864157,0.56690486526242,0.5806501958812663,1.078509609069552,1.7039090137929119e-66,8.403047079518343e-44,0.21617245191879153,0.32024819010439765,0.5033065551254314,0.06690279808173011,0.7237484522974813,0.7031124961781032,-0.09768488421759092,0.8034363657617374,0.8241256775759963,-0.04789496825518071,0.14883247872773575,0.21668736030650038
2022-09-09,252,0.7884363820380824,0.7841363085022711,0.0006952428535957154,0.6732487025966294,0.680748337172886,1.0644946395939026,2.376166308925995e-65,8.541218562740259e-42,0.19998207617205926,0.36280760098306164,0.5374048290364649,0.06350487651093456,0.739998615107976,0.7148777037113827,-0.04738566503176439,0.9047948576009404,0.915269578272416,-0.05190978582124037,0.12133868071462384,0.1822562035802876
2022-09-12,252,0.7845898777181324,0.7802116232002083,0.0005265140476729329,0.7507293880502544,0.7613578261796248,1.0587950528268746,1.46546723694321e-64,1.1087830328876672e-40,0.16738491314630832,0.4475200747447864,0.6077888655564149,0.045712739939943126,0.8123674522242479,0.7929618108188694,-0.004354245324071332,0.9912725420578474,0.9923254885404846,-0.05791171405533335,0.08474793718239275,0.1509103259211582
2022-09-13,252,0.7847197111107237,0.7803440954828929,0.0005567015610014471,0.7380430949254635,0.7464929664301765,1.0571944596175293,3.0714225527366464e-64,3.673814850840816e-40,0.12389379094640524,0.5704009171633302,0.7045934700127041,0.02334468451507904,0.9035186700673908,0.8936167038932827,0.03996852590529287,0.920021846248963,0.9306012237556229,-0.06089098378345456,0.07051148625685948,0.13888093098019946
2022-09-14,252,0.783150654939994,0.7787431479265793,0.0007210407109520896,0.6659352437171316,0.6740128878401059,1.0575337013388884,1.0666450454778347e-63,2.9024941799654038e-39,0.1149423447063658,0.6002574678634988,0.7275644513233255,0.014718052010048055,0.9392631521133461,0.9332556517178066,0.020753831495877506,0.9585189450646894,0.9636266069102868,-0.06252420495394735,0.06406451851025427,0.1336553065166286
2022-09-15,252,0.7788567121815622,0.7743619299088297,0.00031962860878602503,0.850396282240144,0.8557737084699639,1.057230790579486,1.3057011100244832e-62,2.336185454949656e-39,0.17879213321153276,0.41981906206381936,0.5776469021327342,0.1029881946952011,0.5959935564719292,0.5558590512959642,0.10878479741636982,0.7878412097542691,0.8159450946003955,-0.05492882579574716,0.10792626407597716,0.1709679815883548
2022-09-16,252,0.7778337792385432,0.7733182056458308,0.00019795451592951306,0.907218582332474,0.9113818823841793,1.0558200852419328,2.395608236870617e-62,3.152568109305488e-39,0.19305578646918317,0.3842414935402456,0.5468146244675152,0.09869814773766478,0.6156596822061797,0.5783008689123066,0.11391996524022951,0.7786341351063939,0.8075826217868801,-0.05340316916827766,0.11881700170254263,0.18133414197819975
2022-09-19,252,0.7777494540081191,0.7732321664879589,0.00020239862569810868,0.9051009147917812,0.9100365027653019,1.058678736283428,1.3581208757558931e-62,2.6630904398341092e-39,0.19372348051400648,0.38243257066559244,0.5422391371231379,0.09940062135090932,0.6130010249111538,0.5781353228174166,0.13072453989647823,0.7470395722888175,0.7796050776296743,-0.0504743382885819,0.14161410357131582,0.1999211920080457
2022-09-20,252,0.7734585438565662,0.7688540427154396,0.00029153155819902654,0.8635157207945888,0.8700522701170389,1.0543066534737222,6.010515746823964e-62,1.722233715164659e-38,0.21520469196632366,0.3345950711850658,0.5026669819924068,0.10756770647698916,0.5840603322157025,0.5470381992724165,0.12703731340920743,0.7535375511793961,0.7850066883721979,-0.04576468246188339,0.18780869347779447,0.2450077794930915
2022-09-21,252,0.7720598115654589,0.7674268809062202,0.00023872587431911859,0.888294505861932,0.8938213133505555,1.0503966083305833,3.181605767537554e-61,7.188753306220384e-38,0.23583468891630582,0.28969093555490827,0.46299377157055377,0.11052789007947628,0.5752024585955082,0.5369154638876901,0.11488860250701458,0.7768605407250223,0.8050675611843956,-0.0449231625132244,0.19745336313600356,0.2568893833546836
2022-09-22,252,0.770275343660615,0.7656061433285137,0.0001769730427210231,0.9169475407609788,0.9208780397189043,1.0480929631577054,2.709526797021013e-61,5.219100548418197e-38,0.24883928405189776,0.2633971696671752,0.43700706920319976,0.11107567400583113,0.572422674096485,0.5354067152281385,0.1082415394222917,0.7886658531426075,0.8154695678997621,-0.041228778955256826,0.23907983579996597,0.29630079641491014
2022-09-23,252,0.7699680921270294,0.7652926468450585,0.0002651881944235829,0.876103693800975,0.882388814322721,1.0502005778518337,1.5358769150984872e-61,3.5507059602798803e-38,0.24148597408015343,0.2785984612406104,0.451248493484109,0.09310733453207393,0.6387055884410778,0.6110142325129307,0.12854550133522677,0.7476759922858021,0.7803254991853588,-0.04204081352409089,0.2313740616890413,0.2884416232713861
2022-09-26,252,0.769198598990008,0.764507513603626,0.0004065947634669829,0.8108033745893723,0.8197320203423742,1.0470575510108993,3.146035834679951e-61,1.5847732773131303e-37,0.2422244611605805,0.27638491698463086,0.4504878996646584,0.0906167550478626,0.6464702382711532,0.6191039542404237,0.1534051969863313,0.7002038172193635,0.7398327850937262,-0.04324817459246533,0.2178854601652493,0.2758870213938497
2022-09-27,252,0.7696330169660902,0.7649507612133685,0.00034301569778291707,0.8397974839236059,0.8476455189258887,1.0474135289500022,2.5668598792430645e-61,1.2904514646181918e-37,0.23608477257345772,0.28863368544445783,0.4623904734316019,0.09033955406359262,0.6471392282918838,0.6200720779826872,0.15412112966525476,0.6985954441200786,0.7388130695215795,-0.044618044055167776,0.2040026732091531,0.2644090619746926
2022-09-28,252,0.7686303454037124,0.7639277101476903,0.00023506334961087582,0.8897387626861026,0.8953464300974595,1.0487957418422105,2.279110572189792e-61,1.2815252768149428e-37,0.2275998988205188,0.30693874984170066,0.4764202891935465,0.07576842141266799,0.7002897228801437,0.6797084203968273,0.18816922645284034,0.6344529191630872,0.6818051082159438,-0.04498168918315483,0.2066439800695396,0.2717367081522646
2022-09-29,252,0.7685147361526945,0.7638097511151476,0.00022732807505235035,0.8932167028670785,0.8978867816660152,1.0485937074904825,1.5997215292466366e-61,3.350921426368936e-38,0.22935969852101584,0.2982945130800295,0.46223118063629764,0.07641708859834917,0.6975900641189041,0.6744103913574065,0.19008357078722912,0.6299383634231274,0.6743004841074167,-0.044860498737491566,0.2072564381086947,0.2717156985532635
2022-09-30,252,0.7675887418582709,0.7628649357984796,0.00025360580348030145,0.8809920664897932,0.8865475732917568,1.0491554002388437,4.241504313142843e-61,2.774231758261975e-37,0.22309405758458295,0.3093372437731614,0.471500454689886,0.07759138688271888,0.6951758453550207,0.6695739591266325,0.1865966605558806,0.6357996587649886,0.6783977408154813,-0.04554853449502317,0.19840083699198585,0.26090489235262504
2022-10-03,252,0.7638300874021611,0.7590298859265953,0.00020114773442289667,0.9056431238889396,0.911026390586437,1.0534269433898285,9.100171486995736e-61,1.0712157477692624e-36,0.18973356027048788,0.3820543484315879,0.5323106114068021,0.05392628431767876,0.7835095326370924,0.7649056097178647,0.17152031753424887,0.6634899465852243,0.70259641273794,-0.04869548107203344,0.16849064616441728,0.2286628741704969
2022-10-04,252,0.7637520230882873,0.7589502349396753,8.963818746861394e-05,0.9578415885170035,0.960557297690619,1.0530614797655555,1.6078214016180037e-60,5.5017651205946134e-36,0.17518117245681847,0.4151677053729592,0.56018029908923,0.04663012386056442,0.8119051071115575,0.7961787360234815,0.20297954015924774,0.6044509557305755,0.6482514134747602,-0.0513637410975792,0.14381739703845284,0.20137216111931333
2022-10-05,252,0.7634948551465204,0.758687840007222,0.00015590706784397853,0.9267562476927932,0.9314230947800142,1.0548316812835659,1.461810511136334e-60,3.027348386554354e-36,0.17397465003516327,0.4180502912219022,0.562825566075781,0.04466552267609919,0.8195789205631786,0.8049042511793765,0.2097309723661235,0.5903663274127571,0.6337116935328766,-0.05202215846292724,0.13851485651837453,0.1977037466487951
2022-10-06,252,0.7683049977553593,0.7635957497422569,0.00045589659781396555,0.7861437727844246,0.799268314458252,1.0690859323708426,9.623175614993763e-62,4.774479962814638e-39,0.17242754562807877,0.41713759182050425,0.5639294979339988,0.05491123450142932,0.7766709957609043,0.7615617080292241,0.277613716866011,0.4683796910994902,0.5195638569428771,-0.05008005971032026,0.14923957455379383,0.21524841082608348
2022-10-07,252,0.769144235360028,0.7644520450218172,0.0004008311978471211,0.8111196914161105,0.8232680560843292,1.073643560545268,4.636761452622558e-62,6.911563700023003e-40,0.15242080943946235,0.46535803445830093,0.5989985578947987,0.0517039539414631,0.7887933607698442,0.7743257521035585,0.27794949837316074,0.46700877794561213,0.5177928372246062,-0.05028820282952336,0.14433181329027453,0.20605971357920672
2022-10-10,252,0.7695114235680498,0.7648266964047988,0.00042577131855795034,0.7996092421900175,0.8117885315778576,1.0739069134499195,4.283858697363795e-62,5.779000182130306e-40,0.1476849810498556,0.4799445911422908,0.6111447194761392,0.056215704244518994,0.7687926180650418,0.7500884547045782,0.27380656486589594,0.473696442439249,0.5249433192515922,-0.051283007223502056,0.13724837972153572,0.20135627569092374
2022-10-11,252,0.7763344574283932,0.7717884098151492,0.0007381797259924648,0.6552833585674935,0.6766705599533338,1.0923827137176618,1.1110833663229474e-63,1.894186452451033e-43,0.135602889428031,0.510329103110253,0.6377037079983645,0.05133228885626451,0.7850360710690171,0.772546349233714,0.2952590174913032,0.43300300526818714,0.490843088036542,-0.04608794656547728,0.17566520451963824,0.24040815221316225
2022-10-12,252,0.7765085546320392,0.7719660455798448,0.0007205955156112465,0.6627103403441894,0.6828660816551717,1.093383210465841,9.535398988601743e-64,1.2690960768507086e-43,0.1344736066010614,0.5135131482197397,0.6399062370074022,0.04780073413987668,0.7993602730394365,0.7871344876155937,0.2906289391418245,0.44014974516295646,0.4973393224158611,-0.04586445764756106,0.17768405242532562,0.24228162418117483
2022-10-13,252,0.7754797638965917,0.7709163444635956,0.0006052955194123287,0.7143310674372508,0.7317756276479441,1.0949804851456435,8.552004208281976e-64,9.053759005044505e-44,0.1156531549848629,0.5726628580292217,0.684976561971711,0.05003831058931957,0.7918781090998921,0.7783140318866408,0.31599629394370377,0.4006722359696675,0.45920219953736996,-0.04775463527249336,0.1609219400484704,0.22438689027378478
2022-10-14,252,0.7767887737965082,0.7722519602557869,0.0004987905595612083,0.7619248894243255,0.7796538859463522,1.1006258499762582,1.5364276887891502e-64,4.7586023102591846e-45,0.08033593166253414,0.6902744873251054,0.773249164972039,0.03054641642697964,0.8708045342726384,0.8608131589915708,0.31521828696409004,0.39955835640240756,0.45936052330254806,-0.04841810346519165,0.15066877396097278,0.21086788557847824
2022-10-17,252,0.782172679406685,0.7777452948417802,0.0008281056811479796,0.6106679822065766,0.6368919766828096,1.1144382985696715,7.958199872534341e-66,1.2334445386415497e-46,0.07337664444359393,0.7103508454274845,0.7879481170890399,-0.02559635177585784,0.8911156158660237,0.8788914283101437,0.2761349778785063,0.4536833506078408,0.5143342022873777,-0.04683463806262294,0.15713782167888005,0.21602728496115786
2022-10-18,252,0.7840220105565567,0.7796322140231534,0.0009617583438400719,0.5526761466197319,0.5861532114831964,1.115830816322608,2.535184101361997e-66,7.113621032185951e-47,0.07588987956258025,0.6989957778848486,0.7800651600701364,-0.027153206194197144,0.8839822789536091,0.8716226078070405,0.2738145230926936,0.45535318862487373,0.5176512091703507,-0.045999699170970354,0.1626607554356023,0.22296485328421212
2022-10-19,252,0.7836140539245676,0.7792159655897011,0.000965852320031494,0.551467191684463,0.5877467953148898,1.1163530864860145,2.8713859476690264e-66,1.0636601143474028e-46,0.07683473597937845,0.6954322227748018,0.7773996708858354,-0.021790481963215647,0.9066145149550775,0.8965160464771592,0.26510574603119796,0.4692886584938296,0.5311968022798037,-0.045864582523909354,0.16389479065004,0.22420378479128222
2022-10-20,252,0.7840604634193685,0.7796714484482175,0.0007973317303284736,0.6213912795804064,0.650455949832679,1.1134692707125458,2.2433007692064331e-66,5.1405124050369765e-46,0.07726001979073902,0.6913473938632982,0.7746258410551334,-0.03455891560647795,0.8518572014192081,0.8358358797911041,0.271654609910183,0.45597704149614227,0.5202089870627914,-0.04621586681844355,0.15748539413144788,0.21790370371595014
2022-10-21,252,0.7859991116150684,0.7816495000625292,0.0007051175655881473,0.660372837216231,0.6839891802363591,1.1209034404849656,8.05554740150999e-67,4.7415467601958254e-46,0.07314180628279815,0.7031763248822538,0.7818720677342009,-0.034330315377735565,0.8518717080076117,0.8372027654645103,0.256795840801018,0.47885107797976345,0.5437734654320248,-0.04392609416218504,0.17500769950781325,0.23391710426155998
2022-10-24,252,0.7857420845613715,0.7813872488817246,0.0007642405608088548,0.6343740280730967,0.6581611869131374,1.1213638839114046,1.0861904550332435e-66,5.6464345492566916e-46,0.08647137914782083,0.6517426078451014,0.7424595989451503,-0.03826959673315339,0.8355338078389685,0.819437139035593,0.26308719380132384,0.4687712782319864,0.5336779827966627,-0.04210272209647134,0.1931716319310952,0.25017934586751156
2022-10-25,252,0.7850693914000652,0.7807008830951885,0.0008975937785814902,0.5775439470665898,0.6029217753602899,1.1217215024601366,2.6195063366085686e-66,9.344513875822565e-46,0.08954715870783522,0.6415289134721819,0.7343174186039192,-0.05116965905038101,0.7823992694817892,0.7619258923516825,0.1962063121059537,0.5889939990223245,0.6419985044840705,-0.041511677002098506,0.20122809385345622,0.25475685490024125
2022-10-26,252,0.7862878562780244,0.7819441135194477,0.0009734300865868299,0.5452063523655335,0.5722996711147944,1.129540451337985,8.612396531628497e-67,7.146916637917794e-47,0.03404750645307075,0.8582333636251018,0.8951624156442668,-0.0459701197806725,0.8043117847701388,0.7854341300104384,0.11853094468219044,0.7406577119318958,0.7792352932896751,-0.04796592038193152,0.13914662027902627,0.19440284911594563
2022-10-27,252,0.7860166981817354,0.7816674440797381,0.000991988186283862,0.5377737039230095,0.5662850710099552,1.1290754798886389,9.671847334242168e-67,7.911331676472202e-47,0.036411364785448486,0.8485367169347331,0.8880458763568009,-0.04646879128485776,0.8021509720661855,0.7830024231625156,0.10418458411100542,0.7702561611152732,0.8053371482440307,-0.04703711056504291,0.14717309478411653,0.2017790422664033
2022-10-28,252,0.7865868809406806,0.7822492159191498,0.0007938805807259906,0.6200005461813023,0.6461125047513943,1.125256881209057,6.556452794841734e-67,1.9142039925064224e-46,0.037567517661465405,0.8417822553820278,0.8828869095248839,-0.04537033478676572,0.8050040845196229,0.786614092542173,0.14075890471846667,0.6917336050333779,0.739404541898615,-0.04779324757940479,0.1378155041496194,0.1940682691297948
2022-10-31,252,0.7860366019160955,0.7816877523615446,0.0008566036967806799,0.5929604275385467,0.6223588899035527,1.1261487178190008,8.238633654055895e-67,2.301897035118758e-46,0.03575782334055033,0.8493951405798476,0.888415551836096,-0.04429994933690257,0.8097252335264321,0.7913368798153128,0.16188943582568524,0.6487861369854897,0.7001656481776763,-0.04822883633461845,0.13443442858998747,0.19123530075035156
2022-11-01,252,0.7859542027266775,0.7816036783918539,0.0008670077240326205,0.588480846493921,0.6179689114942362,1.1263783981325646,9.010688418994236e-67,2.2657427422903067e-46,0.03430533242567735,0.8554176679924786,0.8928798248815301,-0.04371329081659381,0.8122320988181768,0.7940885220498468,0.16198572154756657,0.6486749055207353,0.7000725339244152,-0.04840772511191859,0.13294672227891854,0.1899766268727464
2022-11-02,252,0.7849288289901732,0.7805574637257459,0.0007184982380500926,0.6540288964525798,0.6788120682960095,1.1234093707057582,2.056053556717216e-66,1.0399150974255902e-45,0.062191405571892,0.7370770757440166,0.8013043225956151,-0.03910204052089167,0.8317995215581007,0.8150956132172393,0.17885169381045246,0.6141331556521539,0.6675093496761186,-0.045169369184292714,0.15761280689199117,0.2120565484689685
2022-11-03,252,0.7849888983194919,0.7806187539763922,0.0006977101755456409,0.6637599999020547,0.6894537234737921,1.1236800433152623,1.7054536722329807e-66,8.970191130760058e-46,0.06273878782224161,0.7345957847899958,0.799194338907886,-0.03469269917196327,0.8513956080474487,0.8379273288218223,0.18613149524186945,0.5972787923415729,0.652797045585435,-0.04494912512926356,0.15912194815821104,0.21233569340152214
2022-11-04,252,0.7862186532305322,0.7818735039059496,0.0007841908892018057,0.6244678751720347,0.6475634849211898,1.126174346611473,1.5594626991524523e-66,3.803255461186938e-46,0.05271545332539085,0.7769763753707869,0.8325417264030894,-0.031535099203130856,0.8657549715649147,0.8574338699013522,0.11990275293611219,0.732793483694121,0.7691761472268154,-0.04521398795144371,0.15752836557097602,0.21006500008995233
2022-11-07,252,0.786282861427749,0.7819390171478251,0.0007149251934535845,0.6556663605097856,0.6765787382861125,1.1285504846164784,8.752415016170406e-67,1.5809775432852745e-46,0.04783084263622364,0.7980461450004256,0.8482630044923007,-0.027891682996334988,0.881804482256996,0.8747700791228408,0.14128417388589337,0.6872757540848062,0.728570825976123,-0.04548411141156292,0.157483926776212,0.21258519946858612
2022-11-08,252,0.7921909844885221,0.7879672240106466,0.000829586421107142,0.6055356891732988,0.6354031530294679,1.158844723483908,5.238482763690335e-69,3.44972954097093e-48,0.0044708162704188426,0.9807364083732155,0.985368928662171,-0.06424330942409967,0.7292197207658817,0.7188423576868617,0.1288607857971859,0.7132877518917045,0.7517452485654673,-0.04405067212123413,0.17124038202347858,0.23182407871091137
2022-11-09,252,0.801213536436341,0.7971731611606568,0.0008325280741978217,0.6050913041143497,0.6371761608568698,1.164191658164458,2.672728053911192e-71,2.1794350735170778e-52,0.006687763745180403,0.9711933466110224,0.9780767684047882,-0.06731690616149744,0.7167861265891191,0.7070521557803193,0.1184630044545748,0.7353556838181166,0.7696222004877227,-0.042263641091639284,0.18731364501756428,0.24152406275036764
2022-11-10,252,0.80631402561643,0.802377318820016,0.0010548768132332042,0.5132235964310377,0.5403892878234816,1.168322700615353,3.178218362606112e-71,6.038901257987036e-52,0.05529836080352346,0.763519481780285,0.8173095360845309,-0.0557350609253674,0.7660770963128587,0.759436668139934,0.02654084270859014,0.9402177531336973,0.9487002611061669,-0.035907916866300064,0.2614059474105728,0.30647606410408035
2022-11-11,252,0.805817470986224,0.8018706716160253,0.0010973311820694925,0.4964985213408648,0.5232567742446151,1.1645243362237214,3.386906973215699e-71,2.532692358085401e-52,0.05213933061326194,0.7767809989792387,0.8276185560739098,-0.07334410209282188,0.6965638587699878,0.6887881802429321,-0.061501582564446045,0.8594884673299946,0.882099952357293,-0.03565214988145131,0.26589299528737054,0.3043950112142183
2022-11-14,252,0.8060057449976283,0.8020627723349785,0.0010890838690453273,0.49972974283027305,0.5252636835175363,1.1643723000171398,4.0629795678778726e-71,3.5003283497738105e-52,0.05145646554043254,0.7796439512509614,0.8298227639552813,-0.07465140457102548,0.6912175808175116,0.6833630436125412,-0.0642632781890089,0.8531442956610394,0.8769202537455865,-0.03610662064336347,0.2608937329767554,0.30062542872126474
2022-11-15,252,0.8060425997206132,0.8021003761376988,0.0010927003370765518,0.49797480284337314,0.5215211251538232,1.1638072086402982,4.115989175261077e-71,2.820663145756157e-52,0.04862841232549908,0.7910048328078718,0.8384975733405899,-0.0727457343800837,0.6986432239485403,0.690546674867873,-0.05644022675607674,0.870896592355472,0.8918043173392727,-0.03696115376987493,0.24805198700103792,0.2857148466565449
2022-11-16,252,0.804913128638024,0.8009479483257887,0.0010785126527954355,0.5032269491750074,0.5247032239473881,1.1610516102583663,1.4583443111473786e-70,3.842260327338885e-51,0.0653276508545253,0.7217831332403867,0.7849396391794304,-0.07246731395707612,0.6997293149897684,0.691171719202298,-0.035187430726688174,0.9193338642319607,0.9324699900796595,-0.03552378274851107,0.26590325247849506,0.30222156288699864
2022-11-17,252,0.8047809726738092,0.8008131062647403,0.0009604436675678576,0.5511856618458372,0.5707285009930804,1.1599819699005622,1.7703751292462342e-70,4.657624543164016e-51,0.06540883883339625,0.7214734070027979,0.784692962088894,-0.07473345261106856,0.691135352798175,0.6821458562144331,-0.04100515023207624,0.9060509315622896,0.9213852556334414,-0.03598510736406393,0.26017298284325746,0.29745675774478186
2022-11-18,252,0.8037847425575437,0.7997966275688759,0.000991236168619564,0.5384141681998313,0.557580325149521,1.1595233803755873,4.898223158776699e-70,2.572289108063392e-50,0.0669162403997581,0.7158540201399191,0.7808923901848798,-0.07645097301592912,0.6847371896157686,0.6759626732422752,-0.04097204656582937,0.9062408435519612,0.9214540781378705,-0.03598682169895931,0.2605099742395829,0.29800268409425246
2022-11-21,252,0.8060771670454135,0.8021356460504017,0.0007168804674493638,0.6550227209064199,0.6701116192337739,1.1589202841531376,1.4826638336308327e-70,3.60531058754713e-51,0.05952351892625569,0.7448581079621283,0.8046194019667029,-0.07126853009109407,0.7036297115063861,0.6965310116395498,-0.10214611705594695,0.7677135156865247,0.8046403732887498,-0.03593729431832081,0.2582030992358325,0.2927402921492579
2022-11-22,252,0.8058914494678694,0.8019461537253464,0.0007248920009064182,0.6511447231694979,0.6671630285298806,1.1580777166211529,1.6937402336561562e-70,3.96209444363862e-51,0.06379823086335018,0.7275883095562162,0.791330625956318,-0.08496677549090192,0.6542866463684966,0.6539199558413795,-0.10017278087518156,0.7718045697578881,0.8078824581438645,-0.03470676199597961,0.2762220414938243,0.31381489776308813
2022-11-23,252,0.8066293956703667,0.8026990988343986,0.0006162523181094074,0.6997173383464226,0.7104513523925301,1.1556233743532112,1.6102709874227733e-70,6.03830837486358e-51,0.06002496762551471,0.7419026372361514,0.8030514673324898,-0.06301441071839164,0.7400433672626573,0.7340900566187911,-0.09710413894395564,0.7763827165616004,0.8097847431122294,-0.03643728527223161,0.25149517632303964,0.28784011354965255
2022-11-25,252,0.8061677652571478,0.8022280856892037,0.0006904545885642681,0.6658614760755597,0.676150386965034,1.1555858567333925,2.350724553469987e-70,1.0864103322910154e-50,0.060551416177741346,0.7400312556223301,0.8015025160237039,-0.0591345264720437,0.7557995543645271,0.7501182894251249,-0.09827287704373133,0.7742679981427267,0.8080682974404505,-0.03623465604052391,0.2550531428030977,0.29119231578679683
2022-11-28,252,0.80653121478097,0.8025989223984694,0.0005449750662314941,0.7333087794245128,0.7431037837446016,1.1545663520334304,1.920772710262664e-70,4.3058972689406845e-51,0.02236278856077549,0.9043560792706943,0.9266398287547724,-0.04273945172683413,0.8223861099491596,0.8155716458998449,-0.05169620024776972,0.8808656468015822,0.8988765541407612,-0.05110890709267834,0.14599387620131402,0.16388228905161595
2022-11-29,252,0.8038131345482726,0.7998255966325871,0.0006417534059271503,0.6886100577528426,0.7005947622653629,1.1563112691339479,3.598291191277425e-70,8.487517665530918e-51,0.015662689410428185,0.9337062489890523,0.9494271150140394,-0.03517645860155916,0.853565788671501,0.847546424864659,-0.04148333847047375,0.904539435140719,0.9186311544734596,-0.05262364928095526,0.14508043455446637,0.1673817839599644
2022-11-30,252,0.8099938037294129,0.8061318891710676,0.0003372507064454463,0.8308636171901751,0.8369822083342033,1.150894408624664,7.566719991702436e-71,6.1170202714285585e-50,0.01564398897219481,0.9324229037249588,0.9489895889075033,0.007238863163415599,0.9693487697927394,0.9672469667753216,0.05806296100562752,0.865469352961988,0.8845349388738138,-0.06632465960347685,0.0650292047395486,0.0769354067979204
2022-12-01,252,0.8100338925550887,0.8061727928102734,0.0003510728435838213,0.8242740252698086,0.8314998683773971,1.1516851923602696,8.29145665767714e-71,1.508875156595755e-49,0.019463667159143966,0.9158642008769577,0.9363037381004539,0.003198345620399279,0.9862723789908463,0.9853064944877034,0.06047554302988978,0.8596960870941257,0.8795482743056858,-0.06481991466162806,0.07328441071138439,0.08794830067307645
2022-12-02,252,0.8101824708524072,0.8063243909916838,0.0003930803060508631,0.8034914589072814,0.8109947210467192,1.1507851389113766,1.2170900658983693e-70,5.26660398756196e-49,0.018532914022825857,0.9197130302399075,0.9391463752977051,-0.0020854444420897456,0.9910619135099132,0.9904351167788853,0.058738421226365745,0.8635503818593382,0.8826624502134361,-0.06607360171818402,0.06823671694561032,0.08481418908399972
2022-12-05,252,0.8091328626414914,0.8052534492805461,0.0003315130539163667,0.8337730447064922,0.8390625017223112,1.1493458405699122,1.8123205195309556e-70,6.075903177116314e-49,0.02138895287696431,0.9076093782333554,0.9300461013019354,0.00818714040984736,0.9648904786674368,0.9622378586993114,0.059533070122957776,0.8618255045086913,0.8810296380468786,-0.06695503020016873,0.06549428191398127,0.08194336183610426
2022-12-06,252,0.8195147067187436,0.8158463064487994,0.00013085596846219264,0.9319501916908137,0.9353264919038828,1.1739275573306784,9.833420034319224e-74,1.0720620077776977e-52,0.015182493785922194,0.9324019553225051,0.9497094119465834,0.0014799184484819983,0.9934667335691149,0.993345784290904,0.012536297196548418,0.9699319185311734,0.9752259971855002,-0.05011956263147896,0.1582948065432636,0.19387964414026593
2022-12-07,252,0.8202258829973144,0.8165719375297801,0.0001427356068155858,0.9255884273239363,0.9288936164033287,1.1710717430822992,1.771106582733052e-73,4.446839460743942e-52,0.004073903468786208,0.9818432379757874,0.986493424597487,0.008729717343139654,0.9614570982780676,0.9604320646670853,0.04436744998956932,0.8938956264127104,0.9123706385501917,-0.05865357506902241,0.10643303254697367,0.13664900381821327
2022-12-08,252,0.8212197049733897,0.8175859591395155,9.060098162030645e-05,0.952585227605317,0.9547896480149991,1.1729737732735455,8.659116862708316e-74,3.445085049938348e-52,0.023923969693068203,0.893857676534297,0.9212902603781726,0.012211025662189345,0.945993502979342,0.9448046736432741,0.0639190752740958,0.8475180757588495,0.8741551737606026,-0.053117452714809534,0.14561870354117376,0.18832680839191074
2022-12-09,252,0.8201006785743503,0.8164441883014713,8.100403732624753e-05,0.9575963164981823,0.9593736137092999,1.1724772399429648,1.4266520252119354e-73,8.322112000379972e-52,0.026363193128268916,0.8834110173228588,0.9137414258112699,0.010433096316200707,0.9538363254870168,0.9528215435155112,0.06419648950364021,0.8468863419237337,0.8737132356651125,-0.05276571731009522,0.14962105248971658,0.19380807704034575
2022-12-12,252,0.8228094018455452,0.8192079669237067,0.0002842544041935799,0.8504832171718886,0.8560719453302545,1.1669385229532474,9.086662512998375e-74,2.7807523277815044e-51,0.009878029616888648,0.9549998969220845,0.966689029735631,0.021738646702604336,0.9030354938402263,0.9008664987875876,0.07312204889012514,0.8243006551123304,0.8557760318100209,-0.06336401593033344,0.07855589728284114,0.09957500622131515
2022-12-13,252,0.8231688336622626,0.8195747042651541,0.00030798054235373334,0.838086886441679,0.844112047054439,1.1671305053598569,7.958692198901446e-74,2.6264689086329325e-51,0.020287520029734565,0.9072855602027439,0.9311209882938273,0.018455135821157653,0.917353690552834,0.9161145921730509,0.08544156003893094,0.7947972613637785,0.830966981430239,-0.05998364182481216,0.0944847110090643,0.11897174070021105
2022-12-14,252,0.8229098941567269,0.8193105017615384,0.0002662855312821227,0.8599499774032598,0.865601737550532,1.1670485759216516,1.0151026752604664e-73,4.569962195355717e-51,0.0332494520782592,0.8477488933414803,0.8863328020256421,0.02132158167703252,0.9047611580401649,0.9032494213774234,0.09501872719389792,0.7723044540121022,0.8121219124162723,-0.05704157351150971,0.11066603861964465,0.13877083056194547
2022-12-15,252,0.8218882986930333,0.8182681421624038,0.00024359498857925033,0.8717639855695121,0.8769400315742213,1.1666609444665013,1.0685512197047541e-73,5.121931079514646e-51,0.03435855056134021,0.8423927337792072,0.8817802028080248,0.021537529916239195,0.9033455004735582,0.9013723609607515,0.09318818858970718,0.7765380086616014,0.8154644970018308,-0.05608204278821479,0.11836257993235429,0.14779443968041947
2022-12-16,252,0.8223964394438394,0.8187866109772508,6.282612840105128e-05,0.9668852341301979,0.9683997127217351,1.1703392771554157,7.233238536440544e-74,1.0825342145741236e-51,0.046660481252614905,0.7872725108451097,0.839829107114951,-0.006950806748122318,0.9689072964783849,0.9684570031000543,0.09273105467439158,0.7781210843101614,0.816821437180852,-0.05382559535274826,0.13397875406870746,0.16638873809550392
2022-12-19,252,0.8224999333309375,0.8188922083986395,5.0384928427737573e-05,0.9734250293337596,0.9746166185309522,1.1710314105077244,6.20949109066983e-74,8.052530685253263e-52,0.03824406537738967,0.8245168516430392,0.8676671549572745,-0.015929083291171098,0.9288972984277961,0.9282106717885146,0.07301659038388836,0.824618046560972,0.8558172120396974,-0.05534923994073224,0.12269198243690058,0.1526910133645884
2022-12-20,252,0.8228435810376613,0.8192428408148495,7.912474051799249e-05,0.9583062902519935,0.9602489417724301,1.1715526787193196,7.967265684300598e-74,1.9326801773543356e-51,0.03474815147611082,0.8401156695795262,0.8794761691412579,-0.011838022020772554,0.94709647790632,0.946803398120271,0.06923512262186604,0.8336976139142075,0.8635415677078704,-0.055939361035247846,0.11875631694110332,0.14983574721637427
2022-12-21,252,0.8241718041186121,0.8205980602998848,0.00021718860076968324,0.8854876368099642,0.890512969110268,1.1738245815760087,2.3341158823601303e-74,6.978588823727911e-52,0.038802810785671854,0.8208062460090431,0.8649557771207088,-0.016403247417679123,0.9264243718086846,0.9266396557751801,0.07771789933105933,0.8126448120024493,0.8462691584317946,-0.05731707028516238,0.10848103133166637,0.1398088827224388
2022-12-22,252,0.8242119738806423,0.8206390465204927,0.0002843641299116683,0.8502409066567997,0.8553186970251612,1.1737967993361798,2.140857131033096e-74,3.551016797093387e-52,0.034570535396392654,0.8402413251967051,0.8795454189309327,-0.020543152910010076,0.9073409478161006,0.9069113026367309,0.07047659478986612,0.8295027902322405,0.8595177769867157,-0.05821524184424014,0.10497332737062204,0.13704729637993052
2022-12-23,252,0.8245712856519744,0.821005661376608,0.0003834699372551463,0.7987834233425893,0.8061349330054421,1.1764944480650117,1.427540758729087e-74,5.260865646287941e-52,0.03256844929763847,0.8491155319692542,0.886529675596241,-0.014168605465812167,0.9359060805816608,0.9357490228142975,0.07837244256977255,0.8104488635101437,0.8437642614739126,-0.05871653344203958,0.10105627602215009,0.13386332938284087
2022-12-27,252,0.8248553140610307,0.8212954627208078,0.0004551990977869429,0.7619941380544639,0.77009327245768,1.1756223269246862,1.4939982127379007e-74,8.698728903132631e-52,0.04301406751236256,0.8022009902811646,0.851677457396255,-0.013507325790003688,0.9387151227184727,0.938634822959362,0.08516295498561799,0.7942861298028251,0.8306320954787703,-0.05755538023414333,0.10775032776076539,0.1416078140179375
2022-12-28,252,0.8243342768385226,0.8207638353108503,0.0003929160231405655,0.7935799332298658,0.7994697084062332,1.177822067942119,2.8808964999809505e-74,6.010081598545124e-51,0.04303872919757823,0.8018430896575142,0.851211798197602,-0.014176290200123065,0.935660559807607,0.9357137362024325,0.08355493348723919,0.7980256890949833,0.8339839060235642,-0.056849665870404145,0.11204346547525595,0.14735565999932682
2022-12-29,252,0.8244988730974697,0.8209317770222151,0.0004714250717048679,0.7530914974342323,0.7602758697834844,1.1758823443708548,3.4345425400935625e-74,1.0563112429163066e-50,0.04056096660017841,0.8123061224812755,0.8591131283504703,-0.01948182777599139,0.9115826844905586,0.9118001808224578,0.07010769194374422,0.8298783675771149,0.8602884761190255,-0.058130401382213134,0.1037986357569475,0.13829973839125081
2022-12-30,252,0.8243690432501758,0.8207993083568867,0.00045235177809916684,0.7627659475962487,0.7695846344650955,1.1754089119535376,4.327670581441867e-74,1.9259922419351975e-50,0.040513808139258256,0.8124734794102804,0.8592258539625157,-0.020917092729075548,0.9050976878449994,0.9051856505914986,0.068231916940171,0.8341467387958177,0.8634692605118268,-0.058333977625417345,0.10265425039993799,0.13722916654766543
2023-01-03,252,0.8245343716893224,0.8209679971301623,0.00044040005068885337,0.7687666273815008,0.7753642549938261,1.1767468120306315,3.2184708140808026e-74,1.6247522717666053e-50,0.047225836796069676,0.7816530100709463,0.8355857953865251,-0.014967101137074001,0.9314310235604204,0.9306433410736098,0.09324043121551623,0.7720965887667354,0.8111085416233055,-0.05698682755074622,0.11018756045831624,0.14507222142360773
2023-01-04,252,0.8245370790425969,0.8209707595109423,0.00045767786779541894,0.7600892344654144,0.7667852029687112,1.1768072077096732,3.5010632110262873e-74,1.8244394518435578e-50,0.04530784387754086,0.7904761906549228,0.8424087409212577,-0.0021999411514691536,0.9899330776004717,0.9898613217066494,0.0867694865734619,0.7877922271301716,0.8237266849651914,-0.05715458357293776,0.10931654770085845,0.14474824187669494
2023-01-05,252,0.8252076480161243,0.8216549579351513,0.00035766624575031157,0.8110011794348346,0.8171995195387873,1.1772843248508673,2.032543509853221e-74,1.093768420315447e-50,0.04126349759240586,0.8083544402793174,0.8559269355491984,-0.011962465207405293,0.9452563229504642,0.944696090556033,0.076080699079213,0.8129611673653446,0.8450963210557122,-0.057849114089484316,0.10440005692422137,0.1395633584156106
2023-01-06,252,0.8244351770071615,0.8208667862959249,0.0003524971647438863,0.8136623200832234,0.8201935138532247,1.1771889291872892,1.7339055525027827e-74,8.87462893812166e-51,0.04153344542343701,0.8068477993238414,0.8543344437027984,-0.011067332741051983,0.9492625131913506,0.9487281033776749,0.07709346287093372,0.8105336406356484,0.843158228320905,-0.058655402829179096,0.10255862793774327,0.1400760230596824
2023-01-09,252,0.8247870960330353,0.8212258581475279,0.0005911351885842578,0.6924143172436257,0.6999089679218461,1.1786294081124526,1.1211652193813446e-74,2.9822121122758635e-51,0.03831786755416855,0.8214637561229492,0.8654945592023975,-0.04682673744129162,0.7897614854258012,0.7890283549576735,0.014647238022502618,0.963521597061634,0.9697501293893599,-0.05620158939293947,0.11667769145913709,0.15610071312490623
2023-01-10,252,0.8246605900972401,0.8210967809528751,0.0006434849305785553,0.6659814655947154,0.6722017606843365,1.1750680769375437,2.027843348781356e-74,9.347751221924337e-51,0.0259199425000676,0.8786919059830525,0.9093416993288136,-0.04766505581034408,0.7856092002976122,0.7846749792645852,-0.015658436195988168,0.9609643080619292,0.9677041204495722,-0.0588844190773654,0.10033187075366493,0.14147276141580079
2023-01-11,252,0.8269724094001933,0.8234555884530428,0.0008386979736401815,0.5711957368053253,0.580602807317603,1.1775411661607937,4.2404696068829625e-75,6.979523167922198e-51,0.039233668336122005,0.8153399579662695,0.8619895510919356,-0.04251075528603876,0.8071597953748564,0.8081037127559514,0.003287966697413547,0.9917508607023917,0.9932081165319806,-0.05500831723966847,0.12062474923771134,0.16359009214686915
2023-01-12,252,0.8245191632131362,0.8209524795386065,0.0005835670457057569,0.6951417432620597,0.7002583031993186,1.171836559199671,2.0421098109579615e-74,1.221260130061934e-50,0.08454586468141953,0.6133269473151004,0.7074522309508635,-0.06160944665347989,0.7254456637437617,0.7268226652508698,0.04336389309075106,0.8918874101736156,0.9101245505461458,-0.044949945251038785,0.20280106119499297,0.2630250698523422
2023-01-13,252,0.8221803400083375,0.8185661192767997,0.0003934432404389186,0.7927963287562705,0.7977874431705136,1.1647725416483903,1.0015225748794145e-73,7.621732199724669e-50,0.0923933752143275,0.5835685083605059,0.6839653934100873,-0.08647095193998172,0.6229386441292705,0.6293480194690043,0.023167168029136376,0.9425061554573028,0.952284705459668,-0.044173963812260755,0.21368178891486225,0.2697166691025741
2023-01-17,252,0.8233568565930794,0.8197665488002559,0.000401722545933982,0.7885006344344792,0.7918769834474626,1.166628255782179,1.4450513222548415e-74,3.053910979596731e-52,0.09111241436752107,0.5891411760940939,0.6883019332860513,-0.08631294120653538,0.6238459797010368,0.6315798327899877,0.030042019140012366,0.925774372320715,0.9387104164093893,-0.04449285814251327,0.21349427433105683,0.2750718699546636
2023-01-18,252,0.8234444697160104,0.8198559426777179,0.00037788086127650534,0.8007301148821664,0.8037724152644234,1.1665490346215455,1.5115471552994955e-74,3.1170113739927405e-52,0.09323499825852957,0.5803106603827823,0.6810703670295012,-0.08555066653809612,0.6268289862986998,0.6340197539724717,0.031925746498926266,0.9211414074015544,0.9347802597023129,-0.04431539054864859,0.2167263362876422,0.27907097018560134
2023-01-19,252,0.8235692734194864,0.8199832830418337,0.00046895567859112325,0.7539988666670832,0.7567335599996884,1.168382384713288,8.924073360865258e-75,2.2995783529827393e-52,0.10006259904307695,0.552706751249566,0.6563731730345015,-0.08509812846957354,0.6280135296871073,0.6363322049397582,0.034343227551306255,0.9150888039544551,0.9297555405118222,-0.03985367146617188,0.27313557215242945,0.33691093214602763
2023-01-20,252,0.8239909423862182,0.8204135225160194,0.00037313838444517954,0.8032519779290428,0.8050619448098728,1.1647257861154654,9.814297611186866e-75,9.721782668587371e-53,0.09024424499566122,0.592209769876347,0.6880317917347136,-0.08744502490062034,0.6208649805087345,0.6285429570128285,0.02207620225655088,0.9453997048074725,0.9548958630195208,-0.041686441734638535,0.2518852655781145,0.31167377564648324
2023-01-23,252,0.8224245816406103,0.818815325169891,0.00022228249658896556,0.8824746250092663,0.884436435568386,1.1647516316221485,2.072321244191718e-74,6.102880986442128e-53,0.07014920469700377,0.6773404624952009,0.7552557723879778,-0.09057309856888124,0.6098685147496258,0.6157385091845876,0.004191051274965829,0.9896609452141113,0.9914486142891883,-0.044820048095483254,0.21989150404607194,0.2795375555171017
2023-01-24,252,0.8166995670894883,0.8129739485343966,0.00021753024335044902,0.8851168105513415,0.8864642201134264,1.159528471280118,2.867829567325439e-73,3.3521066407933757e-51,0.08444086966489445,0.6168517947706754,0.7063224826702585,-0.10661364884135727,0.5493144767797518,0.5581441391589981,-0.02208507270946397,0.9458383740656555,0.9552112994803323,-0.039137398636457085,0.2853066606668112,0.3362957325556414
2023-01-25,252,0.8199827507119445,0.8163238635312929,0.00047270175438671224,0.7512802115517019,0.7526108009744228,1.1616290997879275,3.2400922079142425e-74,2.4404778962046607e-51,0.10759714093453389,0.5207164840634881,0.6317185131242948,-0.08509446318725572,0.6299026154233744,0.6401916183746041,0.01549513747052872,0.9616730878943052,0.9683646953956743,-0.033625754191146634,0.35503925075800447,0.4083691601708024
2023-01-26,252,0.8199508064961831,0.8162912700428535,0.00045834046972632707,0.7586008544132729,0.7611834818261367,1.1618603356782653,3.6966372569601376e-74,4.258694049426971e-51,0.10560167062712245,0.5279479069466877,0.6377013264583036,-0.08411394914369169,0.6339114652209248,0.6438307618715314,0.014212574239533482,0.9648357844029296,0.970973735189648,-0.03377748031577457,0.3527690183639305,0.40623194162881704
2023-01-27,252,0.8199611814947846,0.8163018559154103,0.0004006111521437793,0.7882691598082862,0.7906315349650416,1.1616940933202522,3.801355773131378e-74,4.365260872050529e-51,0.1033535633665735,0.5369377682734191,0.6449299168804128,-0.08070159418419842,0.6483425322994448,0.6584663979032492,0.010517377546626683,0.9739775867597051,0.9785134827777033,-0.034191537634482606,0.34720905549887315,0.4013528009008904
2023-01-30,252,0.8212229455965798,0.8175892656290307,0.0004999154857593141,0.7365312723693447,0.7419518154147224,1.1631976356626086,1.6089600211118394e-74,1.2449732689889014e-51,0.08833692378595738,0.597209987722775,0.6935885765657734,-0.10433470120068822,0.5561717942303492,0.5689807979566825,0.02289338626398274,0.9432204624600896,0.9533024247881836,-0.03889145107359465,0.28461865468912134,0.3466668471293871
2023-01-31,252,0.8213132748659229,0.8176814308591327,0.0003885639261192041,0.7932672936268151,0.7963945059029438,1.1646152994337553,9.82747391056832e-75,7.960100640493273e-52,0.07505209367428277,0.6528030798513724,0.7378029439716971,-0.10141840512329314,0.5665346080769729,0.5789527838946367,0.009225564200299907,0.9770737351584988,0.9812177385606676,-0.03803154572922646,0.29445491459585127,0.3551223590167695
2023-02-01,252,0.8218931777659666,0.8182731204034863,0.000288295278575171,0.8453447544462488,0.8470580236013983,1.1660018884654095,4.985198621737298e-75,3.6482388510400635e-52,0.07586101979063335,0.6479721703101772,0.7337250464850311,-0.10323596751414832,0.5578868235426494,0.5700039964469134,0.021867658181304706,0.9453372025607112,0.9551132106832241,-0.03521715775666383,0.3304191984238154,0.38684278711973497
2023-02-02,252,0.8221925539557782,0.8185785814752046,0.00025509458891213627,0.862585779604662,0.8643656136913733,1.1663172340295698,3.1660489487472006e-75,3.412745993684137e-52,0.10531200359832808,0.5205996243213622,0.6294875832692868,-0.10855802740370324,0.5370767454896963,0.552862395666494,0.028077166019804534,0.9295681490235779,0.9423512073553449,-0.02645720023691627,0.4647659294163018,0.5135926096200663
2023-02-03,252,0.8220559962168322,0.8184392481724589,0.00023679827004661732,0.8723084537492196,0.8742156379447664,1.1699831281766104,4.3622222892730066e-75,2.007963912818475e-52,0.09140722728363283,0.577471066961678,0.6747261356093215,-0.12114087431398712,0.48635636906424395,0.50369774321566,0.04118882186853112,0.8967946732611141,0.9156033635442169,-0.02883303996258151,0.4246200837784182,0.4745180305058102
2023-02-06,252,0.8221803633599197,0.8185661431030076,0.0002788449197421196,0.8500722228409174,0.8541924234557279,1.1701094170895558,7.482569025721306e-75,2.471550246395903e-51,0.0919401735048914,0.576777869694739,0.6771343465427844,-0.12061475011884126,0.48949093969258795,0.5100713742435606,0.041812755023599546,0.8962145969424591,0.9168305475577444,-0.027991627249476084,0.4384510253387345,0.48957281875220626
2023-02-07,252,0.8203406537118745,0.816689040982441,0.00040850281513352387,0.7814818096431047,0.7892538709826341,1.179092604103867,3.8191942862340005e-74,9.59871719817581e-50,0.08186017489647286,0.6190844654157137,0.7118284956469983,-0.11631369907060268,0.5042432874523919,0.5266433619977412,0.057180605573474375,0.8582470184714992,0.8859828191165621,-0.028874648143684605,0.4233326846424357,0.47845616929457635
2023-02-08,252,0.8198106791104716,0.8161482945395462,0.00048582613167529455,0.7413987142689519,0.7518424842292306,1.1819116174609237,7.146684806773792e-74,8.146834548399227e-49,0.0744678581618774,0.6517215076141916,0.7385797996392187,-0.11152099451443198,0.5222052946990355,0.5439439167342457,0.057308489394295614,0.8578368450189956,0.8854655876968733,-0.02914662542996237,0.418762193914743,0.4752583763979754
2023-02-09,252,0.8211072501567283,0.8174712186558488,0.0005253800747886202,0.7208002748288758,0.7318064540290978,1.1820881395876945,4.125181728037017e-74,6.131533246563911e-49,0.07464599782170658,0.650616836767206,0.7380898429912176,-0.10299549399050878,0.5536743627715833,0.5735219967095171,0.07823252377095052,0.8064865114509099,0.8442526958436607,-0.03109530559799469,0.38845562014549595,0.45121364661182906
2023-02-10,252,0.8216292117912014,0.8180037892666323,0.00037361340325214073,0.7989081609400042,0.8080267390989185,1.1842049907499899,2.1137264054610817e-74,3.331015409348727e-49,0.06695913847521015,0.6838602532205298,0.764115310779482,-0.11167113442694931,0.5200752966845561,0.5433188736599377,0.05830679083593232,0.854689443513244,0.8835493988874754,-0.02905042874086086,0.41973302234382104,0.4771091439621985
2023-02-13,252,0.8215749267518666,0.8179484008728395,0.0004241702766737275,0.7721957246077306,0.7838132795777351,1.186652640575604,1.3393042790192833e-74,7.182641643143049e-49,0.07104538075161984,0.6653021970141197,0.7486194520982346,-0.10890195093047506,0.5292640310636911,0.5538388570807444,0.047261091275080214,0.8819219607880338,0.9060062321683638,-0.022359829299172993,0.5416290219650102,0.5863902141408015
2023-02-14,252,0.8215119456224571,0.8178841396391737,0.0005160709060794495,0.7246800640052036,0.7389001278124385,1.1877275172583455,1.0283761647810464e-74,6.712797607449021e-49,0.06915444246055008,0.6725253219284537,0.7534623481784236,-0.10526014041519727,0.5430961325524608,0.5670783082899904,0.051325041351693745,0.8718194777204552,0.8979127150228807,-0.021102470204786464,0.564879083223653,0.6087243854537208
2023-02-15,252,0.8210646494522902,0.8174277520834343,0.0003625424211890526,0.8054438069534792,0.8142878989919731,1.176139309488689,1.282942829404684e-74,3.69103345785379e-49,0.08174355590504068,0.6188030444140211,0.7102027401212777,-0.09424502803496931,0.5904950679882437,0.610484567011746,0.01928932016891638,0.9519330972234759,0.9618529847706443,-0.01977186861526137,0.5916233328242532,0.6293563018499282
2023-02-16,252,0.819829082850711,0.8161670723395466,0.0003393941034804085,0.817397808099545,0.8251438108060458,1.174591528310641,1.5203164711449874e-74,1.2678691162309347e-48,0.08803078671040254,0.5917983869613204,0.6894381310735984,-0.08127194117789988,0.6429725490164399,0.6615947020803957,0.02258487433435369,0.9436735009453192,0.9554121596888406,-0.015063069292121692,0.6815931301046818,0.7101935146198243
2023-02-17,252,0.819846886827986,0.8161852381862784,0.0002855535751300299,0.8459706948262962,0.8515962706130747,1.1724529526519503,1.482805405800798e-74,7.494505499493389e-49,0.09236111196474658,0.5739381889010631,0.6744347541118954,-0.07995156790938657,0.6489398782397493,0.6668409923387286,0.024100882041248606,0.9399382579293449,0.9523638419486246,-0.01496939772791702,0.6847429741101325,0.7134931050821032
2023-02-21,252,0.8186483169941235,0.814962307176931,0.00015572096948698834,0.915518244359012,0.9181162961979489,1.1736714916954116,1.2365887572240605e-74,2.308347193083094e-49,0.08574514676002362,0.6018371684800585,0.6971796187735912,-0.09240972351498472,0.6004872765966021,0.6247063566894426,0.028394178679714277,0.9291727937425962,0.9437461268964114,-0.020717524415749793,0.5734983123690479,0.607566196154044
2023-02-22,252,0.8189041047363372,0.8152232938569945,0.00023406630657582745,0.8731544508938923,0.8771259636950706,1.173363837251905,9.915559683215277e-75,2.3230077117272477e-49,0.07916079313507918,0.6298777784183807,0.7204353347410744,-0.09120604092653412,0.6046577619125764,0.6280873718027087,0.033678746137089544,0.9158318013648374,0.9329996509010147,-0.022524420889994304,0.5400728291660247,0.5779112990932003
2023-02-23,252,0.8179737190415229,0.8142739978838303,0.00028552462531424515,0.8457232038656827,0.8501745118768532,1.1724291685774144,1.5183525070457531e-74,3.777597661689297e-49,0.07806806642247605,0.6348450223387541,0.7242873991600707,-0.09663403396455778,0.5832231276232707,0.6073468859994584,0.03103724169990285,0.9224722275909281,0.9382265339579048,-0.023760517319868044,0.5177426580671671,0.5566345559343404
2023-02-24,252,0.8181807842112683,0.8144852716952371,0.0002657642689098724,0.8562905714650748,0.8615242275440613,1.1716484278703905,1.5174133030145912e-74,4.390667948357965e-49,0.08089338707468649,0.622727909434954,0.7148115337079534,-0.09819683378613203,0.5770270309025887,0.6021699610251998,0.04060220373784984,0.8986290949067373,0.9189598733475132,-0.0247787196693429,0.49997648783866777,0.5418050988163341
2023-02-27,252,0.8196248221322151,0.8159586599804309,0.00037738886529758335,0.7962238969274326,0.8017279572304895,1.1729614591948576,6.369092433728137e-75,1.8319421934979544e-49,0.1058385366175103,0.520542438281582,0.6329265253219589,-0.06506664306495452,0.7132254985156133,0.7157115762361033,0.12784765014432786,0.6926917768211258,0.7418140330467198,-0.023513304022901547,0.5204863223727878,0.5592452823139922
2023-02-28,252,0.81995132204547,0.8162917960707845,0.000256299144949978,0.860339308115553,0.8669262070792942,1.173927081416402,2.774720932474264e-75,6.738538639359457e-50,0.10101401730065486,0.5383324084768892,0.648670593209268,-0.022673588915910425,0.8991080616268482,0.8933572745469022,0.1712233932470597,0.5968122939737439,0.6554703639000707,-0.02215764222715086,0.5432656725179619,0.5760687553927032
2023-03-01,252,0.82419980734513,0.8206266326976733,0.0006083310962394603,0.6726057253257678,0.6894967666130096,1.1990533394292244,2.516106327591094e-76,4.455632532504464e-54,0.10696231658041666,0.5084766878576518,0.623172362013298,0.0001376616952746823,0.9993783456500267,0.9993421742321839,0.18933961212499362,0.5531937142879773,0.6163414771360856,-0.007604115137826276,0.8345430391169388,0.8393252566789671
2023-03-02,252,0.8243561197987852,0.8207861222337198,0.0006573971853752652,0.6480449137564803,0.6684482254337791,1.2024520355454884,4.271839049659954e-76,6.761961240997582e-54,0.10771109098710233,0.5050837207280051,0.6195461040351835,0.022827146050237,0.8994606570707728,0.8925920644055421,0.21461129206308904,0.5047895163192816,0.5664052958806565,-0.005203178823725884,0.886653074300356,0.8890869310998484
2023-03-03,252,0.8247853387959575,0.8212240651942493,0.0006795274077845599,0.637141224630865,0.6588365208265278,1.200512329719631,1.6270703963495286e-76,6.061868651383535e-55,0.11116040453601703,0.49115905442877295,0.6071278522014143,0.025730080687448698,0.8870868700878836,0.8788330448095112,0.21372045024761355,0.5066611178166238,0.567767122959082,-0.005471328486529224,0.8809544869058179,0.8833988229960008
2023-03-06,252,0.8244068804962097,0.8208379146526368,0.0006591834416529313,0.6470476370033731,0.6662570324335704,1.2003963790117322,2.0761111507918336e-76,1.1802639874040868e-54,0.11095649171589686,0.4920002244769478,0.6077576909242128,0.026356689498388042,0.8847474180651707,0.8770355732727365,0.21570254434858516,0.5037386250209639,0.5667573530659551,-0.005663584341925754,0.8769152304917084,0.8797373308723344
2023-03-07,252,0.823243771502354,0.8196511652320766,0.0006290698268591661,0.6617501056688129,0.6785552636150898,1.204683262365085,2.883592274493565e-76,9.703467506998567e-54,0.10071517692873812,0.5336916074949023,0.6434044310029964,-0.002378732695378083,0.989712584009943,0.9889678975547079,0.182741988333667,0.5751891432568226,0.6352650167959192,-0.005955168134526564,0.8705276178030328,0.8739685053865766
2023-03-08,252,0.822891776641236,0.8192920160038628,0.0007110624337198769,0.6211936997945868,0.6403673816263526,1.2049264502182453,2.629973505047083e-76,6.953730278344498e-54,0.09817577418539854,0.5441684277334767,0.6528694281963023,0.011884281797333918,0.9492297320994647,0.9474568231240984,0.19690132530571747,0.5472739983567738,0.6125188624207734,-0.005112052516971508,0.8889239485147896,0.8907318402632992
2023-03-09,252,0.823381833028678,0.8197920328869844,0.0007440676071391234,0.6050037958805391,0.6264385838709743,1.2027948995473756,4.1408629481319456e-76,3.9514489611335626e-53,0.11159234137043482,0.4919184618199789,0.6121126698501931,0.0025521108183862995,0.9892446443729869,0.9885046194884879,0.17417616467633534,0.5945807282703021,0.6509114795237865,0.0005392018374723272,0.9881081495425131,0.9881129927762038
2023-03-10,252,0.8250541345656032,0.8214983242925463,0.0009647170889598975,0.4993038128269566,0.5304220792951084,1.2103157786917993,5.692122557730376e-77,3.266068267577287e-54,0.11193152782513077,0.4872944804075593,0.6092183903714687,-0.10647424390350085,0.5877897896062594,0.47941335970113874,0.022112671154492225,0.9471158022153884,0.9519894880136167,0.003277576797793086,0.927045444367926,0.9277317304286407
2023-03-13,252,0.828616374510837,0.8251329674886996,0.000574371613079334,0.688526691173414,0.6964587693657776,1.1826845553503555,5.3572536972214847e-79,8.852223098803448e-55,0.1433732947438684,0.3766362618158374,0.5107188047612046,-0.19134284416421832,0.33288124022412313,0.2377377635296477,-0.02159278631773709,0.949007604846372,0.9540046785267601,-0.0018509872082777632,0.9590539662516959,0.9585790908175321
2023-03-14,252,0.8282429865859944,0.8247519903783926,0.0005110187293576323,0.7216378375577056,0.729825112418796,1.182957822118604,6.233911977109916e-79,7.13613639411498e-55,0.1442970261764138,0.3745827002265839,0.5089436546947406,-0.18981032747200188,0.3373170144226699,0.2409586708397774,-0.02787803190480498,0.9342621947946624,0.9406820987826641,0.0005586757719314461,0.987604558650523,0.987269542590557
2023-03-15,252,0.8286434910166146,0.8251606351429686,0.0005521567437067115,0.7001550718545764,0.7133830162777927,1.1850969769267974,6.312009647958349e-79,1.6603601433177517e-54,0.13483079443128793,0.4043815060499253,0.5347013828563023,-0.2169310472449909,0.269166400718925,0.1814283903455014,-0.06809170953293309,0.8382912525299486,0.8542400628667242,0.00027881618337443183,0.9937795437831172,0.9936664500905737
2023-03-16,252,0.8282086880572337,0.8247169947250637,0.0004050738281589168,0.7778652442514652,0.7887523484909722,1.18689370862907,8.14251345503462e-79,2.722044327935144e-54,0.12960835712785726,0.4250907265681385,0.5535790387428757,-0.19397525524012788,0.32698398007197504,0.23691734614833526,-0.0571833500682799,0.864187231464707,0.8776746457310931,0.003986896621700853,0.9108430327677648,0.9080548597630614
2023-03-17,252,0.8269490729779612,0.8234317777132856,0.0002626229168806256,0.8555009549845649,0.8628365046598067,1.1751205037246222,4.4832288064360026e-79,2.5339918366489494e-55,0.13843353514166934,0.39611436785824916,0.5264347905460651,-0.23577452512853486,0.23651945211549735,0.1788912654598961,-0.06242661571590857,0.8533843780573391,0.8690841268225767,-0.0026858688016239635,0.9397467197077627,0.9374997323026328
2023-03-20,252,0.8247731920144217,0.82121167152691,-9.729179833163322e-06,0.9946514247024173,0.9950044711768615,1.1781130506364204,1.288197805795231e-78,5.044129569488962e-56,0.13357947783930688,0.4164711975495894,0.5405638947896286,-0.26645545623839606,0.1876935698741299,0.13294553674058374,-0.07141673426156925,0.8339432396260396,0.8512704607596793,0.0006639374404024375,0.9851817088390722,0.9843268171429046
2023-03-21,252,0.8247659653466984,0.8212042979756964,-1.5975546902991748e-05,0.9912138579879498,0.9917191294431766,1.1778124271752417,1.2957934202938076e-78,3.3669063611458795e-56,0.12785134374034487,0.43619335072861154,0.5577873507375868,-0.283936064968152,0.1549056526659906,0.11039236148847496,-0.09542828825289684,0.7787291578400252,0.8014202882528044,-0.0005071296927032847,0.9886309341917561,0.9879991434157601
2023-03-22,252,0.8250718457428398,0.8215163954530601,-3.182784760580944e-05,0.9824911976813379,0.983428108736146,1.1780688033496134,1.294602666635128e-78,4.94701920660456e-56,0.12741455352480166,0.43587309937641805,0.555734426522275,-0.2853840726510697,0.1525285341744855,0.10750324157410467,-0.09931188555435777,0.7678578850025186,0.7896925542127462,-0.00030368257407623663,0.9931936704852383,0.9928217000535501
2023-03-23,252,0.8255623223627269,0.8220168411099368,5.144530586692446e-05,0.9717052166639408,0.973239033772046,1.1794810785606578,9.054792653053343e-79,5.189156315170908e-56,0.13287598838201917,0.41639611203934934,0.5389846935410598,-0.2768073515566114,0.15637561772680633,0.10457346182105325,-0.08408058785011091,0.8004299514326081,0.8195481838897783,0.0004591093093395974,0.9897068133403965,0.9891620313255419
2023-03-24,252,0.8258172323993266,0.8222769322448413,1.0311454487009486e-05,0.9943262719585535,0.9946703022904905,1.1790567612027452,7.568430528755076e-79,2.9179738402037444e-56,0.13584058245451855,0.4064755626872497,0.531061255826345,-0.28199901111927206,0.14958329837868134,0.09815321392132285,-0.09066913943539084,0.7847716552980057,0.8041088426465278,0.0008658357096907659,0.9805726185643094,0.9795127210713003
2023-03-27,252,0.8255863588118235,0.8220413661047468,-2.3822695685360397e-05,0.9868923638312177,0.9876625239767853,1.179358489973573,7.60796905351831e-79,4.15084106614072e-56,0.13928935837965328,0.39448252596639477,0.5203173420757301,-0.26745775642980624,0.17175667667186098,0.11861993348820378,-0.07139957720860107,0.8301657095766004,0.8459590599255201,0.0014816094151505269,0.9668216124443014,0.9650960212970838
2023-03-28,252,0.8248917164375885,0.821332604983068,0.00013814980180885603,0.9243279524135901,0.9287312018662051,1.179362784619545,1.2936947275617078e-78,6.14511558250756e-56,0.12739798050941828,0.43667344256366003,0.5565779608630019,-0.2563788197998873,0.19087131260951423,0.13812781710861807,-0.07554574103989281,0.8209600973241238,0.8367259352050789,-0.001749314941152335,0.9608953288795846,0.958998063551658
2023-03-29,252,0.8218061519688344,0.8181843257893392,-5.278407914169076e-06,0.9971192484811595,0.9972841333309355,1.1770817928013506,1.017872189652012e-77,6.921345749703524e-55,0.11477596110638488,0.48538202476255565,0.5980834710942,-0.25461380822963153,0.1965776144616129,0.14330685413105104,-0.0968831654772761,0.7726670011485994,0.7919336334532544,-0.002389185699276779,0.9469227551614563,0.9440406605139178
2023-03-30,252,0.8214764059648649,0.8178478776308175,2.514289144773911e-05,0.9862949554615543,0.9870951365840213,1.17612229468498,1.1591579608899921e-77,1.2481029385472387e-54,0.11674671426638641,0.4781216271884535,0.591597684425268,-0.24412117601907707,0.22301855866994214,0.1767373529708436,-0.09048376980318285,0.7897371844029263,0.8097459189485641,-0.0022652473105070053,0.9497178113938729,0.947056251887477
2023-03-31,252,0.8216120486871941,0.8179862773190476,-2.7752896025898038e-05,0.984865551498471,0.9857523941851694,1.1761888592567389,1.1193716100037332e-77,9.358446824951093e-55,0.11546211785584731,0.4814239547397895,0.5939489373316054,-0.2457376421318193,0.2201132854954673,0.17347979783303824,-0.08815984102664043,0.7950138198266481,0.815308650590215,-0.0026777720370275322,0.9405066332045575,0.9372969563030276
2023-04-03,252,0.8208816327562364,0.8172410155358347,1.813419153477735e-05,0.9901229260832175,0.9906497528987562,1.1742118868399385,1.5473083556274254e-77,1.7545749869898523e-54,0.12018060388126403,0.46432646537305977,0.5791773198026089,-0.2500431279796029,0.21515945901788855,0.17247109738800503,-0.10850189510158514,0.7503354835056879,0.7746599128244166,-0.002729594169113376,0.9394481760962579,0.9361509439745478
2023-04-04,252,0.8208841670391689,0.8172436013285829,-1.3482128324441341e-05,0.9926521487580244,0.9930442261914921,1.1733215234786831,1.5855521199225507e-77,6.992679860785392e-54,0.11877908818518404,0.46891844459930343,0.583830827144333,-0.20524664609059218,0.3078100297516377,0.2739225631099833,-0.09485688683148641,0.7806902170130309,0.8027107130384714,-0.0011600885779273363,0.9742356568693257,0.972749526734962
2023-04-05,252,0.8205364739960027,0.816888841353645,2.0557848849993808e-05,0.9888036433377339,0.9894133185608008,1.1740444444887825,1.7130697288332892e-77,6.320798138772069e-54,0.11705494152476525,0.475843183167449,0.5892693848886545,-0.21242154772256078,0.2934961993230417,0.2609248562068216,-0.10525403394491006,0.7587188849062542,0.783043406392822,-0.00019807275196956353,0.9956119743341901,0.9953537043157961
2023-04-06,252,0.820107690338794,0.8164513425814525,-2.5240676281709394e-05,0.9862683764387841,0.9869778121083441,1.1744834978998564,1.8433211720063845e-77,6.970924934219317e-54,0.11928634746096525,0.46867132462349836,0.5822364880109199,-0.20829882014452872,0.3030860581485132,0.2717002158469948,-0.10083349963735933,0.7687119197935779,0.7919741790169459,0.0011996693340815372,0.9736637819099712,0.9722120235674139
2023-04-10,252,0.8162001103628318,0.8124643402482552,-0.00019429843958693573,0.8953339666846016,0.8991870813075894,1.1631707016032693,1.775578162679493e-76,5.774780141107645e-53,0.11004301978217307,0.5068803359464966,0.6149828112326952,-0.18715871348086327,0.35768785770517464,0.32828271846582335,-0.13218712789868137,0.7018693456807286,0.7312953776296527,-0.0032626737442315625,0.9288685306459804,0.9249214493416159
2023-04-11,252,0.8149864350002031,0.8112259966871991,-0.0003676380172111548,0.8039527996038702,0.810985036320738,1.1616041605650704,3.6769432471094615e-76,4.657570469409751e-53,0.11176367754933764,0.5015502626393396,0.6088653201538035,-0.20368934880893563,0.31996476449503924,0.2856989464721351,-0.1386687110856618,0.6896728829055597,0.7195995878194785,-0.0033614643630606143,0.9269648689245199,0.9227001466022987
2023-04-12,252,0.8151781800362061,0.8114216389800315,-0.00037082740535102033,0.802146212452119,0.8066287398321441,1.1637340096991675,3.1189421775280755e-76,3.4429797985714344e-53,0.10814351764333888,0.5149326268708243,0.6199083209923671,-0.21916019398190234,0.28466969187806185,0.24921509641653816,-0.17364633738290092,0.6155769596650396,0.6509405269251205,-0.0019493162190916818,0.9576396559074536,0.9554024430321041
2023-04-13,252,0.8129617665317601,0.809160176420617,-0.0002897609609909422,0.845534718198467,0.8474069099365624,1.162888415857895,1.1014992040525775e-75,1.8263583130559695e-52,0.10462941537564432,0.5313172865324751,0.6329616387815499,-0.18661269956903176,0.3619061921883878,0.32932015745668697,-0.1456236080949127,0.6749018300090246,0.7021984312144529,-0.008097932019515405,0.8273695331495823,0.8213527098782314
2023-04-14,252,0.8115467574433778,0.8077164069849099,-0.00015365039092335052,0.9180945579180257,0.9190681661161708,1.1645328096166307,2.0500948511658754e-75,3.0021785125810873e-53,0.09386079980681919,0.5759989057340833,0.6684249818088797,-0.22622267684295283,0.2740773965372518,0.23519884263777902,-0.16246913598618806,0.6439797115525443,0.6727098659862238,-0.011178932482327715,0.7643543718594339,0.759961136053136
2023-04-17,252,0.8102899829257761,0.806434088269796,-3.591874284482018e-05,0.9808711740862273,0.981323929351672,1.161248990542513,3.8936313316161715e-75,4.190845017219347e-53,0.10312147955704043,0.5400610501203933,0.6370950939099649,-0.21996360764980583,0.2888519667170888,0.24739132791029161,-0.136249629611904,0.6985416001625104,0.7216798675936633,-0.011842912525873096,0.7528705132052922,0.7482429052819746
2023-04-18,252,0.8094388140505976,0.8055656192142276,-0.00014413193107811612,0.9234763294983663,0.9241008042692977,1.1593355926227265,5.936108534695377e-75,2.776195046469675e-53,0.10764688982355625,0.52309381735856,0.6220703661679743,-0.22328576992953086,0.2824263432981675,0.24057531417607447,-0.13247485272462667,0.706979308503245,0.7294249468150179,-0.011827732634142857,0.7535970362362294,0.7482317550644426
2023-04-19,252,0.810598412794951,0.8067487870387509,-0.0001848868271042191,0.9020767370382006,0.902958634122387,1.163758677967362,1.9516194893268065e-75,1.9255084489615685e-54,0.10397754028036313,0.5379600361545203,0.6334760284851372,-0.21035564720623445,0.3139567155992926,0.27316748113707423,-0.11535576348660825,0.7451037220193595,0.7642373424986693,-0.011400628794876154,0.7626576649337522,0.7565713482875965
2023-04-20,252,0.8094658959565426,0.8055932515654154,-3.177087212153252e-05,0.9831838198249958,0.983354505979445,1.1626832628032466,3.7208170230291247e-75,4.490125270358566e-54,0.11052736600921195,0.5149843263613363,0.614358806326178,-0.2091642768528234,0.3201601758808309,0.2811685347862508,-0.11931293189791414,0.7374450887689417,0.7563307163577133,-0.009343194304841297,0.8050735472218236,0.7996316166173024
2023-04-21,252,0.809898761196454,0.8060349148793088,-5.369712369308259e-05,0.9715886177289772,0.971961244149685,1.1636737995312756,2.692043052707028e-75,2.823925247930086e-54,0.10733601384341007,0.5282913421418298,0.6258189791990822,-0.20065953711675988,0.3380285214836857,0.29988980067717796,-0.11417832377019554,0.7486224359204725,0.7677688521603566,-0.009732085625803886,0.7976175932846168,0.7916770999582681
2023-04-24,252,0.8094520545673993,0.8055791288472245,-9.543913603888665e-05,0.949569773099374,0.9502133820288076,1.163440351301909,3.162927553062725e-75,2.5306727238172566e-54,0.10820903444375124,0.5253344410071807,0.6227058355058196,-0.2011509251282299,0.3375800727177941,0.30023821837643405,-0.10708089542004279,0.7638585623569808,0.78212219232681,-0.009610910117985736,0.801321945408829,0.7966507639050896
2023-04-25,252,0.8097660601903593,0.8058995166982935,-0.00026112289323225934,0.8625896688239182,0.864164062008787,1.1583992058232457,3.730105512620696e-75,8.168898742918505e-55,0.10041779261843237,0.5558801437804735,0.6484158004239496,-0.19380661571873448,0.35587354705968843,0.320776005262724,-0.10619754150256411,0.7655208450894357,0.7848761166777215,-0.01927510354470098,0.6208611428571735,0.6112894364557435
2023-04-26,252,0.809801513198771,0.8059356902963071,-0.0002394745737457015,0.8738569602720047,0.8752464444165279,1.1589253063129117,3.5912804285666635e-75,6.194195753509975e-55,0.10197646424752149,0.5494311786776528,0.6426044162667888,-0.20108388625140206,0.33999894381560336,0.3051025316255336,-0.10158079501568484,0.7745573732209028,0.7921384348460263,-0.01964549952825579,0.6141107976312996,0.6041065798030196
2023-04-27,252,0.8081622380205964,0.8042630965169499,-0.0003650953331081545,0.8092240588723354,0.811510256811887,1.1587869492819665,5.082597295533259e-75,4.78098193748856e-55,0.09473288321930012,0.5796434006064413,0.6663733316600307,-0.21191619904194253,0.3154749666114039,0.2788921583294254,-0.12529516557450926,0.7238012479057752,0.7449533915784621,-0.019884748385734216,0.6166973830937645,0.6078721399471869
2023-04-28,252,0.8079796960046147,0.8040768442973915,-0.00035489788249642887,0.8144808664429055,0.8175403947133684,1.1597801781034347,4.963945479997457e-75,4.894819685732035e-55,0.09296792739521811,0.5869875944691509,0.6727008394221922,-0.21397337988716383,0.3104676107788155,0.273258199922922,-0.12225641319215658,0.7303753580490697,0.750453153304331,-0.02012739342813224,0.6121279368342012,0.60297856831615
2023-05-01,252,0.8076785411731946,0.8037695684328123,-0.0002775353770782035,0.8545848602546448,0.8565063234455834,1.1574258193445042,6.37877777818777e-75,6.292821178844415e-55,0.10149202727902831,0.5566500440219531,0.6499259826947081,-0.2102645491901613,0.3210697842245049,0.2853406044663577,-0.10687137823454701,0.7658052198783043,0.7848079898177249,-0.019363252887598804,0.6260664253052355,0.6165788523287435
2023-05-02,252,0.8073683732211221,0.8034530962540718,-0.000262229341843433,0.8624558403375323,0.8642396907302652,1.1577827175255748,4.749393743165634e-75,3.788763261555302e-55,0.10154665908253072,0.5612192529284001,0.6596272267352667,-0.20777810204803182,0.325174103228284,0.29146251890843644,-0.10629743377617518,0.7685414729165476,0.7901364130079291,-0.018796816621657983,0.6344699085970407,0.6240993907603813
2023-05-03,252,0.8075271771180044,0.8036151278724354,-0.00028550633771335233,0.8503795950658767,0.8517470949577618,1.1578869024128902,4.0598397592237905e-75,3.212859045099259e-55,0.09639193168568999,0.581017306597012,0.6754225453572401,-0.19275026965015904,0.3662500055570971,0.3381032813796895,-0.11238504471805771,0.7550155431057904,0.7764872956865138,-0.01847848402888124,0.6399896041832356,0.6299215890366283
2023-05-04,252,0.8074196141864989,0.8035053787024846,-0.00028536842176444827,0.8503194334858613,0.8512977790440589,1.1573750630497517,6.186976533814067e-75,5.925155050033438e-55,0.09314560438690181,0.594143078048551,0.6861544754912454,-0.19305782646504904,0.36492131207650336,0.33847033282998584,-0.11317392419478023,0.7532568969366689,0.7752143638828701,-0.02005181586313931,0.6134751151283757,0.6032577031790496
2023-05-05,252,0.8068929380515044,0.8029679977679984,-0.00014747514266436035,0.9224574847447191,0.923313642285525,1.158001665009778,8.011217296834914e-75,2.081476619721127e-55,0.08630179830905202,0.6218495981758778,0.7089903338144548,-0.22389725412946654,0.29222333060180083,0.2654350454086327,-0.14050392601072925,0.6970411769226829,0.7229021484183984,-0.02682029996245983,0.4970345207808584,0.48557721044291424
2023-05-08,252,0.8094143283375725,0.8055406358241086,-0.0003153736566334493,0.8342817763668947,0.8356803322546789,1.1618166172511009,4.9988335201455726e-76,4.029160283274708e-58,0.07796895290649083,0.6540035818927115,0.7355906428993767,-0.25838302049277373,0.22267770385888797,0.19793048405941427,-0.19537231364663293,0.5872176300962175,0.6232349407074451,-0.03583043559474796,0.36583087898928013,0.32776226663058605
2023-05-09,252,0.8092981532207735,0.8054220994244478,-0.00028575516133090865,0.849584469659446,0.8509304466703028,1.161797677684747,5.266925213120765e-76,4.571845983887631e-58,0.07754251172086657,0.6565049088701473,0.7379213339346338,-0.2551272679012263,0.22823192629558522,0.20332263124567196,-0.1912473735740789,0.5946961643362115,0.6301499395246011,-0.03582115589502795,0.36725200353306076,0.330407404567551
2023-05-10,252,0.8011962390072774,0.7971555121578319,-0.0004085751173136191,0.7858968466041326,0.7872847628568862,1.1718924103320187,5.989690387955889e-75,2.594311828375019e-55,0.07822906791224268,0.6529108392253467,0.7351175640665746,-0.22770636594274962,0.28411232127830877,0.24647591589797924,-0.1298303673931414,0.7205761410971568,0.7361726769726252,-0.039288282947184304,0.3232812770913547,0.2766702972210957
2023-05-11,252,0.8010088093072478,0.7969642729110537,-0.0004501274369730424,0.7646191428418178,0.7684483366687733,1.1708494502000844,7.458664362921093e-75,5.184163179368786e-55,0.08152822894704723,0.6393212089286546,0.7252019784153716,-0.22260351518078925,0.29536840281331067,0.25840912864217824,-0.1298428334054948,0.7202298888872387,0.7357862852751712,-0.03816531228184667,0.33788075921149285,0.2948820841461286
2023-05-12,252,0.7985680854376356,0.7944739408327095,-0.0002576536259487665,0.8632096229502872,0.8638349058879069,1.1631040327132989,2.8448641398183886e-74,3.513792637341855e-53,0.053796743071028344,0.757216583890555,0.8156963703463248,-0.18903161419766762,0.3724321850257466,0.3431593079302996,-0.10829582946426797,0.7632313956519663,0.7781217619570191,-0.04578245337897003,0.2512224748227467,0.19997199337181304
2023-05-15,252,0.8032887232982735,0.7992905266173441,-4.935002508206856e-05,0.9733013554417967,0.9732578074813901,1.1662822733141964,1.3904158196257258e-75,3.262778127555989e-54,0.05062697821634651,0.7679523037269179,0.825711115103633,-0.2135693440065825,0.30740584950278155,0.28248686956566627,-0.045859703054098366,0.8972206262763045,0.9042520027114295,-0.050187612451578746,0.20236207510665832,0.15538580662198143
2023-05-16,252,0.8030609337430005,0.7990581071930615,-4.0325865390956396e-05,0.978169893335648,0.978123678591901,1.1672177222411375,1.2355549081689452e-75,2.133171037973011e-54,0.047667380418663335,0.7815489062135826,0.8362096150869006,-0.2187745244930569,0.29307623042458547,0.2630141332480077,-0.05366767717632587,0.8795048390825955,0.8870951471649627,-0.04847863682204161,0.2168962426331952,0.16591649544369247
2023-05-17,252,0.8030274226546916,0.7990239149850715,-4.4303256397005175e-05,0.9760166029066747,0.9760513958931423,1.1684226799699957,1.1600653453633446e-75,2.753707499682299e-54,0.02853688366746429,0.868794546464537,0.9018841581904515,-0.2189244439569623,0.2927785586704891,0.2630569301660468,-0.0814020816866231,0.8179537282592082,0.8295114557677433,-0.05009080402569282,0.20361606004926985,0.15540681135385326
2023-05-18,252,0.8027258428069914,0.7987162054656701,-4.4301890207675866e-05,0.9760227188959114,0.9762105372486217,1.1679651538400337,1.0793259543771652e-75,1.3557954877818164e-54,0.028079365479264845,0.8709546830789101,0.903250191400375,-0.21796086441633175,0.2952009565869453,0.2672343627837751,-0.06607070931964965,0.8518985363671031,0.8614943047353472,-0.05086362385193213,0.19667704239274916,0.14957231723609207
2023-05-19,252,0.8005902830408489,0.7965372400132239,3.113217556832996e-05,0.9831537663141673,0.9832571519272721,1.167779779925344,1.0940296536180428e-75,2.4730957577733127e-54,0.02375398250330929,0.8909987792103224,0.9187336499563781,-0.21508508909590826,0.3009958357774644,0.27463074569200585,-0.073595127029142,0.8353965866189421,0.846355941591955,-0.04860208420625407,0.21792598966872304,0.1683236088371889
2023-05-22,252,0.7999602921142023,0.7958944443929462,9.837191426005751e-05,0.9467645733769872,0.947494427131891,1.1697812609309919,1.5313525362332292e-75,3.744208114980008e-53,0.010270107431243528,0.9533352602339432,0.9658394127932982,-0.21353240944427476,0.3042606378352451,0.277009858936789,-0.08984445261314622,0.800297345653867,0.8151874749789655,-0.05049919548218186,0.2027651450378958,0.15804505078574094
2023-05-23,252,0.8001278680159201,0.7960654263089266,7.244093142627726e-05,0.960733936666951,0.9611847614731992,1.1725302640791722,9.710639341483597e-76,2.6694263725705997e-53,0.005863966068359636,0.9733436175643397,0.9805299612171829,-0.22078486753574764,0.28830401759672836,0.26224281985405995,-0.10414604959395873,0.7696047873610603,0.787623103020262,-0.049514436908447965,0.21019588040410797,0.16522678079138908
2023-05-24,252,0.8002320275848807,0.796171702942297,9.280448407149051e-05,0.9497271498321149,0.9507955404034721,1.1724769373548178,1.2112360292068287e-75,2.6287969627013134e-53,0.007311434675490183,0.9668059284308774,0.9758299602350217,-0.219286359575228,0.29260695548251975,0.26858062372137115,-0.09145229988388082,0.7982786396435555,0.8149921624762435,-0.04809972801871304,0.22200831759164202,0.1776787706865618
2023-05-25,252,0.8005111488770891,0.7964564974315015,0.00012608365264476997,0.9316933081697596,0.9328368653395125,1.1737213814897154,1.050516558789571e-75,8.325522338177322e-53,0.0007722471952910093,0.9964927181080276,0.9974633539373332,-0.209423488335585,0.31432398003438417,0.29060347767054373,-0.09344808314681591,0.7938211008163271,0.8109794553958295,-0.047594163627636896,0.2264831569863882,0.182517102365351
2023-05-26,252,0.800938087635344,0.7968921138067941,0.00019177851624298725,0.8961780894531384,0.8969336606523175,1.1732765796392592,9.129399877685202e-76,7.090488181405703e-53,0.005975015707060813,0.9728520105644767,0.9802831683251769,-0.21993083742770084,0.2911069853021042,0.2671734163736057,-0.09610629409244154,0.7877450583466735,0.8054798720133467,-0.04756266595482338,0.22581190679828367,0.18229305694859055
2023-05-30,252,0.8062270509819689,0.8022885764084317,0.0004389167981500761,0.7614611213659533,0.7575782344822813,1.165310727668098,1.541267012328791e-76,1.1674835172219742e-52,0.06393261153340293,0.712670191313038,0.7838826817705763,-0.22844093889178993,0.2642126414603,0.24812108256213483,-0.09654633538757268,0.7831709087676196,0.8041721843504857,-0.04194454061879165,0.27722727710376793,0.22801581668435456
2023-05-31,252,0.8064560254469855,0.8025222048259892,0.0005605838277531795,0.6976534831289649,0.6899596434141384,1.1605916498426347,5.4341828703196914e-76,3.55675777353961e-51,0.08567699781654418,0.6235411379078943,0.7168481936656461,-0.22157397247071658,0.27769430358059777,0.2629636272403669,-0.08156912772028008,0.8158635472083885,0.8345108080546639,-0.0415364021981731,0.2809614480142235,0.23182377793738407
2023-06-01,252,0.8022500712663343,0.7982307637717476,0.0005907881915589127,0.6825459222038848,0.6798734178780286,1.1613849925616484,2.7783037386556205e-74,1.8337610890839485e-46,0.0806273314878478,0.6440968103929681,0.7361769467543315,-0.2221240923268098,0.27731401780951204,0.2675983877378868,-0.08522492359370215,0.8077363944896081,0.8280665546755145,-0.042812681376967116,0.2591533559161239,0.20554363513038165
2023-06-02,252,0.8014317979955659,0.7973958589304351,0.0005441132655793869,0.7060684247538808,0.702113097766069,1.1638205027482702,4.642996935392431e-74,1.2858415082243854e-45,0.08144649368060485,0.6402463557274232,0.732714894834096,-0.2317984512568564,0.25801777418603156,0.253728850904551,-0.10678265900241701,0.7616169470869635,0.7890584176611222,-0.04100858380494342,0.28095524986774795,0.2286796195696298
2023-06-05,252,0.8026383095975267,0.7986268931259317,0.000684300252869833,0.6350060943289499,0.6312118426337919,1.1602539586980705,2.5340045172831722e-74,8.123615920648497e-46,0.0946341059035388,0.587348610957702,0.6918112865851017,-0.2198468749800147,0.28293812692137255,0.27857828885176794,-0.11049438717581722,0.7533723464879318,0.7816024040903871,-0.0401475821700133,0.2907933722649609,0.2383649438190346
2023-06-06,252,0.8016639867938636,0.7976327670132511,0.0006015825892001708,0.6773905054024099,0.6711924633911261,1.1553597652175749,4.041608347189686e-74,6.748805067100582e-46,0.10504876332300338,0.5490379215038192,0.6615965115161403,-0.23319206538961335,0.25663542890585084,0.25312045138487627,-0.13532688893999745,0.700989399265922,0.7366572611624034,-0.037016417377208025,0.3307473278315006,0.27697784451490226
2023-06-07,252,0.8016540146911861,0.7976225922255599,0.0007081798650602432,0.62398511211332,0.6189559379249032,1.1583531945055507,4.925813186317945e-74,4.567220229123331e-45,0.1065106478733933,0.5431076019873282,0.6564518467812854,-0.24371314568089128,0.2331276033084553,0.23071071831593082,-0.13712812461940505,0.6961282684132934,0.7314708677554,-0.03578803811861679,0.34694693718906056,0.2931291756418143
2023-06-08,252,0.8020476134636887,0.7980241909731133,0.0007778032228902699,0.5897065024715158,0.5829946744178749,1.1568434586972849,5.519313324132472e-74,7.671272855462327e-45,0.11067853650033994,0.5270356949406133,0.6442948180206169,-0.23691850937700867,0.24592049584297473,0.2446480802723996,-0.12878361865578714,0.7132552257274566,0.746619091249202,-0.03665602997515276,0.33489145960593125,0.28291749721550175
2023-06-09,252,0.8030071957194619,0.7990032769332721,0.0006755273117021045,0.6385470926994649,0.6325990786734066,1.1586117300799863,2.9693318313328533e-74,7.873371417341175e-45,0.12213840367147694,0.48471643221017,0.610760885474048,-0.24810897154498288,0.22374893829581105,0.22527508084249737,-0.14030522857454647,0.6881671291987719,0.7249581306124091,-0.03404445243535664,0.36999529973973533,0.317594996639354
2023-06-12,252,0.8027761672318777,0.7987675527447208,0.0005206548943586973,0.7180175740796841,0.7162005493879072,1.1603775508940362,4.190585269998068e-74,2.5365103098786502e-45,0.08994277286435004,0.6036058625711695,0.7070116333101826,-0.2377499588743902,0.24457316714790403,0.24294536973782543,-0.13788074159464941,0.6942499450560689,0.729154752534782,-0.04286095653147386,0.25265594326309687,0.20573891803235222
2023-06-13,252,0.8019923555569091,0.7979678099381471,0.0005824008221061655,0.6855569866143904,0.6828988584518907,1.1599780284230568,3.0827126805347314e-74,4.4806068239392106e-45,0.06766010926903035,0.6974528338871628,0.780136764087295,-0.19312671771245832,0.350622648448624,0.356003999296411,-0.07752132317583083,0.8262740815554573,0.8491621662435798,-0.045968310211362676,0.220410331014515,0.1862554001382779
2023-06-14,252,0.7646070129793537,0.7598226026740561,0.0006071105490547457,0.6732126707886443,0.6631850901417944,1.1474220001590232,6.814031207228099e-68,4.0124703236698195e-35,0.08601345624516832,0.6220840744319536,0.7261120756258128,-0.22247447812895693,0.2856955110195797,0.28047818286440995,-0.10999023969579752,0.7569217910061512,0.7825622763233586,-0.038247999164448154,0.3120895575619501,0.25984753895021806
2023-06-15,252,0.7648811949799998,0.7601023574795933,0.0004896639476185573,0.7334639564597598,0.7254864681289532,1.1475304731031462,6.102237129257115e-68,4.161418792167227e-35,0.08307777549310594,0.6325064849738002,0.735533259831203,-0.20624266538600144,0.32008006379941534,0.3102420940456847,-0.08955619400204545,0.7994705311071835,0.8193532028148243,-0.03919071750426642,0.2959303523100483,0.2417260032075761
2023-06-16,252,0.7651464892105041,0.7603730438692542,0.0004912987570961716,0.7325534434423027,0.7237069234856008,1.1466986515930024,4.514043456655825e-68,1.8923878041119885e-35,0.08724508179372076,0.6133955660780746,0.7191108503195489,-0.20688690309724192,0.31836238609918566,0.3085707410738503,-0.09215170353932667,0.793629490908439,0.8143684940077783,-0.03892466283266047,0.29697740736325995,0.23641398256214363
2023-06-20,252,0.7538819327951598,0.748879533055224,0.0004151566939626447,0.7740308554474591,0.7661771871889251,1.1253928653684728,2.494694791528483e-66,4.3478231256634643e-35,0.08001232146035439,0.6476173252392603,0.7421826651375805,-0.16844701620442712,0.4161618652572048,0.4103907238441682,-0.13950644633899434,0.7006825140980997,0.7225953208405067,-0.04038518380118457,0.28157850968755704,0.22237222925231892
2023-06-21,252,0.7548250875680982,0.7498418576406205,0.00032411180715758076,0.8226501611993935,0.8146943658138296,1.1213127182470115,1.4083663734397214e-66,6.50200796243072e-36,0.09545957178263828,0.5822536293047025,0.6891156741631463,-0.1682116753199575,0.41745645692036115,0.4140886879269928,-0.14828623902343635,0.6855800687821354,0.7072146334145943,-0.03661539988616915,0.3291814383733689,0.271456857913278
2023-06-22,252,0.7548672119537284,0.7498848382129506,0.0002252310899319212,0.8760851732909183,0.8706772164177223,1.1223724364924461,1.0750026592390287e-66,5.829057947269574e-36,0.07537656714983931,0.6666782732286418,0.751399970872703,-0.15929728608768504,0.4414326839404398,0.43950410895466974,-0.1491550043655448,0.6835508752186965,0.705735607583498,-0.03856109659090781,0.3048807653177504,0.24530901056731969
2023-06-23,252,0.753901510918226,0.7488995091076208,0.000287280204213825,0.8419625286037891,0.8365807518373554,1.1156259813686764,2.0579235528276246e-66,1.2995681053568173e-35,0.06787203028050826,0.6975820490343805,0.7736032350200764,-0.16968241106114768,0.4101453936658498,0.4080879356666104,-0.18590245852243695,0.6096748237548141,0.6363262523793354,-0.0421968784218893,0.2613785766410981,0.19884663039639372
2023-06-26,252,0.75193760040138,0.7468956817103511,0.0002008180955566073,0.8888562424960011,0.8850281230536645,1.1110527935872698,6.066167945679736e-66,1.123047333819704e-34,0.057575790934976556,0.7414941824047281,0.8048765633997523,-0.16264263482629998,0.42904100447377946,0.4287475988052264,-0.1976140179296796,0.5863480702974477,0.6133524368094341,-0.04428321580250469,0.23688092379859582,0.1733816234245299
2023-06-27,252,0.7564909816391752,0.7515416113472885,-2.8379053054756356e-05,0.9840235505389865,0.9837433507191664,1.1167664168594347,2.8498722171389633e-67,3.597407062240925e-35,-0.014094022050115812,0.935494948179105,0.9499297377294584,-0.15755893149189248,0.4365549738362978,0.4420836265449276,-0.22502470198547375,0.529947925051298,0.566131844329667,-0.04822532751780261,0.19208566420117365,0.13781201016383138
2023-06-28,252,0.7564291257115936,0.7514784981854065,-6.158846277562656e-05,0.9653638291018611,0.9649017077043779,1.1173553862752694,3.0591817972129716e-67,2.632057217612213e-35,-0.014573717076097642,0.933365131253924,0.9482437745310235,-0.16274571064566618,0.4219524026742074,0.4268780723484278,-0.23839805183382842,0.5061333153508023,0.5427940563113944,-0.04746415130668266,0.19901229355779795,0.14304476647458986
2023-06-29,252,0.7559617696482607,0.7510016430150952,1.6805741514306608e-06,0.9990541117550142,0.9990415547726017,1.1174134856196567,2.5349822171526045e-67,2.7384355124210997e-35,-0.022665184041033265,0.8966331721499553,0.9198732709054264,-0.15921722836125804,0.4317774956347177,0.4375883595824076,-0.23174367767739024,0.5170244284190493,0.5538688226330164,-0.047833086449221345,0.19506943244247713,0.14037801112489223
2023-06-30,252,0.7542669662181533,0.7492723923607987,0.000285195237466067,0.8410599722995054,0.8384579707542128,1.1140598264023776,6.951246403027285e-67,8.673113574202119e-35,0.006353889021477377,0.9709484105026687,0.9776004266229597,-0.14506872685442715,0.4755343682013211,0.48093619117529407,-0.20437693206978072,0.570035467681842,0.6054158156137879,-0.044588680399084785,0.22770559808846438,0.17156340723565355
2023-07-03,252,0.7537830951592784,0.7487786865243045,0.0002892444728759904,0.8389413981256111,0.8366624075946043,1.1123903012704979,8.158977279560771e-67,6.408812197675212e-35,0.0012047191824620385,0.9944992384826985,0.995763278834371,-0.1560725632955108,0.4446901545048021,0.45412507061433127,-0.23193988883661065,0.5221098581343747,0.5614011182564643,-0.044412976428249575,0.22960645065011923,0.1734373385128154
2023-07-05,252,0.7547992158874726,0.7498154601128277,0.0002268280139254455,0.8731191833608635,0.8709718733094197,1.114993116480449,5.7187576120337324e-67,9.782570317593162e-35,-0.0037166514220669244,0.9829966539264339,0.9869177201329586,-0.16285470528376617,0.42480782862724054,0.4386305595909046,-0.256333528963526,0.4799097211119492,0.5230336230663357,-0.04179747260170934,0.2579556638852209,0.20269819884567797
2023-07-06,252,0.7537435543326501,0.7487383420223381,0.00012036533191227942,0.9323538695770426,0.9312920880073805,1.1108828619303317,3.39336762543431e-66,8.471641063974463e-34,-0.014950223015740574,0.9317681090201453,0.9473910370888287,-0.1422876521283193,0.4845887344259654,0.4956681384345881,-0.26875410186287624,0.45809325144059354,0.49549228716568716,-0.045451726016966724,0.21619416380228837,0.1614531928179459
2023-07-07,252,0.7538955364326736,0.7488934131894353,-2.8693422152623694e-06,0.9983823672112893,0.9983636219393134,1.1083805197932992,4.208774340140866e-66,1.5784288831890455e-33,-0.011898750234285077,0.9452758001026048,0.9576492551279301,-0.1251343457641773,0.5392170730329868,0.5510504738393684,-0.2671715488697942,0.45828473648699763,0.4936356366295579,-0.04401116456896112,0.2289074631272051,0.17321867263956447
2023-07-10,252,0.7536294794851074,0.7486219485803332,6.747581423748524e-05,0.9619204041313978,0.9614079503388382,1.1109914176274809,3.9532840657157004e-66,3.9437049289816974e-33,-0.0029480855018061553,0.986444718856647,0.9895127587817916,-0.1243928348811054,0.5408632547682115,0.5516230295287694,-0.2548081149581168,0.4789700517139698,0.5103809041665122,-0.043062289828599144,0.2382620588268082,0.18175310119429544
2023-07-11,252,0.7541362570003844,0.7491390264516118,0.00010611630618494606,0.9400725748318739,0.9394685034954974,1.1112478418787712,3.075231153785516e-66,3.992018091717648e-33,-0.015222304983796217,0.930151127031591,0.9461835771839963,-0.1216585007855889,0.5493634216209934,0.5599345420183057,-0.253468868969163,0.48074631977477733,0.5124874375901869,-0.046244145951682046,0.2069239294582292,0.15775488232055612
2023-07-12,252,0.7482589220610097,0.743142233485014,0.0001496152173302702,0.9156228140802443,0.9142013322813558,1.1084139037549123,1.5846359637575413e-65,5.352890814757062e-32,-0.011459640733644305,0.9472671849720558,0.9594129272342149,-0.11883246994099124,0.558560015443514,0.5701430086723244,-0.2416684867267397,0.50043980177028,0.5345368924916833,-0.045606456066121494,0.210541756939867,0.15815760991589167
2023-07-13,252,0.7478103622292289,0.7426845565834815,0.0003358685103348341,0.8124835867617307,0.8107804455546812,1.1092740330917445,2.0559945695025196e-65,1.7884719530166012e-32,-0.007544678431074536,0.9653313561691967,0.9733839931382673,-0.14321847701742,0.4810139450442621,0.49528663553511865,-0.29681767790017016,0.4075426172348042,0.44293637564360555,-0.04167235557045952,0.252701514664349,0.1956238010057152
2023-07-14,252,0.7468604438341058,0.7417153309039046,0.00028733451520504273,0.8388873330087655,0.8364101627172162,1.1043517780396799,4.487112959483755e-65,6.224653955804751e-33,0.004424769817020696,0.9796965126325348,0.9842112988953394,-0.1496389515382709,0.4611966610529069,0.4792610409925139,-0.3022871098979232,0.39830976645155813,0.4361737447621675,-0.04030272566346023,0.26821951895685225,0.20918788583146697
2023-07-17,252,0.7491881242959735,0.7440903219442656,5.452128807120624e-05,0.9689588829075391,0.967246852259592,1.0986075831147513,3.2601253090533144e-65,6.7373321371531764e-34,0.01093325201682302,0.9493909519738462,0.9602150499183445,-0.10135637836014535,0.6160383806891047,0.6160391692779479,-0.2932630249189354,0.40821750339275453,0.44607286384645994,-0.039293259781398665,0.27577864140247843,0.22032330890191376
2023-07-18,252,0.7491285484307902,0.7440295351875137,1.300298549222577e-05,0.9925888294302094,0.992116321539968,1.0987382789421196,2.4082410682514e-65,7.538970712005267e-34,0.007353091093695641,0.9659141951841574,0.9735822190525851,-0.09164263369446182,0.6475624323585694,0.6442958972599631,-0.2815578673314699,0.42462841315766386,0.4570124193548326,-0.03841493798255579,0.28652402356586276,0.2313353824888138
2023-07-19,252,0.7797992197415209,0.7753235941265112,-0.0006753125722465498,0.5819530573826874,0.5741376966885055,1.0405796614111062,3.088306805746485e-70,2.968405159300236e-44,0.11966271646295065,0.42848640316655706,0.44066529538703936,-0.013576511836080829,0.9384323309389162,0.9458811482248555,-0.04200342055523601,0.8920819282114567,0.9017638076111626,-0.05040704606454473,0.11059674346987916,0.12542163255462332
2023-07-20,252,0.7908932841683661,0.7866431476677231,-0.00038192086931754487,0.7490426145729105,0.747905927625552,1.044131657463925,1.4802523586533017e-72,2.488621245328531e-44,0.1939377941040555,0.19226326998961282,0.18085042070956447,-0.05348306187318491,0.7551976688925802,0.7837985605089026,-0.0790003116872186,0.7931914732978999,0.8133879832970157,-0.040441983802364564,0.1900455181848078,0.19879707650193423
2023-07-21,252,0.7909493020755016,0.786700304150207,-0.0003600260463827368,0.7629008995131988,0.7626245684277286,1.0436894259836182,1.5007007871496901e-72,2.679639733545771e-44,0.19761438052311564,0.1840659932552845,0.17372550746230986,-0.055039830642481885,0.7482356201346287,0.777608727041565,-0.07456138953617297,0.8045770380307582,0.8240065192474255,-0.04031955120202586,0.19079913652179165,0.19908550299828476
2023-07-24,252,0.7938381337872651,0.7896478519536729,-0.0004795739014243271,0.6853819038419855,0.6840352661043076,1.0458928783475518,2.0917149695239595e-73,5.0559871858413967e-45,0.18869936528620274,0.20011419866288824,0.1868712060793445,-0.07523253526278267,0.6589673340754223,0.6992010526115595,-0.09655388906812662,0.7468533936527617,0.773520543004072,-0.03896692754913725,0.20196393173663832,0.21324116803618864
2023-07-25,252,0.7935110807390584,0.7893141514857872,-0.00046225244842846707,0.6961449566139521,0.6946280374392075,1.0457228623050032,2.3844552448053685e-73,8.109426873194243e-45,0.18766072016277022,0.20385476446965986,0.19200828468440667,-0.0738286409672157,0.6655855995522044,0.7062037734257149,-0.09623530406450002,0.7476483019710876,0.7742113586705789,-0.03915421753750768,0.2005777379757213,0.2132915209084646
2023-07-26,252,0.7915906609332993,0.7873546987571469,-0.0004680216202640977,0.6926550125128715,0.6904215388409988,1.0465020169862265,1.0398477680414521e-72,1.4481019156832906e-43,0.18580281914029909,0.20779822384882685,0.19522358968150033,-0.07226735073960722,0.6728265421361577,0.7120773555278164,-0.09388117750382145,0.7541087457727318,0.7797960125336032,-0.039532489470604504,0.19542450100882305,0.2077754461609681
2023-07-27,252,0.791767007104608,0.7875346292002301,-0.00048721952482956696,0.6805245346514117,0.6769981515434005,1.046318514015809,9.888933133406921e-73,1.015056486138744e-43,0.18890164346817484,0.1991804885700435,0.1870000740545381,-0.07757261064989512,0.6500422156327348,0.6913428030528895,-0.10100658766616527,0.7364087386252388,0.7642862111889168,-0.03912361737180203,0.19709864386264667,0.2072472605179786
2023-07-28,252,0.7874811427018512,0.7831616537323767,-0.0006342668875023794,0.5886087598765173,0.58691221980561,1.037424882689706,2.2447240020112185e-72,2.8834622859979224e-42,0.16308959886639068,0.26468697119866774,0.2514569915105438,-0.05394334417048424,0.750010088367565,0.7859568143769122,-0.07877656806928587,0.7908515782811423,0.817949547591301,-0.04167230009108511,0.16433879079053718,0.17875834916627487
2023-07-31,252,0.7862756077785529,0.7819316160667349,-0.0006883981413841388,0.5568170546482623,0.5558837555948983,1.0364441899092525,2.9219035807110166e-72,2.590009875475824e-42,0.15927975111516277,0.2755403721883996,0.2619872143727098,-0.07179424696410008,0.6744889797125512,0.7187139215490256,-0.10440375290506604,0.7265457200339273,0.7598253056478785,-0.04128112811633525,0.16819079546704618,0.1829513198766185
2023-08-01,252,0.7862243124629759,0.7818792781634428,-0.0007116261709227581,0.5434354932484746,0.5417050682526825,1.0357094408355323,3.094339937160885e-72,1.8781055904849767e-42,0.1590062910860719,0.2770736704850094,0.26418682985897246,-0.06577221329088823,0.6989160282344913,0.7378845413772843,-0.10204888130875545,0.7324519075871962,0.7645567106376321,-0.04166863637198475,0.16401507466627585,0.17803629730377613
2023-08-02,252,0.7867930440507619,0.7824595693363465,-0.0005470153253921231,0.6387436703185023,0.6411432700545078,1.032460374945427,2.8270946470498266e-72,8.215592600585476e-42,0.17061669396474155,0.24121222124955324,0.2295070944867128,-0.07630276571326783,0.65212214527456,0.6988278907174645,-0.14410293820992204,0.6285538830243668,0.667234783940984,-0.03426284727493215,0.24608857377940013,0.25535358891235616
2023-08-03,252,0.7876214740222833,0.7833048373154192,-0.0006299764573659386,0.588013872307265,0.5884139221659577,1.0327543346193104,1.8962991778851427e-72,5.4108870920501527e-42,0.16819106956166247,0.2469086768731375,0.23630178530429147,-0.08767375717119621,0.6045775185209871,0.6566110527625948,-0.17236437548356584,0.5639288896271837,0.6058839873483757,-0.034819751598004135,0.23761737342641392,0.24807229482564286
2023-08-04,252,0.7877253187369506,0.7834107926950187,-0.0005855647147650605,0.6144260534388974,0.6160400493416256,1.0321022913476225,2.2171491854834257e-72,5.84520173663303e-42,0.17190684447030397,0.23722290162186088,0.22686618960687566,-0.09037668545157151,0.5932328745828496,0.646128675047427,-0.17100746534140976,0.565739049265033,0.6065239297268461,-0.035101865351335915,0.23234139676589688,0.24211900701203082
2023-08-07,252,0.7875572033604431,0.7832392603393139,-0.0006302637285514032,0.5877440345510405,0.5881300217513554,1.0325679370699208,2.557897103670139e-72,6.736234508740545e-42,0.1736176085495309,0.233477364053081,0.22322411643827256,-0.09260336334896443,0.5857752839511768,0.6409690141185678,-0.17260182939791974,0.5622870501119457,0.6035081371937059,-0.03375997047606204,0.2497805176458746,0.25951857788798927
2023-08-08,252,0.7902373003135882,0.7859738308077668,-0.000823550414200256,0.4730522143551389,0.46798650101129613,1.0238786372122473,1.5029366095983026e-72,1.4739756869758358e-41,0.1764649622015319,0.21987220085336406,0.2177644936084906,-0.09405799322219338,0.5749345951908648,0.6368247977026369,-0.2488519230160104,0.3994198099383687,0.4519622132231934,-0.031151000572963296,0.28219265952178035,0.2966096096498565
2023-08-09,252,0.7897950102172406,0.7855225510753147,-0.0008062274989854263,0.48242989465103003,0.47635376826650233,1.0235433172360993,1.9591104852125182e-72,1.915267153902305e-41,0.17389057850689943,0.2262488785723414,0.2235469086683417,-0.09873203297023081,0.5563231189577347,0.6202501772812363,-0.25537123403629514,0.38693997668332447,0.4399217248534102,-0.03144630419770907,0.2776441490244872,0.2916999856600303
2023-08-10,252,0.7891335439727144,0.784847640394924,-0.0007486632591181459,0.5139327428420986,0.5106741041310843,1.022112085777374,2.9253859158730604e-72,6.460054225044615e-41,0.17356325402438663,0.22679869958127316,0.22448638545112276,-0.09581802022710073,0.5679121571396066,0.6311204579912315,-0.2565111947015133,0.3845043774961354,0.437926912311537,-0.03130281497414975,0.2795080483787319,0.29368198897388065
2023-08-11,252,0.789830683777386,0.7855589497078206,-0.0009128702623128808,0.42116756403482214,0.41537860060364873,1.0209384351962476,5.1824968381797313e-73,1.0408232383218567e-40,0.16688957632088774,0.2393766347597287,0.23620384551924412,-0.06349992053693712,0.7027361939572911,0.7512583361051273,-0.18391327547616865,0.530060641641456,0.580840874645762,-0.029027486557293296,0.30768661977948253,0.3194174929106641
2023-08-14,252,0.790428380278863,0.7861687945121731,-0.0009869098695522518,0.38378703510611756,0.3776221605540898,1.020882388774818,3.8040802283459426e-73,9.067959074909683e-41,0.16452349568752553,0.24457521066198462,0.24177316778942126,-0.056162717748969554,0.7355209932597734,0.7801306508551327,-0.17353891236443275,0.5525268990862336,0.6038899687316481,-0.030194409093153816,0.2881977663585279,0.30194048625725955
2023-08-15,252,0.7905475851302826,0.7862904222264265,-0.0010410900644189747,0.3569807517930669,0.3524371611730769,1.02041808258239,2.763902539608638e-73,6.870037823550216e-41,0.1477705003404381,0.29769874528708806,0.2958513081446622,-0.0763747919629055,0.6461217978096039,0.7033050561507197,-0.22690709086861044,0.4406506703218792,0.4979821894094437,-0.029471052925456327,0.29531891810665617,0.3068741269631232
2023-08-16,252,0.7905823227959734,0.786325865942233,-0.0009518115039435146,0.3992649471663463,0.39387720231261203,1.019799119508326,2.5881897200972108e-73,8.134500175547217e-41,0.15644370080772685,0.2717167168188038,0.26905075404982004,-0.07849942502485152,0.6366662418629241,0.6957970755686216,-0.2073214224982625,0.48234774900454713,0.5390775010691391,-0.028454942869888582,0.3123577304537184,0.3228352656084549
2023-08-17,252,0.7928988696048669,0.7886894970358601,-0.0009001817162468038,0.4254456389184974,0.4208063301898628,1.0168329585220746,8.530446427541923e-74,6.432261758233085e-42,0.15933732799129802,0.26289878128358285,0.26025168264125487,-0.08512441144260328,0.6083298328572502,0.6733208126829124,-0.22034984221219112,0.45441418663551214,0.5152420981262993,-0.02739891065671706,0.3295315220745918,0.3396333061716571
2023-08-18,252,0.7924675879336951,0.7882494494770629,-0.0008678225175925817,0.4425487147788497,0.4389440026743515,1.0158486598768777,9.498080367166376e-74,7.582828460574573e-42,0.1579852347930833,0.2673395143136547,0.2645908954070221,-0.08314177298904772,0.617473084061928,0.6809541782739323,-0.2196175399146364,0.4567203555204199,0.5170975749408615,-0.028173334373305225,0.315644257068918,0.32433564514538327
2023-08-21,252,0.7930184954192493,0.788811554269234,-0.0009251369299111117,0.41244686185153234,0.4097246457346797,1.015873190565715,7.271678665368738e-74,6.358498158652509e-42,0.15366095154774084,0.2798966382149968,0.27706756498417195,-0.09156542188651844,0.5823614152836899,0.6517537983900633,-0.25149645687582944,0.3973635283256046,0.46448388628188486,-0.02744180127162627,0.32787881614995507,0.3373912531563321
2023-08-22,252,0.7835975469656531,0.7791991231234916,-0.0008877268414820511,0.4308377827946769,0.4255392729023374,1.006375623639261,8.423565965079389e-72,8.295681651602857e-38,0.1600417631113581,0.25958285827573646,0.2564922472232182,-0.09096685559211011,0.5839744536678833,0.6575799072888017,-0.2521411514850124,0.39499526266784646,0.46682702878620863,-0.026210159360622674,0.34884968381755266,0.35716980736351234
2023-08-23,252,0.7839966720426529,0.7796063604988044,-0.0008093746151447547,0.4728046341337391,0.4681105669209572,1.0087824627109443,1.7831936365638735e-71,2.2566817382023407e-37,0.15971861598654918,0.26061465206308954,0.2569741602077785,-0.08460994611627187,0.6090071894646089,0.678618448608518,-0.2365100883241857,0.42397688981307746,0.4933369549089327,-0.02522612875739067,0.37019074061258594,0.3757154279019078
2023-08-24,252,0.7847229256765469,0.7803473753854198,-0.0008648043720223997,0.44189179270121404,0.4380993443946113,1.0086753438155036,1.1837646746877394e-71,1.713397930121193e-37,0.16325496377801024,0.24925658337547157,0.24698743501214582,-0.08684587831909567,0.5985168002408054,0.6688779198355917,-0.22216458398372366,0.4510359620536244,0.5212688619113175,-0.0251616784154952,0.36989118514801134,0.3772274030468479
2023-08-25,252,0.7847215131297689,0.7803459341283414,-0.0008820559858151904,0.4328517075824402,0.42889561293576206,1.0088871838468774,1.140524291493422e-71,1.6686028254708741e-37,0.16401255706268753,0.24706112204184577,0.24481642849315055,-0.08726381509898948,0.5968734394334088,0.6676087008396547,-0.22414421272746507,0.44704572056458813,0.5174768859286911,-0.024506467032471065,0.38090800162467664,0.3864750848126529
2023-08-28,252,0.7847213072314734,0.7803457240451213,-0.0009386695092135154,0.4035770061366454,0.40070852076990937,1.0093226981642553,9.247077428909485e-72,1.2001183159255338e-37,0.1585833551670775,0.26336276024861865,0.25937107996894704,-0.0925558027289094,0.5745480497474814,0.6472492282966058,-0.23312655996467943,0.4287221623420513,0.4990021537597349,-0.02408689289905343,0.3884595906438524,0.3928662521706504
2023-08-29,252,0.7823985578998836,0.7779757643612633,-0.0007906752573797957,0.47710403540573176,0.4879253868986092,0.9998904404294033,4.422528217300764e-72,3.24255717321211e-37,0.12491537919780668,0.37419152579048476,0.36888008946019646,-0.14594286651494487,0.3736398102634979,0.4692724158362591,-0.3377856991828998,0.250493423426687,0.3143069152019824,-0.016154794732111413,0.5607789235964851,0.548528271092712
2023-08-30,252,0.7845823555807698,0.780203948173875,-0.0009107513669787456,0.4102124826049963,0.4153215719500566,0.998800165627803,1.4745433974344375e-72,2.0429164653754197e-37,0.1322333148931502,0.3442272223012808,0.34151436000405166,-0.1451719894211722,0.37330553345985906,0.47064408368635513,-0.3323185431204305,0.25525514451433234,0.3227299927950059,-0.01668203900399889,0.5453442939859171,0.5350265168683479
2023-08-31,252,0.7844217452810351,0.7800400734371538,-0.0008707783726879559,0.431913741220737,0.43424218927401126,0.9954088671497509,1.5835947931646102e-72,1.2476273981870213e-37,0.13818409347850213,0.32522587858533525,0.32461674013236685,-0.13555279629866007,0.4076830443370508,0.5005342662350832,-0.3090580899916227,0.29186585598524223,0.3578685930069063,-0.017609807930078276,0.5236987509658955,0.5116773446687994
2023-09-01,252,0.7843937939514058,0.7800115539910686,-0.0009147637251576172,0.40912470164091685,0.41029990112379666,0.9947292548824274,2.0197672028989811e-72,2.00302961152885e-37,0.14292716684850987,0.3104275816254798,0.31304989387737703,-0.13353448097793105,0.414159383671872,0.5065974866361768,-0.3084714895468785,0.29034999958482816,0.3560835662763556,-0.01678256967803699,0.5428387624316016,0.5299858987839242
2023-09-05,252,0.7849982838194475,0.780628330238542,-0.0009577906246396692,0.38636816635571625,0.38320632239428454,0.9940704465421276,1.6117351134528922e-72,3.286259238059239e-37,0.138306425984154,0.32535251346365035,0.3242750247029689,-0.13613582053713055,0.4039646121916348,0.4981591405910929,-0.33818800557047307,0.24797052840776518,0.30695520668543785,-0.015507330971490344,0.5716244273397786,0.5593548638776014
2023-09-06,252,0.7850401388133674,0.7806710359437204,-0.0009684303311715723,0.38088062601796946,0.376092954319308,0.9942064239904369,1.5105601027542945e-72,2.749404874959999e-37,0.1417129498306467,0.31548399567343294,0.3189388760566644,-0.1398169113601215,0.39162936279108107,0.48689874087388496,-0.3391604267718955,0.24620960451454832,0.3048946326419908,-0.014925964551027767,0.5866672014507534,0.5763449381811357
2023-09-07,252,0.7927727334674974,0.7885607971558612,-0.001222299571449963,0.260395105417311,0.26330239519129595,1.0057616456482048,1.4985419262241573e-74,2.969055403171033e-41,0.1136104669113055,0.41321195439548764,0.423404351589851,-0.14225166427458996,0.37468955074238497,0.4748890048017983,-0.376385964606987,0.19029896101608523,0.24616193555306076,-0.01997514790286847,0.4595954026118545,0.4660737901970491
2023-09-08,252,0.7923714169114054,0.7881513237591983,-0.0012538335964063945,0.24740489254996142,0.25465802523295045,1.0051037243369951,1.15859540023833e-74,2.812098241346576e-41,0.10727755466127574,0.4393208555907818,0.45259046400452374,-0.150824469755238,0.3467681671103202,0.4470677225431148,-0.38914987088286657,0.17562556471264398,0.22825157330001689,-0.01895843413677175,0.4821990561644762,0.48047304972312477
2023-09-11,252,0.792291499515285,0.7880697820257583,-0.0013536519742288393,0.2137328490077684,0.22032021711538996,1.0097828153602155,5.387676756953399e-75,2.798963378013814e-42,0.09847257251601613,0.4791774628753568,0.4898541408768917,-0.1452722465021899,0.3671019229280844,0.46355675488915227,-0.36405740359365224,0.20620800002468634,0.2607529899740152,-0.020281057179712913,0.4539863067735672,0.4500103565002075
2023-09-12,252,0.8000973105335021,0.7960342477394675,-0.0011430437695077534,0.2828383236654013,0.2830504274148383,1.0321923456146096,2.0688336816808173e-77,7.567795641498625e-50,0.10411514242775893,0.4444078284548252,0.4632191284040149,-0.16294223218070794,0.30070329063982804,0.39785433980381135,-0.3867893578507557,0.16997831915931,0.21947219576287824,-0.01835374808634746,0.48844082369742725,0.4848591951998906
2023-09-13,252,0.8074909879597456,0.8035782031621794,-0.0009596002714000404,0.35823701203936775,0.35938479810719215,1.039548961618507,2.3178806401185326e-79,3.343607574788969e-51,0.13777529915153838,0.30371002674748865,0.31946633393142065,-0.17390234953647427,0.2606297628933571,0.3626727115921874,-0.4263676022402347,0.1237445011364338,0.15983966659918802,-0.007558216418411753,0.7723068662331968,0.7579136781995507
2023-09-14,252,0.8071317815943811,0.8032116958544295,-0.0011117318035901158,0.28387996162560664,0.2981812995968778,1.047998189423538,3.4001857674696825e-80,3.444206666140339e-51,0.17577184489632408,0.18992410754694267,0.2311340340430832,-0.17149710685919434,0.2620361292647203,0.36428340627697386,-0.4313611948359225,0.1132824701308005,0.1441224459049434,-0.0076946534930201335,0.7661315652357231,0.7546298866831933
2023-09-15,252,0.8098593419370738,0.8059946944154696,-0.001209318329468706,0.23972444239502863,0.279737402753755,1.0493889068374014,5.00377877865783e-81,7.300866890788844e-51,0.17605138864706615,0.1850849824951455,0.2330198584286075,-0.15038791060946555,0.3213914318900532,0.4460277512436196,-0.41089282480665124,0.12829719643305443,0.17734293001384716,-0.004769506423557626,0.8523635551196381,0.8472624628281527
2023-09-18,252,0.821531103144957,0.8179036865422122,-0.0008658326633851811,0.377232426946286,0.3830197808961431,1.0442190002780032,1.3394131944653189e-84,1.3337048646354778e-51,0.1287324939804939,0.3101307544737304,0.344475519483206,-0.27209242506353215,0.0639379292194272,0.09945883215663848,-0.5718701279404992,0.02792577757100195,0.03198278091827561,-0.007050243777602811,0.7727987513527547,0.7724111150260314
2023-09-19,252,0.8230131777152926,0.8194158845794246,-0.0008075216532495031,0.40762988106026343,0.40705511661770444,1.0440682935695291,4.3181128224545663e-85,3.130315235388439e-51,0.11699319139033777,0.3544641535536319,0.3896945635338963,-0.26267381948296,0.07226603356003916,0.11232617263590242,-0.5673211776454979,0.028348133458427082,0.03322602060941859,-0.00871369963864346,0.7199748368031014,0.7207732672193876
2023-09-20,252,0.8245947425342292,0.8210295950247622,-0.0007144903036036568,0.46075759771417246,0.4590834500908323,1.0417263538282946,2.0989531110537798e-85,3.453477900414096e-51,0.12720807683463653,0.3112486433668498,0.35239809205195993,-0.2727507559562159,0.06026249036255367,0.09901817673186875,-0.5711493578923982,0.026316092268982592,0.03194954019820112,-0.00894775013357096,0.710494107386151,0.7135561882093344
2023-09-21,252,0.8240622631066468,0.8204862928445867,-0.000718278085241448,0.45805131030427204,0.45648858284316096,1.0417518584235541,2.6531977171181374e-85,7.891608859295242e-51,0.1271603753594907,0.3114434510777334,0.3525597993142471,-0.2718521047996944,0.05839977501678809,0.09453973417462297,-0.5699404295566286,0.025686520299914646,0.03117188677651398,-0.00912722714274226,0.7009406559837895,0.7004380961773278
2023-09-22,252,0.8250731521662908,0.8215177284298334,-0.0005640318856691485,0.5570443165954266,0.5610115236384299,1.0409704858357942,6.86260328743493e-86,9.995925935965581e-50,0.1018919891470998,0.4153437490821299,0.45909589912447646,-0.25104245404382947,0.07813559721118331,0.12463502573850972,-0.5461869052115271,0.03102619378578012,0.04117725730429494,-0.011852780909489075,0.6152074849848094,0.6168805774146531
2023-09-25,252,0.8238963494593944,0.8203170069687317,-0.0005882411369349086,0.5394050214565824,0.5409648683518324,1.035980634416713,4.9595461320440424e-85,6.92234352010504e-49,0.1163700951516422,0.3529334503616258,0.4023452139776019,-0.2659570366442789,0.06283990458254236,0.10649428822615818,-0.5728617871102885,0.024400432184234194,0.030098154582396012,-0.009615040469511895,0.6841421850772416,0.6900960804688097
2023-09-26,252,0.8244274399544815,0.8208588919860766,-0.0006185341058172777,0.5180882671024355,0.5195905134910217,1.034697440984543,5.667417130927405e-85,5.314490741697795e-49,0.11487266566616589,0.358412981616678,0.4091909962374425,-0.2731956378950397,0.05480757179909419,0.09569496704212813,-0.6176581030388326,0.015907606404388888,0.01954017197934495,-0.009254947159294823,0.6933613111469992,0.6974734295332237
2023-09-27,252,0.8249169092405937,0.8213583098349146,-0.0006955824965807469,0.4668507108107819,0.468584761568824,1.0335886700058727,5.388458920808589e-85,6.1736804203963876e-49,0.11368021071988127,0.3627225333045203,0.4150311073992875,-0.26171995062145087,0.06467269641978685,0.10691915642221,-0.6226458755222384,0.01497300452784317,0.018192133393855746,-0.010501697713531627,0.654706136413022,0.6601480599899613
2023-09-28,252,0.8255165718020324,0.8219701606597973,-0.0006970943118450349,0.4658887892275907,0.4684575160820502,1.0340116884082475,4.2586120947533395e-85,2.3435118879190233e-49,0.11321622167256154,0.3645453706809153,0.41731308344967943,-0.2653001625141931,0.060039237124025736,0.09851448364203196,-0.6276436391551852,0.013890844682482138,0.016162227598049736,-0.010691482882638043,0.6487192939589763,0.6543780709897409
2023-09-29,252,0.8259763225928911,0.8224392559789255,-0.0005901638284111677,0.5360945679283724,0.539694660374867,1.0326957990390164,4.7174768668217135e-85,5.6273904485580905e-49,0.11564968842409143,0.3538763883894105,0.4086781037230437,-0.2623489358065712,0.06257979405919319,0.10154794281176134,-0.6545983548635406,0.010257498274118725,0.01181240793703736,-0.011310918282266207,0.6295949485434312,0.6375920707889225
2023-10-02,252,0.8244824236888347,0.8209149932760061,-0.000650130342625042,0.49751221304727544,0.4996409186633928,1.0299740999642566,1.434041417323411e-84,1.3966224002853843e-48,0.10169422034337566,0.4217142382506003,0.47937821037087724,-0.26004012339834937,0.06635159563594564,0.10465644164177831,-0.6943458191660844,0.006948940594418542,0.008123529711880182,-0.011919966128031652,0.6127897865086589,0.6207649668779378
2023-10-03,252,0.8244879052216261,0.8209205862220657,-0.0006531136597988447,0.49547961123714934,0.4982793014635042,1.030054711419532,1.3600312609650855e-84,1.247031452823185e-48,0.10570116015684461,0.40806873456551196,0.4680044881536467,-0.2617321832465061,0.0643333349902324,0.1024993212978432,-0.6942607005748908,0.006932451450728453,0.00812096415327124,-0.010913634588017671,0.6420373727644049,0.6501201339598824
2023-10-04,252,0.8235915297633045,0.8200059917503636,-0.0006924217445778265,0.4708381880612291,0.4750270282998962,1.0281599992807962,3.6511136398234007e-84,4.8882557773861186e-48,0.12432456811686018,0.33738458779727354,0.38914822076886,-0.2348267211560034,0.10088794361118399,0.14894384155315343,-0.6603109698352501,0.01080377242465177,0.012737074012362782,-0.008628308842404741,0.713696418216734,0.7199223252773769
2023-10-05,252,0.8241076167822022,0.8205325683428161,-0.0006746500037339228,0.4811823571107712,0.4907517346225282,1.0287094211279268,2.0229357781907915e-84,2.7374903520152236e-48,0.14917300481851636,0.2538151271201923,0.30698466046876993,-0.2288118194596066,0.10873759686505598,0.16063081247622268,-0.671444428457841,0.009433187194487404,0.01014201643344032,-0.005873054485335478,0.8033128185955705,0.8085773303985706
2023-10-06,252,0.8244940413242444,0.8209268470422169,-0.0007068602896648046,0.4604292248111689,0.4689037275440848,1.0287041563078207,1.798042184467658e-84,2.0760148753333142e-48,0.14877045081564905,0.2546645446260909,0.30820747432858364,-0.23206626354105359,0.10347828776741978,0.15441435239736384,-0.687303599149608,0.008270441967403248,0.008758765494238806,-0.0053212870845633945,0.8214247899144778,0.8265260133980167
2023-10-09,252,0.8248305089164172,0.8212701534065883,-0.0008871805318174839,0.3553729985305565,0.36810415876243463,1.0308144164864539,1.3756901126416716e-84,4.01038904700272e-50,0.130070379869838,0.31876457201124886,0.3762381112894837,-0.2729716078988259,0.05601889800462714,0.08869915458129224,-0.769942428679042,0.0034637819034558153,0.0032463009932689043,-0.007850328290646238,0.7395558652440913,0.7476372753962673
2023-10-10,252,0.8253562745263087,0.8218066053093638,-0.000954791109977086,0.3195441592615758,0.3327891753715354,1.030443686325385,9.587972917469625e-85,1.5128777512897168e-50,0.15372277447030153,0.2469318000822364,0.300019747462025,-0.2709723609057476,0.057205441908833816,0.09024414383134215,-0.7651225861978256,0.0036167918487452215,0.003369925384718866,-0.005607164676305125,0.8127747927247139,0.8188129184007176
2023-10-11,252,0.8238813889660616,0.8203017424003312,-0.000829442570262473,0.3886692244875345,0.39666851172701545,1.0274695209979234,2.154717911872868e-84,3.2971662989783873e-50,0.15067590976773415,0.2576803841593506,0.3116400927907109,-0.27331362460960257,0.05831175950866315,0.08854895566472351,-0.7643305316329144,0.0038248406407473466,0.003217801774448813,-0.0073397626479230985,0.7566698451901799,0.7644662201688899
2023-10-12,252,0.8239016710399507,0.8203224367114944,-0.0008540575459980851,0.3748490123077617,0.3832847330543042,1.0273002580175068,2.313663530418689e-84,2.9364385849596476e-50,0.15036939875447713,0.2588820544596929,0.3132672427854849,-0.27585797260485034,0.05631152439338901,0.0863638029867662,-0.7733994458675862,0.0033273708339613037,0.002658373737132262,-0.007490740482895287,0.7518809250018874,0.7601001814001896
2023-10-13,252,0.8233231132330635,0.8197321195995892,-0.0008320556380501899,0.3883232185650983,0.39680811373481883,1.0270413321479888,3.410781009497554e-84,2.715659322477199e-49,0.16353541199332788,0.21882244263465653,0.26832275100393777,-0.23838558850431218,0.08924974747326277,0.1272855853366093,-0.7334521142173671,0.004921577261736135,0.003819492950137612,-0.003881188949037634,0.8686137549504137,0.8721765620369043
2023-10-16,252,0.8223191157428489,0.8187077156563214,-0.00086473915770643,0.37190767282145054,0.38101938478551123,1.0162965249152265,2.0890933255191296e-83,9.021188160701563e-49,0.21430997728848905,0.1118555826191105,0.12576903507675247,-0.24433762115857627,0.08355666529674728,0.12946871816280922,-0.7566195385458375,0.003997734557015568,0.003039668814239129,0.005127261710951696,0.8271884260754994,0.8332130182125169
2023-10-17,252,0.8238008766796225,0.820219593685306,-0.0010661780529146402,0.27001316166209643,0.28270934956495075,1.0142002744180845,1.8795299628630083e-83,5.23460352360113e-49,0.250011442699499,0.06687375571518239,0.06033749588532006,-0.22605126714121507,0.10891232919019556,0.1602436906202428,-0.7562953904145858,0.003890863350516076,0.0029002878936253322,0.00798682300349575,0.7340236146661504,0.7364900245714368
2023-10-18,252,0.8230932977003158,0.8194976330194279,-0.0010071959799107086,0.2976559141260942,0.3088832461585094,1.0142281385954743,2.4625942564546846e-83,1.3142595972693222e-48,0.2520575264530972,0.06829081003880605,0.06411779122191842,-0.21013060716455756,0.13165038335581059,0.19009953450324224,-0.7433918813504004,0.004527314269249328,0.00377049619858184,0.00889601317267158,0.70730408459651,0.7121919366714475
2023-10-19,252,0.822775402528473,0.8191732765636046,-0.00101989015299661,0.2918379242984702,0.305095151306747,1.0127429633250826,3.7992624507647156e-83,1.5479700084513517e-48,0.25688475425634705,0.06422511747566038,0.061225686030692464,-0.2114498586504935,0.1296171131861663,0.18821447907017952,-0.7334881900008025,0.005048458845925099,0.004366950787714792,0.007391980958835605,0.7536656439125622,0.7558963139314456
2023-10-20,252,0.8228040644839094,0.8192025210791108,-0.001023221440438445,0.2906676737479732,0.30558113200595327,1.0118315195700776,2.1258410182418953e-83,6.049753598381488e-49,0.261493893574513,0.05785817924650224,0.05369695287168018,-0.21496655116247637,0.12351743398626397,0.18089788041448218,-0.731540667211721,0.005205392122156529,0.004558025094330098,0.007742219906456536,0.7420382930354426,0.7435604495893633
2023-10-23,252,0.8268201782085203,0.8233002631314577,-0.0011088986710027467,0.253432399558945,0.26805506048720895,1.0034985195223105,1.0567449958935266e-84,4.716521825888053e-52,0.2875109582231298,0.036656717176901166,0.03701421727697511,-0.20333009635704197,0.1446220867411712,0.20248476260351522,-0.7078800957476246,0.006785581837468438,0.005873716561578309,0.010696448740361535,0.6499852493414053,0.6529608570752943
2023-10-24,252,0.8265610605315115,0.8230358788349975,-0.001134638397915264,0.24285889333620028,0.26043265857289943,1.002298173471821,1.4815722027312626e-84,5.7603166491874836e-52,0.2895688898089689,0.038222857071313836,0.041730313380654804,-0.20899667471927733,0.1331427808912137,0.18831959385642283,-0.7306733415357292,0.004812996501916188,0.0038071101477636987,0.012158077720281343,0.6071556809673729,0.613431157534701
2023-10-25,252,0.8272947563977506,0.8237844872188431,-0.0012556939261096278,0.1947258529121155,0.20463966987749804,1.0012497717988487,5.96265077085473e-85,7.051900461659566e-52,0.273220531912871,0.0502867296367513,0.060227268703078735,-0.20744735158856759,0.13434147608865574,0.18901486809837598,-0.7384886000960568,0.004226683271916746,0.0036513888576205676,0.009384182581026048,0.6912591725492883,0.700019466600522
2023-10-26,252,0.8260349728682508,0.8224990983330527,-0.00129798447462833,0.17723079006226683,0.17178111242213578,0.9984771354093089,3.1275479847788515e-85,1.2000611298460745e-50,0.23628335816283685,0.08758819704201559,0.1199372684615574,-0.1836170853462236,0.18289417994015383,0.23853143780499853,-0.6813851867616314,0.008118684709359851,0.004328812390664642,0.006122550008711992,0.7942269745377838,0.8045323942756781
2023-10-27,252,0.8271604720476939,0.823647473512078,-0.0014467941383680735,0.12874007903662874,0.11762492132114283,0.9945779169615028,1.1925816458166457e-85,1.3547914058229494e-50,0.28631422364812187,0.039150077361145896,0.05144683487813736,-0.16969845546229578,0.2139485574551414,0.2740810589447934,-0.5899868766225269,0.02188686182983794,0.012411996124620447,0.01098360914423814,0.6378907875148286,0.6515923776578861
2023-10-30,252,0.8266450285547544,0.8231215535253795,-0.0014483570713598637,0.12841527196000235,0.11794977479008838,0.9943770693220653,1.348254950630794e-85,2.4472395864603875e-50,0.28536850527028956,0.03980213903288887,0.05278391286026225,-0.1684271102399822,0.21817718706751438,0.28050070735185506,-0.5838928855913089,0.02406924781309189,0.015539972781401274,0.011033898534503617,0.6363276686628767,0.6511914545013225
2023-10-31,252,0.8263599640704722,0.8228306950475144,-0.0014661461091161456,0.12390865024719618,0.11284166316248258,0.9944523151144109,1.2666795997005263e-85,3.0819198918824286e-50,0.277198858160872,0.04869417106575515,0.06897856505230426,-0.16324283671897813,0.23488859340382642,0.30545095033580894,-0.582072028928269,0.023985387496549306,0.01521127899071101,0.010272155427006602,0.659076160862565,0.6747967411220401
2023-11-01,252,0.8281305039105216,0.8246372214696785,-0.0015756506441041076,0.09675027413671777,0.08744488698208606,0.9934033676981744,5.589784008769375e-86,1.1339390813331867e-50,0.2841964740778118,0.042383974073188176,0.061602950397130776,-0.1745095500181484,0.2026232704415177,0.27234930085092957,-0.6282904346583434,0.014815028269237134,0.00713963191618679,0.01231464529989942,0.5950778431193187,0.6150154601000053
2023-11-02,252,0.8277130133187306,0.8242112452967536,-0.0016792328478232668,0.07743356060016231,0.06903519517936241,0.9965679705291914,2.4516905878802322e-86,1.8729559888293407e-51,0.2739897575238135,0.05026626388471601,0.07349199090937664,-0.17380769383021352,0.20574203508718925,0.27459911815305027,-0.6106760199778484,0.017856715444176996,0.009165405375068976,0.012710410148345255,0.5844029109800233,0.6046522440441916
2023-11-03,252,0.8268393717563999,0.823319846792099,-0.0015409697432577831,0.10527389013631278,0.09254960631034549,0.9947006996641021,3.048481615678018e-86,1.4262574256188216e-50,0.24041556100132894,0.094672990532939,0.15107656412201392,-0.18480704155772487,0.17786245033465964,0.24569306422291737,-0.6703330939340305,0.008948791687529786,0.0029764488368950485,0.009034473736991297,0.700666248381264,0.7270748216243024
2023-11-06,252,0.8258364499188111,0.8222965403643154,-0.0014969918007434937,0.11731965135626861,0.11063737941474253,0.9940392196940171,1.0725897897164456e-85,5.755668468961242e-52,0.2580267388887275,0.07513075933730477,0.11892578024186468,-0.1998420018157687,0.14727017079661903,0.2148372578629093,-0.7140560568335548,0.0062905624988702025,0.0021811304584696757,0.012591006245841025,0.5959498847193565,0.6270254661217807
2023-11-07,252,0.8232535329401851,0.8196611250731157,-0.0016138503176684165,0.0909560951003102,0.08589279815732657,0.9920591497795408,1.4471313125589398e-85,9.115459040157535e-53,0.2516419022758541,0.08233838519020631,0.1339779304732459,-0.2043562879531366,0.1387094983896522,0.21089645190439188,-0.6777363800046642,0.010080101421166724,0.00448927742540847,0.011461770129005334,0.6291894567383889,0.6605531954328655
2023-11-08,252,0.8241854405376475,0.8206119738819087,-0.0015231744866032082,0.10823166988682165,0.09388230434905466,0.9867195938587097,2.553807292115906e-85,2.2190234611895144e-57,0.27030934336546886,0.06108364160512939,0.1093776813027427,-0.21304856759564642,0.12004791970722072,0.20546423029161387,-0.7211128073497844,0.006130362793469306,0.003823358633411055,0.014031470539651215,0.552534182745765,0.5940135237902905
2023-11-09,252,0.799531940999572,0.7954573869548479,-0.0009269007092855158,0.34850805031703114,0.31553175508049947,0.9658762515641728,2.8309030290261496e-77,2.2885003894685153e-100,0.3220200137180401,0.034069381755713564,0.1014540789600252,-0.07684546018591065,0.5933416099077167,0.6126459111785123,-0.6140532350554933,0.024674615079918857,0.016972796586597658,0.02512884932746552,0.3100451037484061,0.3857582138292093
2023-11-10,252,0.7691615589796881,0.7644697207475679,-0.0008895178395791891,0.37124564541395333,0.308664608461762,0.9407950693611098,4.488119092433746e-71,4.015976146816883e-122,0.2689956101242217,0.07802595279867071,0.17233547757326306,0.002724779559452689,0.9848750381456872,0.9869738660315166,-0.5430281220701402,0.04784240797742961,0.03506952426344295,0.018589769036889768,0.45719349697728784,0.508272444147593
2023-11-13,252,0.7541606779135919,0.7491639437248437,-0.0009450717850209338,0.33024071075702166,0.27764369841224323,0.9263246560351036,2.2519746857083538e-71,3.129405221758379e-135,0.09696951479385486,0.5372160338625973,0.5403785850014812,0.003780638416882587,0.9785183605091541,0.9816635822822725,-0.41648435460292144,0.12348042812199941,0.071161648673953,0.001524158022686517,0.9512589920071851,0.9531235191040978
2023-11-14,252,0.7550086247227092,0.7500291252252034,-0.001093500067696973,0.26090215470793227,0.2099041005090888,0.9356592245516876,5.253050092501364e-72,9.792118317159253e-128,0.07251501513485412,0.642559872943389,0.6510260830250232,0.022351976619546965,0.8738592128591076,0.8934430758857885,-0.28886496825461194,0.29245841130485445,0.2544598801168819,-0.001526285930475124,0.9510935046470704,0.9525110595224163
2023-11-15,252,0.754206985872693,0.7492111929026257,-0.0011013290333532018,0.25889157964185033,0.20380968317701598,0.9284120084824414,5.315325636844844e-72,1.5439341344715293e-140,0.06909720783232523,0.658921881370424,0.6682926493771868,0.02828925752624792,0.8413184280875692,0.8659799814517228,-0.2953500702851889,0.28262911112669575,0.23533059844738047,-0.0018869360601695166,0.9396542918688623,0.9415172165058652
2023-11-16,252,0.7569724292753541,0.752032844504528,-0.001099529874033499,0.2593031414125444,0.20379557905134393,0.9303927325896258,8.544632795791617e-73,3.401200497955697e-143,0.07538916597547246,0.6321101802657273,0.6474896543931048,0.019893452969386216,0.887394391638752,0.9042223679087636,-0.3049877663190755,0.2669986086296203,0.2194412585283113,-0.00048630445326222366,0.9845480566234004,0.9852298504491357
2023-11-17,252,0.7564909454677038,0.7515415744406246,-0.001076410110247375,0.26909537543535994,0.2117571694086361,0.928930670525276,1.0006940023680819e-72,3.715077509832796e-144,0.063212642621048,0.6891413078126304,0.7012721701291913,0.02474676034959092,0.8598190802922095,0.880841260539868,-0.2957423134702527,0.279555623179285,0.23601241838816267,-0.0020522605890228468,0.9349838506615373,0.9375011048408158
2023-11-20,252,0.757336002717899,0.7524038076511896,-0.0010020284685261613,0.3034842316083777,0.2407921838979663,0.9298584196765597,6.86792607718774e-73,1.1024155046920307e-143,0.062044457489609815,0.6944954352805917,0.7059576859219852,0.01845155299592066,0.8950897844246231,0.9108059228927134,-0.2974576433772194,0.2761484707512537,0.22838410262471764,-0.0023377341938931834,0.9259535218395709,0.9285808108234112
2023-11-21,252,0.7597813704154847,0.7548988779442547,-0.001041512772316977,0.28425019645894417,0.22486310048361147,0.9298701941262758,1.6863642372964238e-73,1.027090003400826e-146,0.06041151731309169,0.7018717922628859,0.7128892943614898,0.020569387293461833,0.8822303085884098,0.8992689620929573,-0.30210206015570473,0.2675086351765105,0.22101231351289363,-0.0020318790771825294,0.9354925638161511,0.9378930794033166
2023-11-22,252,0.7575633140569143,0.752635739139372,-0.000793171882917509,0.4128736867715085,0.352680055226517,0.9257128970400037,2.3619618594898737e-73,5.176851951511358e-155,0.043027460940491875,0.7842352112965562,0.7955659307480454,0.027292020905649972,0.8434191071180009,0.8658046911704103,-0.21477916483774387,0.4295391394084963,0.3614306886516522,-0.008729802540018912,0.7278224929311792,0.7358717350073369
2023-11-24,252,0.7571217008126148,0.7521851500161232,-0.0007891135718007786,0.4151122471264521,0.3557376025962019,0.925767971856879,2.5014851609245606e-73,1.0755625344955133e-154,0.04349396994898282,0.7821870096770023,0.794555411213082,0.02693783601939634,0.8455854559848914,0.8680275786006726,-0.21609368512160332,0.4271281812472336,0.36202315610489333,-0.008699998937009698,0.7286284004667891,0.7368085542268575
2023-11-27,252,0.7565734902937156,0.7516257970070025,-0.000907593103470396,0.3483443879040228,0.28065614478891354,0.9258600477309312,2.1879983048202798e-73,3.079136109830399e-156,0.04744410505499461,0.7629264818375845,0.7755716002904416,0.03409885877405727,0.805582176211173,0.8334815703747587,-0.16744059072356302,0.5427142441424885,0.4829348876688804,-0.008818938053569652,0.7249435788861294,0.7326519304078031
2023-11-28,252,0.7579891603065649,0.7530702408006008,-0.0009959137103231065,0.30231262143625065,0.23019245116254805,0.9267203164274779,1.097573301588792e-73,5.2609607849640135e-157,0.04746226365434919,0.7621374417388954,0.7750451094211521,0.026923652751136923,0.8450797090522955,0.8674161030960609,-0.1662769026657904,0.5442892797850575,0.48631061500511874,-0.008915635761457383,0.7212476921133391,0.729412205361216
2023-11-29,252,0.7571010902045047,0.7521641204932141,-0.0010154730424057413,0.29361772745165776,0.22258006455626667,0.9266954721496286,1.2556132756524959e-73,2.009220863193497e-157,0.044387307555308175,0.7775526608976769,0.7896526257538637,0.02425850262914242,0.8603403039540514,0.880267511211745,-0.16586602233735845,0.5458253652023548,0.48843884627369094,-0.009181914565737012,0.713410674057728,0.7217173566461534
2023-11-30,252,0.7577931048217359,0.752870200448194,-0.0010505132151272642,0.27518041072587085,0.19943555756175546,0.924813360639501,8.786025035567473e-74,1.2580681454382793e-160,0.06292265456762851,0.6874319590170936,0.7079442381404057,0.014872498943767964,0.913832464309293,0.9269814831378786,-0.15721143477404273,0.5634825695314756,0.5193515488324111,-0.006954767138903648,0.7801698793505978,0.7883833103877588
2023-12-01,252,0.7558703619821261,0.7509083774695677,-0.0011387018539348456,0.23536806981294742,0.16599276020836218,0.9216989874504762,1.0044765486600487e-73,2.8444014073527104e-163,0.011608279802158353,0.9420713740607369,0.9464753870523784,0.025992684266812893,0.8491045987807202,0.8719190566597453,-0.12400229198711027,0.6487307195127563,0.6122823462650259,-0.012004182584891766,0.6325461610123981,0.6509972301273421
2023-12-04,252,0.7608638577554745,0.7560033670594476,-0.0011179489626147604,0.2438713177692035,0.17452732338207078,0.920587811922304,3.405958353941033e-75,1.6932137825740564e-175,0.006326060871381586,0.9685080656118636,0.9712414106503202,0.03623781604843368,0.789894113133065,0.8229592974068228,-0.12914952597342155,0.6349718029501641,0.5955576860894433,-0.01298195594972968,0.6058434361911865,0.6277594296977229
2023-12-05,252,0.7595387525273033,0.7546513287981834,-0.001216685339298504,0.2067423677531933,0.14192702743382946,0.9153989655270349,6.171386668694728e-75,4.336759737398528e-177,0.018138753676617395,0.9103151015465424,0.9177675673887811,0.03689285963477058,0.7869810252470368,0.8200840602322259,-0.1482218208602457,0.5866035955458381,0.5424936454844996,-0.010953552698306574,0.6647861171758489,0.6830914593755659
2023-12-06,252,0.7592556067741859,0.754362428050084,-0.001212031396263221,0.20912208435836124,0.1448990713677967,0.917071296102353,4.835444447206704e-75,3.078441238296218e-178,0.010993932041258408,0.9457303525795675,0.9500169106261915,0.011150701795302975,0.9351507021778498,0.9451861270405553,-0.15891267430635836,0.5599275847296472,0.5149790153375778,-0.009482008792039785,0.7076805901044363,0.7234989819301343
2023-12-07,252,0.7448393674661004,0.7396531757479317,-0.000959507598494565,0.3365111988952789,0.25260452463035377,0.9107182635475441,8.863857790646384e-72,3.626254117319641e-166,0.07167735155229181,0.6682078314941352,0.6997273315183086,-0.028946331215246868,0.8380207916178116,0.864758383809488,-0.281534224178901,0.3163427527477476,0.31798380829303274,-0.00040533373957520394,0.9876032877259173,0.9885692983584351
2023-12-08,252,0.7439633569685793,0.7387593601589976,-0.0009436826779430465,0.34434151187581297,0.25883606082510036,0.9073123629721871,1.5671409459741872e-71,2.5588062420811376e-163,0.0722841494236986,0.6653325975715416,0.6981245544101335,-0.011246313138647115,0.9364331182355451,0.9460870885317935,-0.3050171998576733,0.27787969867388873,0.28593609029757194,0.0012407852115122117,0.9620079672229438,0.9656131379513726
2023-12-11,252,0.7478063818001869,0.7426804952514102,-0.000984613284897252,0.3217628565963302,0.23799271018227142,0.9045313169792134,2.310741441655362e-72,3.1748865607737515e-170,0.06694118371539004,0.6873737659154548,0.7172182494928095,-0.011558935528767397,0.9342818595032195,0.9440604606106704,-0.2969201226505598,0.2894432935672665,0.29843559243175555,0.0007325921226516499,0.977464028919902,0.9796256703451822
2023-12-12,252,0.7469845169724323,0.7418419258539858,-0.0010160197149982723,0.307416998676641,0.22072040440451446,0.9045140786468061,3.067195275421461e-72,4.560409735888814e-171,0.06484104083605567,0.697528404569171,0.7261109967303254,-0.00747864319914128,0.957550976391309,0.9638266598013395,-0.2884175466195482,0.30402667389646215,0.3087822127285138,0.0013154814988552317,0.9595925537761805,0.9636514946934217
2023-12-13,252,0.7474844833780174,0.7423520541783837,-0.0010595101623132458,0.2873422180194376,0.20265411048595405,0.9034922622727026,3.0724196702275403e-72,3.742322774284779e-170,0.03925102485280034,0.8188426495713236,0.8378132287334461,0.0033774623967566253,0.9808508094159156,0.9836889652550639,-0.2702523830243225,0.3302935046592347,0.31960186728848683,-0.002866167905294096,0.9143945751387,0.9235542311360521
2023-12-14,252,0.7452121927970056,0.740033578829465,-0.0009977509997324686,0.31773199865977186,0.2321084551713809,0.9023061554434195,7.018797392922977e-72,1.920105469091916e-168,0.046546524028487156,0.7873230368426181,0.8102419062138363,0.021929493251648224,0.8762170879134555,0.8952694289030018,-0.28357525335319445,0.30940439853661267,0.29730089952870353,-0.0011594814517678943,0.9656985699792469,0.9696759755760865
2023-12-15,252,0.7464653991839543,0.7413122568909452,-0.0010260478659048465,0.3051172539207501,0.217963107581706,0.9043603792901991,4.568950253562355e-72,6.135539032806867e-169,0.03108411665374093,0.8588637128633735,0.872715421648325,0.016730189769177256,0.9055577958741227,0.9198515327398179,-0.3159956633923868,0.25736382964534193,0.24634384026229927,-0.002609883719204932,0.9237994834822565,0.9321913641514514
2023-12-18,252,0.7443315190541352,0.7391350052137722,-0.001045422342420395,0.29802303865952146,0.20850425952134366,0.9031830020838838,7.384974799416319e-72,4.027499465830832e-170,0.009055222904455255,0.9591945634556868,0.9630209620863373,0.011580157673871716,0.934950217040704,0.9445092246228776,-0.3179692503639091,0.25514085555362315,0.24390664183740607,-0.004970984311978892,0.8554888796588414,0.870737701651541
2023-12-19,252,0.7442955095328001,0.7390982637915968,-0.0008700921348744742,0.38040397312652174,0.2957974798716102,0.8946429469627637,7.540409125825083e-72,3.959621012050648e-182,-0.06266918411010662,0.7219138965888972,0.7497312670460867,0.04445171361057872,0.7517436759461125,0.7879601573666167,-0.2868869314279268,0.2979447698447136,0.28900546847471753,-0.015261743422231314,0.5740711846246283,0.6180522428871237
2023-12-20,252,0.7438585017950243,0.7386523737827281,-0.0009889866682630693,0.31983225136831184,0.23548032138334563,0.892420665625604,7.824328820504964e-72,1.0351163690713397e-186,-0.036842586000928115,0.8352383936004171,0.8510143014753967,0.04877291363084207,0.7286683645318981,0.7687674104821257,-0.2820008162389148,0.30678507250085574,0.29759998539784405,-0.014435661180580615,0.596644386247243,0.6384784195412232
2023-12-21,252,0.7426747753174712,0.7374445878239239,-0.00100220463199922,0.3132155941934738,0.22331766180676949,0.8912008496396321,9.716274484658524e-72,1.3053861623107332e-187,-0.010985596565807942,0.9504444952536288,0.955038059763179,0.0328141058320113,0.8158247044134879,0.8440202677036361,-0.2862018688544359,0.29848186464991405,0.2867742864018281,-0.010436001287332283,0.701833011115855,0.7321798791367711
2023-12-22,252,0.7387422193101638,0.733432101816468,-0.0008682239705428441,0.3867761738544747,0.29331394633813246,0.8901526121101513,8.156302184479595e-71,5.855685844543176e-184,-0.034803966023958,0.8457715200872412,0.8584209434431217,0.058051383305860224,0.6825788672401742,0.728272887907562,-0.2734312932962563,0.3263269368216416,0.30687161066853363,-0.015772873447869235,0.5654359282577458,0.6080536695985843
2023-12-26,252,0.7406135712177921,0.735341489331975,-0.0009501810205444315,0.34423491919311144,0.24769678784475713,0.8918855543224329,3.453002683900888e-71,4.405480734426287e-189,-0.0356130711104377,0.8423990658081176,0.8547016149502313,0.06886976668525911,0.6318164825578026,0.6844967873792562,-0.2579569726132186,0.35562166155996977,0.33429952952352804,-0.016972157269401295,0.5373404695795347,0.5833917585299523
2023-12-27,252,0.7371010888178164,0.7317576150133005,-0.0008026336219220193,0.4310579417103333,0.34488216539337246,0.8940926976099546,3.149127222614798e-70,1.3184472576224333e-184,-0.06641996490608121,0.71429941233575,0.7371356791674248,0.09513238151598427,0.5138169516422879,0.5843450820679915,-0.27463143815094854,0.3325467964752704,0.30361322595404105,-0.02273961719183714,0.4147590443128455,0.4792543498025925
2023-12-28,252,0.7371747411684747,0.7318327643629559,-0.0007708953297175406,0.44940285529370005,0.3675010199806762,0.8934588369002796,3.23046731748865e-70,2.729874771720691e-185,-0.06602009564507855,0.7160201148513397,0.7385427925147241,0.09548865551043967,0.5132863153320557,0.5848202140135212,-0.2723051075002825,0.33670035436408796,0.30798037151560287,-0.022659641793096152,0.41651205659011514,0.48045009888235424
2023-12-29,252,0.7372966798653959,0.7319571814886763,-0.0007631312052810912,0.45413801641112406,0.3704530531228295,0.8936428793666311,2.896045774607534e-70,4.1633881067855156e-185,-0.0735432140319821,0.6868234550507284,0.7113323500746485,0.09722623993822786,0.5052968227605888,0.5780256880069421,-0.26968788820219247,0.34122723395238574,0.3123918884503717,-0.023279829438198535,0.4045740962295671,0.4694236828757741
2024-01-02,252,0.7339130271642909,0.728504755358687,-0.0008558214245514312,0.4047700249974173,0.31313801186720513,0.8835268863091491,1.0175272457514215e-69,4.11648096784672e-183,-0.08543148997999378,0.6449258625958664,0.6757215343217458,0.08321308791241275,0.5708279004604557,0.6307021486582273,-0.3404156495243266,0.22929264715091977,0.21305582976746407,-0.026368156913868873,0.34969747985438493,0.42245036005358905
2024-01-03,252,0.7375218358758244,0.7321869138407802,-0.0009479228832519159,0.35670114283615084,0.26995845070529767,0.8867211463499828,4.2001549222550314e-70,2.5016188808432373e-193,-0.08410338826290006,0.6509494542148588,0.680332271745169,0.10245071843373624,0.48316106287749894,0.5511556032140875,-0.32403713401595385,0.253727368790844,0.22953912752633643,-0.028039255593677113,0.3203877896976355,0.39543104897027714
2024-01-04,252,0.7387327434597037,0.7334224333674213,-0.000993696258835,0.33312136647453605,0.2435479903709239,0.8864755489195927,2.558397576547883e-70,6.204343058166552e-195,-0.08919471651038263,0.6307807055595357,0.6608946946412501,0.08208490903021042,0.5788113853352499,0.637994364645565,-0.37253720505673465,0.198329712788538,0.18795491425418476,-0.028498215769030034,0.31186677189600776,0.387215203264187
2024-01-05,252,0.7399047409235355,0.7346182519179163,-0.001076927621580979,0.2919015981605106,0.2003635492372995,0.8864973017113653,1.1569755994440766e-70,5.0023254741682105e-196,-0.09477012349143618,0.6075875163359837,0.6392492730104709,0.07184905331709149,0.6258739353674976,0.680452796639669,-0.37502276108270816,0.19345177640677133,0.1854713031739208,-0.02769420374275231,0.3218539577326103,0.3984782052657816
2024-01-08,252,0.7380781078166282,0.7327544921218443,-0.0011383698710685656,0.26855643334424956,0.180355610992886,0.8799115733122008,2.640869415501192e-70,9.708112300067758e-186,-0.1283807939772319,0.48754112547701534,0.5276108562739643,0.09509829441538163,0.5186903123105804,0.583834906633069,-0.3554233879599892,0.22029899789168852,0.2107058546619741,-0.032127652694192495,0.251038719913754,0.3321300639706176
2024-01-09,252,0.7360554920088171,0.7306907662366386,-0.001055752351031121,0.30572312209279473,0.20999399369594018,0.8781023049835297,6.477887809876733e-70,5.170785719034331e-178,-0.14941943343762504,0.4255032664673787,0.47016373702658365,0.1008248253040782,0.4956209858671494,0.5627709882937179,-0.32263860919282805,0.2679627695667672,0.2618529977664832,-0.03538104038994733,0.20786958725162635,0.29007966903858906
2024-01-10,252,0.7155088112528256,0.7097264700181269,-0.0008378432085124882,0.44050287538002475,0.35562034227378236,0.8791612693089724,5.238755787502366e-66,1.6810191528100147e-180,-0.104592123905077,0.5960984667318581,0.6071861140181882,0.07939549299571527,0.6108565052239394,0.6425977319748881,-0.3184266207396526,0.30401490369809925,0.2675539489012755,-0.03187887080326379,0.2820735994501381,0.3188997311427647
2024-01-11,252,0.7140658933560995,0.7082542245218739,-0.0007474940988995027,0.49208466273758367,0.42529033232414337,0.8784057006056942,9.439033799167978e-66,1.4694587503131758e-178,-0.11340210583172297,0.5662761739036304,0.5767769463589396,0.0736698713062198,0.6377017902190253,0.6675756643424724,-0.32793085044389,0.2917938077141325,0.25690459399764176,-0.03320908067439253,0.26439247238263736,0.29908660413313093
2024-01-12,252,0.7114261269938374,0.7055608043717609,-0.0006418246550729789,0.556575906745175,0.5192569459846468,0.8639892626491955,2.486757206783444e-65,1.1995004367001184e-150,-0.13190688669345146,0.5127162496837077,0.5082047709936441,0.12144737395462729,0.4343472975156897,0.4736312739704722,-0.2828443662621187,0.3639364300548692,0.32432358832155084,-0.0377752890858126,0.21172960373308128,0.22277040812817206
2024-01-16,252,0.7125161673036147,0.7066729999723873,-0.00043104751377874627,0.6925678437719758,0.6742403225148293,0.8705965223106326,7.414707940173628e-66,2.235931555553106e-155,-0.15599686554327877,0.441016415677593,0.4257195178305242,0.12476319309186956,0.4213071492863445,0.45288764310569374,-0.2844691653575946,0.3599617249772845,0.3258280822800821,-0.04138949136881161,0.1738595251772128,0.15772699458919648
2024-01-17,252,0.7148635058929201,0.7090680486956218,-0.00040059675066508003,0.7119374452950216,0.6924199897810834,0.876071475094212,2.973151135986492e-66,3.1737486501239373e-146,-0.15867385090100924,0.4314659206947813,0.41547606312613306,0.16016737816710808,0.2993824983865266,0.3290159566486208,-0.2450298483961239,0.42845151443041296,0.39894596294950047,-0.04439441204393283,0.1420426345988827,0.12006519201829592
2024-01-18,252,0.7122224193055767,0.7063732814865844,-0.00046910778156412046,0.6635633345275924,0.6439720586102515,0.8668472443084301,1.6937867191475886e-65,1.0069162359996673e-156,-0.16822065204622672,0.4016590576765068,0.3871193713256864,0.1804334560944294,0.2387817557759126,0.2698079227241348,-0.2368582655656084,0.4404855743350846,0.41714482349708604,-0.04909858847753264,0.10394742669874144,0.08320665181102346
2024-01-19,252,0.711583171569355,0.7057210409101956,-0.00039379656963000904,0.7151562405831482,0.696441785816065,0.8656427124799394,1.92527161288533e-65,8.981013180586157e-157,-0.18979478901377145,0.34674119547538595,0.3332116030098664,0.1766795474813366,0.2480182408665591,0.27877055219637414,-0.25007206957126593,0.4154050922920669,0.3915510325164604,-0.05034016276201727,0.09545774307652666,0.07610904610173169
2024-01-22,252,0.7146608779070451,0.7088613022547493,-0.0005421880984537544,0.6172908304317978,0.5935580264801273,0.8724018133355145,4.3581035336805923e-66,8.130633636334241e-159,-0.18906117889348653,0.3535432923812414,0.33875193782801527,0.1797385104040404,0.24300304404216563,0.27410717283680397,-0.24173017496674531,0.4337394615398613,0.40715433026436443,-0.04971467650541008,0.10215200956087786,0.0819485947666566
2024-01-23,252,0.7048179011382175,0.6988182649824902,-0.0007015202636504933,0.521765842314333,0.5000007401097679,0.8700904587513183,2.1466871803204245e-64,1.2351616700475103e-157,-0.1859301580781021,0.3731263522370134,0.3618900289000614,0.15893826484057016,0.3059928052913932,0.3326914314006718,-0.295339227090951,0.3432868827307376,0.3107771467316748,-0.045583416362105646,0.1390257830735399,0.12078884273744032
2024-01-24,252,0.7070030293583884,0.7010478063778679,-0.0006502659942622798,0.5504282308176238,0.5287749932886663,0.8709610481955539,8.495386007820049e-65,1.2130588862811258e-156,-0.145856394208014,0.4861370374043239,0.4782666557139821,0.1659767986849225,0.28070575570404455,0.30768007139440645,-0.2644581605323527,0.3921388574447098,0.3556429948007107,-0.04208965299283008,0.16968583038786467,0.1527326899620989
2024-01-25,252,0.7097565958606961,0.7038573396790029,-0.0004904412094360745,0.6499035641994169,0.6331167397239507,0.8678079035521828,3.914000231996334e-65,2.6133122199427787e-157,-0.17450053676846963,0.3993761607582247,0.3907466538934927,0.1729357645903067,0.2567039174182465,0.28712748077357186,-0.28187580493925213,0.35652865980782955,0.32533434837390973,-0.046823152471609765,0.12327663153072463,0.10612736182369036
2024-01-26,252,0.7085347370658395,0.7026106463557955,-0.0006228199515367237,0.5647278366020978,0.5478269804358331,0.8629579353736324,6.172242263198863e-65,5.6192263030671665e-161,-0.16090714963252395,0.43720623749462784,0.42860129286837345,0.1738150673825968,0.2546049713237383,0.28496247086607074,-0.26743161017583406,0.38220041854726616,0.35000380968417555,-0.04552900322522491,0.13412171123244312,0.11732272003512356
2024-01-29,252,0.7088620094731639,0.7029445706413177,-0.0006401722246880736,0.5541840080602329,0.5377879878311906,0.8621569662629438,4.914595863344761e-65,1.8057329314884963e-161,-0.17003661983327673,0.41128019811602257,0.40406657278560965,0.1726133097751321,0.2580745868183595,0.289430439816718,-0.2730915789975432,0.3717962062997284,0.33932751794745963,-0.04665002126650334,0.12374118561262859,0.10637557033125554
2024-01-30,252,0.7078628710960057,0.7019251245735667,-0.0005496741097667535,0.6119543634878732,0.5953469205607257,0.8611322021610193,7.784204312990285e-65,8.0335737293129e-160,-0.17953142648038276,0.3860497605794895,0.3785336803794138,0.17531241762186814,0.25156423832689484,0.2815170836866515,-0.27947716223869845,0.36156096063644805,0.328992994101042,-0.048241170176417075,0.11168987077356131,0.09417239015163414
2024-01-31,252,0.7069164198991554,0.7009594365637724,-0.0006139056056621263,0.5717940303226141,0.5540268289676592,0.8615691605321973,1.057828803043103e-64,7.93921458306222e-161,-0.157753449543292,0.4451717071551846,0.4343515781727897,0.16704232656182966,0.2754068770636512,0.30278642985746884,-0.26768626445855476,0.38306665827092945,0.3508172113148561,-0.047123857245771054,0.12094924546660268,0.10150963858006508
2024-02-01,252,0.706860474219249,0.7009023537765509,-0.0006201996966450321,0.5677704398064392,0.5497766662642054,0.86151631553005,1.0725035692875149e-64,6.513438710607748e-161,-0.1608254197356054,0.4380853024172314,0.4279238529453445,0.16678511472094792,0.27619555500665227,0.3032791045718717,-0.2679723413022089,0.3825803675490278,0.34991709257878045,-0.04737357439617973,0.11957839580736385,0.10079807904876369
2024-02-02,252,0.7057846602190203,0.6998046736381061,-0.0006436043708056354,0.5535818908040251,0.5324236799929425,0.8610451964806798,1.1744269955707182e-64,8.092566010310063e-162,-0.15062812715306415,0.4630450385859558,0.45087031414309964,0.17207976829691246,0.2621222735753248,0.28874371318498526,-0.23401429682027436,0.4456951027935915,0.4224024397456354,-0.04587945801091191,0.13034210210539424,0.1101958598436868
2024-02-05,252,0.7068807631682298,0.7009230551025434,-0.0006498331141102109,0.548387232813485,0.527498316405415,0.8613665431023794,7.921803956275587e-65,3.2752835300020885e-161,-0.20995097468242496,0.32001701576478286,0.31348164062676587,0.1771513714970304,0.24769779531194688,0.27249810889366,-0.2513198501957874,0.41266835305502136,0.3828094339409055,-0.05353710605709451,0.0835306345883295,0.07268159905763616
2024-02-06,252,0.7077580369708459,0.7018181596735054,-0.0006667238127274186,0.5385034902826715,0.5180648652124218,0.8609227407344853,8.954189098654138e-65,4.197871443733391e-161,-0.1897261082225901,0.3723215480680485,0.3689733796769895,0.20798053125062593,0.1794142415991525,0.20261734167438217,-0.27928195746719264,0.36344659422659387,0.3319700251406177,-0.052324469533022715,0.09171311797251232,0.08151958959692346
2024-02-07,252,0.7070598280753747,0.7011057595403214,-0.0006738067240194451,0.5344808512447039,0.5140199512250442,0.8607376986115736,9.877568047402245e-65,4.478572720664468e-161,-0.19136435044869707,0.3672266872666181,0.3623278611709809,0.20807057027244663,0.17994980915437675,0.20425442235338498,-0.2793858236155503,0.36595635256061265,0.337713549276763,-0.0524916444137581,0.09052643152425664,0.08009912597933938
2024-02-08,252,0.7052220010383907,0.6992305782952686,-0.0007913829401842604,0.4658675813597819,0.4435300445131345,0.857991739645946,1.846452745771772e-64,7.325959959727309e-163,-0.20805184324653875,0.3295267720400217,0.32437707931576343,0.20737853760802336,0.1818640518220823,0.20468660064788202,-0.2851685372287206,0.356578751217538,0.3277061279992374,-0.05359966225960244,0.08451841733992105,0.0751026966208128
2024-02-09,252,0.7057482653766881,0.6997675390632061,-0.0008009844194178767,0.46122499538584916,0.4390045598157357,0.8573851156938785,1.2827146786713948e-64,1.25718054223434e-163,-0.21145812886834428,0.3218859386570372,0.3157908196933831,0.20917422019926454,0.17745753999722283,0.19935945118500042,-0.2838237472077981,0.3588584888556805,0.3292104779007876,-0.054111271673442846,0.08069512966830228,0.07070713530237996
2024-02-12,252,0.7050241094451077,0.6990286645151302,-0.0006284696328119497,0.564327442231829,0.5421399840541963,0.8588546019010018,6.571198468606178e-65,1.9663566860664454e-164,-0.20302798494381116,0.34093491082412297,0.3345594665744549,0.18400419167536117,0.23675859964886337,0.2574603966701253,-0.3193059368604608,0.304347159962634,0.2739559039207894,-0.04834046425808586,0.1155687038512519,0.10180945193892318
2024-02-13,252,0.7048820339621567,0.6988837013191112,-0.0005564376030312781,0.6093665878069718,0.5894073981999479,0.8584826432110432,6.444416156816193e-65,3.658988015591381e-164,-0.1994115208188096,0.34932228485723094,0.3418811369114936,0.18105634240615287,0.2422672640278928,0.26485824274248226,-0.3015515834644391,0.3323550167363596,0.3009865632610601,-0.047151444775467545,0.12221665910210208,0.10859694209794807
2024-02-14,252,0.7072998775561088,0.7013506880755419,-0.0004836705864361779,0.656995152693397,0.6402151044499443,0.8602716784283317,3.3232530836551057e-65,2.1059006715856478e-162,-0.19065103338720435,0.3740871178666556,0.37031147723069047,0.173640408796388,0.2637410646165239,0.28899638398423755,-0.3146348102456735,0.3128153126076247,0.284359086702866,-0.04740959339267402,0.12086014145855047,0.10455942959780215
2024-02-15,252,0.7064621056371684,0.7004958882720702,-0.0004926173022642751,0.6512865864663451,0.6346696619485785,0.8591946663646823,4.303699666726324e-65,2.458455431469618e-162,-0.16909772013367275,0.4332347547071064,0.43164511699238706,0.17403608008156682,0.26261738519007777,0.2886732615042027,-0.32100516748498875,0.30283796931887164,0.27363276457040164,-0.04426200401638239,0.1512217481612991,0.13479739751210043
2024-02-16,252,0.6999471294534674,0.6938484938732533,-0.0005372884074047194,0.6219236537384121,0.601681795522339,0.8596751752468574,1.1266988396444797e-63,4.7131514376146713e-150,-0.1623419859386171,0.4517325012351472,0.4502258797565246,0.1701937574025041,0.27375810620237606,0.29903849999285836,-0.3194370536718228,0.307572650004501,0.28124159526009784,-0.04377801749238449,0.15613839145863856,0.13998905757695718
2024-02-20,252,0.684863132084881,0.6784579111922973,-0.0002924330501372373,0.7954281145758522,0.7861141816697025,0.8606309377686395,3.4114275136920406e-61,4.9815711136355025e-148,-0.1442489103739426,0.5182981214394609,0.505717678314544,0.18709433487325614,0.24461802903441288,0.2572697473664177,-0.3474107544086414,0.2835602428265457,0.24381985576254694,-0.034840794343103054,0.27384575534788685,0.263967701082896
2024-02-21,252,0.683844204029427,0.6774182732170171,-0.0003159341812406243,0.7793945527212787,0.767952283988938,0.8611804023094465,5.2247599617173364e-61,2.0739887920418937e-146,-0.14499562409162906,0.5169301498499939,0.5047073221002835,0.18879692991022107,0.24030420020566587,0.2528251348699556,-0.3444035769269321,0.2877125861917494,0.2466810453937489,-0.034938519258918076,0.27302649249781863,0.2634718656275018
2024-02-22,252,0.6833914680365643,0.6769563352730799,-0.00021977848244937614,0.8457968428700369,0.8384530446528176,0.8603675254210899,4.8655912290556665e-61,4.4272409679744574e-147,-0.13417163523936115,0.542998910193888,0.5287506413145813,0.18200233242924163,0.2580294587965715,0.26981604286287675,-0.3451179440874795,0.28644757143077865,0.24556717959058083,-0.031935447539107015,0.3145290064369419,0.30702041044183725
2024-02-23,252,0.6832678312937244,0.6768301855883123,-0.0002670512676741305,0.8133136944534698,0.80334260454289,0.8612306551250148,4.310083808195964e-61,1.3399826934581656e-147,-0.12396700728678486,0.5737091726577287,0.5620886409100014,0.17277429136537137,0.28126200112662686,0.29021764669494443,-0.3536964476705677,0.27557947334119837,0.23592942929291605,-0.029716958814060696,0.34751068062524604,0.346346476614919
2024-02-26,252,0.6906645836947645,0.6843772784853085,-0.0002432212817601062,0.8301132186786432,0.821839599168513,0.8695762765005743,1.8686223874762873e-62,1.1697125448856316e-146,-0.14029302249084002,0.5242860221695398,0.5065346898362689,0.16693737164327066,0.29847654591822914,0.30922340662740766,-0.36511451609475387,0.26102833296972494,0.22315688857024685,-0.029737566072491877,0.3483365976898457,0.34235384231005006
2024-02-27,252,0.6884483673170376,0.6821160170592538,-0.000331938517253566,0.7707087553673178,0.7580359372270797,0.866209129188678,3.7974963175616326e-62,2.518834918666248e-153,-0.1306200949939331,0.5558771802477652,0.5399287901421289,0.16258310781056126,0.31230277746866403,0.32284330400621986,-0.3770943409674467,0.24747933004696943,0.21191451729615773,-0.028197547072814678,0.37568337926468764,0.3715327941228824
2024-02-28,252,0.6856601085065249,0.6792710863216982,-0.00042177160413445734,0.7134974027987152,0.6966805287414368,0.8523965870211421,8.934068639575913e-62,2.377255778986036e-145,-0.13360155701778523,0.5499687776297673,0.5308719969109925,0.16570932745711953,0.30660414635938665,0.31258776788116405,-0.39191572072108655,0.2336706816007558,0.19937628706439858,-0.03050914033440575,0.34132456207843687,0.33238858822951445
2024-02-29,252,0.6854471220990357,0.6790537709221869,-0.0003831063811955732,0.7389266693412935,0.7232422759963448,0.851442551814614,9.588220164795495e-62,1.4442746102790425e-144,-0.135830954873437,0.5439455053581059,0.5265462368012447,0.17231263617575565,0.28769225869417664,0.29443524390834697,-0.381457034434894,0.24601667625722842,0.21134088320045208,-0.03132609014239171,0.3295183784093786,0.32190335411728643
2024-03-01,252,0.6855597081869156,0.6791686453451862,-0.00043295137314170026,0.7066506700653967,0.6885275401649,0.8507432863748374,9.668834861169522e-62,5.067673934518302e-146,-0.11563051495842103,0.6059092405647257,0.5889492469423254,0.18067354872365474,0.25886150170852584,0.2631461032592072,-0.3604976203917696,0.2724384021357237,0.23601253463827965,-0.029724406961040912,0.3551474367785933,0.3481175601126437
2024-03-04,252,0.6867952433542905,0.6804292930159631,-0.0004719592496758028,0.6828854650768096,0.66226317000396,0.8422842997478253,6.475092562578396e-62,2.8336548708308236e-133,-0.1165584866418364,0.6043731968564969,0.5863728733367819,0.1596974188686059,0.31727004504272555,0.3158080765794675,-0.3826674365777851,0.24720713775159606,0.21212613073227238,-0.030551656925215494,0.3436175402108985,0.33529395364260317
2024-03-05,252,0.6793608858834288,0.6728438307184579,-0.00023258992719916603,0.841270929562997,0.8303103617089826,0.8284186690252685,2.3221614053811648e-60,6.927075370566187e-101,-0.12179853163986257,0.5928059025738979,0.5747428827532164,0.1783752915356837,0.26760500750835386,0.26156720827769897,-0.39646480703958137,0.2342869855540893,0.19962746795639752,-0.02936408671144232,0.36647024927113436,0.3543572956018649
2024-03-06,252,0.6790188625734672,0.6724948557152044,-0.00010075532447345853,0.9316042686928698,0.9276439032325371,0.8329733935439352,3.6718554064775116e-60,9.635905755083147e-110,-0.09912979966749105,0.6661250166429468,0.647917032065102,0.18555639788621597,0.2534862401747186,0.2457124032089939,-0.42386077234326874,0.2080347170696211,0.1742077451374806,-0.02618686963118892,0.4246813730557494,0.409794192676592
2024-03-07,252,0.6797778169739482,0.6732692360181343,-0.00017058403060635392,0.884680359483654,0.878133993793227,0.8328240299572001,3.188087493579616e-60,1.2821139368640836e-109,-0.0786192444920785,0.7321273843213871,0.7174451007675884,0.194168026347335,0.2329294334395903,0.22406151882404435,-0.4518404070377835,0.1805568232884432,0.14987782038216244,-0.02475608001160269,0.44881606514115957,0.43323485816011
2024-03-08,252,0.6783810731554207,0.6718441030976041,-0.0002336386398187416,0.8428334817650517,0.8327408610132436,0.8319382085277264,5.534030957415429e-60,2.0617272557955477e-108,-0.06579042159842827,0.7743294148004288,0.7616990748424066,0.18605738417239717,0.2526193405086118,0.24021971353727578,-0.455059398822431,0.17799698373713327,0.14716753169047853,-0.023610952694122122,0.4705598847500587,0.4561623891040135
2024-03-11,252,0.6749600620872339,0.668353559284129,-0.00016979277174089297,0.8856793909004964,0.8788483721722812,0.8287183863261167,1.5717947708056797e-59,7.570787612398569e-108,-0.06965005282811354,0.761359957057026,0.7483283379930357,0.186094827681491,0.25214818690066576,0.24102235455648302,-0.47435632651388937,0.16163898256443587,0.13330521585068378,-0.02128244739501762,0.5175610712302623,0.5076266657675288
2024-03-12,252,0.6751287230391854,0.6685256483042095,-0.000196974576439201,0.8677736596615321,0.860355853789976,0.8291080623749624,1.7181931948141797e-59,7.092233423136595e-108,-0.07691269826788727,0.7385877507948224,0.7245794380378656,0.19538581603402147,0.22982568496932543,0.22050741883234415,-0.4846321079358545,0.15517720675759597,0.12732851959849592,-0.019721821801552866,0.5482880803608174,0.5404031650648993
2024-03-13,252,0.6382644908458868,0.630912143098852,-0.00025100035346924295,0.8318707848867004,0.8224011285102013,0.8249851752782067,1.7283877097148698e-54,1.2052134695311294e-85,-0.06916995430885903,0.7640926454649893,0.7512252817879801,0.1861869314411607,0.2555713553201813,0.25190044171687187,-0.4784751454500801,0.16176175202315762,0.13072485100011538,-0.019324024918988086,0.5580842535494672,0.5526520184571109
2024-03-14,252,0.6398896089724064,0.6325702920816016,-0.0002687761879572742,0.8199500116995517,0.8097364657279771,0.8261282466727535,1.2383751521679237e-54,5.445378375710248e-86,-0.06846921095660019,0.766652213441307,0.7538396000295675,0.18760998556322583,0.2519448164791492,0.2477748533825027,-0.4832309585827677,0.15724351333682857,0.12596397813346458,-0.02043523605382918,0.5358846656106941,0.5295526870233638
2024-03-15,252,0.640764374998482,0.6334628379049553,-0.0003151006456439977,0.7891683236548662,0.7781890606697643,0.827662925458085,7.434569603682568e-55,3.5927727705106665e-86,-0.04410957953019096,0.8480932112446637,0.8389829184222233,0.20662393770972387,0.21275634225982856,0.20761275320168526,-0.43501135606463326,0.21204959675126517,0.1841061103034235,-0.017260866298664322,0.6014312998809541,0.5973882055214657
2024-03-18,252,0.6416108832152352,0.6343265515732684,-0.0004172323708848773,0.7250767492110202,0.7137502556005091,0.8343318437707441,4.989229661855036e-55,5.084155142229641e-85,-0.07029405744036776,0.7614801546035657,0.7454437420872638,0.1949475091490286,0.2430637326960695,0.23590629029206622,-0.46508983796897785,0.18506092423443157,0.15837739927282957,-0.021003052657389075,0.5289295615904455,0.5201137866940965
2024-03-19,252,0.6506013979880833,0.6434998003862151,-0.0005385917049680056,0.6506568650177509,0.6448194263852051,0.8566343122709477,1.3956609343072243e-56,7.129867116448999e-72,-0.0893734153664022,0.701025055008325,0.6811709100220111,0.21475216417284404,0.2053044114758311,0.1920697151178371,-0.505329078161487,0.15212832878137256,0.12402061920652352,-0.01695791734864134,0.6135774117521078,0.6058481790394759
2024-03-20,252,0.6702531713834496,0.6635510000701051,-0.0003179222033592935,0.7874613479424826,0.7827089296244283,0.8677495007407154,2.624175954016938e-59,5.7145796991924084e-64,-0.07491727027118195,0.7453572517829326,0.7333689101454374,0.21839952552738603,0.19366512646334552,0.18167117723402382,-0.5569706662489641,0.1112981831668398,0.09076532098524374,-0.01971793685561661,0.553556836473805,0.5481858320983446
2024-03-21,252,0.6699331677084317,0.6632244922553511,-0.00036912215500283917,0.7539416978956619,0.747537858449606,0.8627534726859799,2.7531286553551965e-59,3.6768454537819985e-68,-0.060192153326580344,0.7935563733768674,0.7833972594772534,0.3047498228887604,0.07049730577441601,0.071935651259653,-0.4485608868972879,0.19360884109016155,0.16789230662256327,-0.015455221522488093,0.6428380151023734,0.6418628005109197
2024-03-22,252,0.6708666761412078,0.6641769744367607,-0.0003213920161158658,0.7857194675556267,0.7806205719368418,0.862105820362923,3.735753116241422e-59,7.756564516993163e-67,-0.10426383746309503,0.6565478464947989,0.636297173849063,0.30860570969192136,0.06663078313902689,0.06856866633417692,-0.5227183218479701,0.1376114582680368,0.10846408958675553,-0.018037801572094635,0.5894198572459693,0.5867844189697793
2024-03-25,252,0.6752572852301673,0.6686568235478536,-0.00035791200363472354,0.7619277545164211,0.7567908670616508,0.8573492386611428,7.861738487236235e-60,5.567242217263941e-72,-0.10473021997694298,0.6553275033162637,0.6330465914272659,0.28875590747030044,0.09427350676350683,0.10003071331344508,-0.5425504199228416,0.12722762699541437,0.10458967136634469,-0.01827155521883376,0.5847798824981661,0.5820686678308565
2024-03-26,252,0.6734220020449173,0.6667842378588384,-0.00034177767873171735,0.7721869851725092,0.7675130334161034,0.8565770472391656,1.30671517282229e-59,4.0434253421415184e-71,-0.10225985580599878,0.6627654824560462,0.6403809882233127,0.28873362985410733,0.09424419182262891,0.10005686667734541,-0.5331196627690883,0.13551289029839553,0.11141276266545784,-0.018545837888224934,0.5791814763664807,0.576838754249611
2024-03-27,252,0.672449447496934,0.6657919159419936,-0.00035358298942108073,0.7656655862132421,0.7615495770286088,0.8567696905801241,1.992928521418845e-59,6.217487523265843e-71,-0.12368673889583862,0.5989575943177298,0.5718441191414466,0.26334302679444277,0.13152472211460858,0.13901483571723536,-0.5727763165099419,0.11133229105241552,0.09284029405893925,-0.019577491682001555,0.5601337612078119,0.5576851053593803
2024-03-28,252,0.6737584297815438,0.6671275035575914,-0.000464619616852651,0.6949119390687841,0.6884057655627893,0.8570449425310311,9.52966519738787e-60,1.879925127886646e-71,-0.09779878560349109,0.6773716467087367,0.6521387074750878,0.25118068154720824,0.1462587338908825,0.1506901609179414,-0.5525297652310367,0.12204962390037974,0.09918060562628617,-0.016036659975938526,0.6329886265747919,0.6304222858240631
2024-04-01,252,0.6755685476365147,0.6689744124258747,-0.00043724672338107614,0.7112340368510346,0.7054165244505717,0.8601793718546116,5.414974870589975e-60,2.5128275063602885e-71,-0.06875533802442904,0.7708322632963691,0.7536996049750591,0.24885336581629894,0.1468594087031911,0.1498833067101852,-0.5322523460463252,0.13406406138968494,0.10757673541242527,-0.014535167507634117,0.6644147473791755,0.6628712446012562
2024-04-02,252,0.6809523655749332,0.6744676575581636,-0.0005396986854777251,0.6476921131505972,0.6398996476846981,0.8651288390187455,6.627054910391519e-61,1.4275181551926222e-73,-0.06696122238764934,0.7770250082879866,0.7600887355886757,0.23927549995576464,0.16286467684043893,0.1646304465207673,-0.5151296659862662,0.14795830812384556,0.12037227482089097,-0.0158949124795471,0.6356205364608907,0.633461043776176
2024-04-03,252,0.6809668514030867,0.6744824378137185,-0.0005632918273694664,0.6328075875553512,0.6247851913246161,0.8646581312526915,7.42698383008589e-61,1.1953722761764218e-73,-0.08112584551784136,0.734788096261092,0.7187376674889758,0.2383665603830027,0.1628824987110922,0.1642357008510823,-0.5238564676338815,0.14198123257929543,0.11382965110190063,-0.016996952339808795,0.6137195743453276,0.6133074401294569
2024-04-04,252,0.679025327147346,0.6725014516828611,-0.0007125594811031974,0.5468667912992344,0.5394602970919067,0.8618596432233219,1.6223748047962363e-60,4.2412036205397015e-74,-0.08086246854361503,0.7363675970540593,0.7192137181237319,0.2503518243853639,0.1433049984201913,0.14322986275769303,-0.4753104784061775,0.1830461812319091,0.15484952270558525,-0.022972320262564704,0.4928789333611079,0.49420298099691895
2024-04-05,252,0.6787583544092028,0.6722290526695525,-0.0007689795515134631,0.5157074391791372,0.5071297714787607,0.8610148625094329,1.538490376753455e-60,8.062840555021493e-74,-0.06166171592009506,0.7963075862007128,0.7827576167832346,0.23730861947117016,0.16242518925479746,0.16337420633314348,-0.4575792478833328,0.19625127802953912,0.16752487001320293,-0.02192299744760793,0.5120370389980484,0.512184709555652
2024-04-08,252,0.6807968986906949,0.6743090307779043,-0.0006224501260337506,0.605142594448329,0.5965340530622584,0.8734249162284752,1.1572468782841978e-60,5.485105099471933e-73,-0.12214926093164019,0.6141053019675575,0.5944407091495714,0.24636447751347376,0.15409219654212472,0.1479486437796731,-0.48344745732819683,0.17997671444416838,0.14723222222608537,-0.03184106596130545,0.34722510716985433,0.37377009986458265
2024-04-09,252,0.6827325094495644,0.6762839832188645,-0.0006592599346868859,0.584710054102948,0.5713917546821694,0.8766170632566326,5.195958968764484e-61,1.5684461991680107e-71,-0.12106835826662155,0.6178979103240343,0.5966188702405373,0.2321505489115508,0.18007442015589653,0.1716512374897311,-0.4945871851006099,0.17103324572432993,0.13931268483139553,-0.03157685057520482,0.35223797117869726,0.3743484606109514
2024-04-10,252,0.6841026794592797,0.6776820022125172,-0.0006087200299308979,0.6126102748369737,0.6013609663478896,0.8822273404917375,3.183707884632844e-61,2.593946571610926e-72,-0.10158543829587366,0.6753743609183772,0.6539477195137867,0.22267534122501914,0.19770284462400498,0.18925494733264814,-0.45239756195199027,0.20657002600447327,0.16497355474340203,-0.02886129920710901,0.39505184326298604,0.4124174019882103
2024-04-11,252,0.6873121306860789,0.6809566861878285,-0.000515898512729279,0.6663847736711513,0.664073248725691,0.8845058982327042,9.241822280505126e-62,1.6701159948947246e-72,-0.10878770676098487,0.6522039273293107,0.6328262542798875,0.22582558819147658,0.18710070368881815,0.1787376352455492,-0.4858878834165062,0.17242028848644536,0.13606574336494076,-0.027937458841798102,0.40726699222055684,0.4246288863570258
2024-04-12,252,0.6910352223017977,0.6847554503973627,-0.0007314429936791826,0.5442488180531146,0.5340960929405649,0.8899741150936114,6.4365236305399905e-62,1.698848007103863e-71,-0.0986623127966024,0.6856479005045883,0.6657345849013832,0.22183694219372585,0.1976035534114612,0.18684792365039793,-0.49586420836732314,0.16921406747355397,0.1412068459930953,-0.03375019196555435,0.31698975069730934,0.3398989441741018
2024-04-15,252,0.6949976437859561,0.6887984089035568,-0.0007775907717603051,0.5157298833251305,0.49681439968766694,0.8876194983401163,1.257275456855063e-62,1.4616433217299284e-74,-0.12539852248083197,0.6050523859842287,0.584917564472196,0.1906704777479975,0.26751021150654364,0.27189161085987756,-0.49892494385977093,0.16394894821900288,0.13802027582059492,-0.031710253443975725,0.34349709243238347,0.3634044346048513
2024-04-16,252,0.7006885517771688,0.6946049857563796,-0.0010988857771710727,0.35334671572388,0.3326604854909322,0.8882682934087821,1.3625635161650911e-63,1.3258694215300786e-74,-0.06267837057950137,0.7931777757392,0.7838593089195429,0.23900906674319544,0.1614352272801115,0.15663177286240737,-0.5232250005138714,0.1391913063799897,0.11847040270015483,-0.021128016012892166,0.5215263561420609,0.5404745518090752
2024-04-17,252,0.7038289080769702,0.6978091704362582,-0.0011617237005534168,0.3229386040874699,0.30715304746493355,0.8909988853139839,2.6852397822923288e-64,9.101214088344123e-76,-0.08146509200979046,0.7309077028351523,0.7207404831999152,0.23583775203142188,0.16299711140855067,0.15844288235576298,-0.5699315536004015,0.1048090688651656,0.0835978609606379,-0.021790751837370698,0.505735670897105,0.52658151192142
2024-04-18,252,0.7054058446152032,0.6994181585301463,-0.0011117872405125113,0.34339240563624884,0.32515766660823353,0.8923756185190832,1.2880757940634068e-64,1.735888976337957e-75,-0.0834629968330261,0.7238891331571189,0.7133249311607451,0.23854654368952322,0.15711032707801123,0.15452624656983543,-0.5873287561363871,0.09398986110381354,0.07377153029357741,-0.02167952310090794,0.5067025405405319,0.5272347617135047
2024-04-19,252,0.7012893033794902,0.6952179477571222,-0.0009638993275643984,0.40888832691795785,0.3877613887880411,0.8837158864481063,7.97395976334025e-64,1.2178390075484412e-74,-0.09164460462327884,0.6956333575130614,0.6839640050715748,0.22014002325030746,0.18873985278414748,0.18343063265406734,-0.5856074393123331,0.09284276512948089,0.07423506099862039,-0.02469822811114166,0.44712223741740864,0.46802476366453427
2024-04-22,252,0.7046936794708083,0.6986915184844427,-0.0010056645456620022,0.38727827954727023,0.3714512831404335,0.886852760352308,2.6776640404489608e-64,3.9323341859937794e-75,-0.08469168904557045,0.7171900690074577,0.7070671157842556,0.1932022753362583,0.23346182633657403,0.21956744816141127,-0.5879748088659863,0.08985548773271378,0.07202386032320444,-0.026140677818864033,0.4188449447489123,0.4390237599026914
2024-04-23,252,0.7023431469090877,0.6962932108706545,-0.0008728342216303931,0.45345232352001896,0.4349491049461778,0.8829131535576842,9.231297532167442e-64,1.4513947455746084e-73,-0.08782378312380562,0.7069829173928845,0.6955398634319008,0.17062200165228947,0.2962896087048201,0.28510224132561723,-0.6167627028234305,0.07531556169754848,0.0592630537853813,-0.027658635707545405,0.3920345722165479,0.41202284408511514
2024-04-24,252,0.7037942978370751,0.6977738567362026,-0.000784187960772729,0.5000310485835184,0.4814277029611861,0.8821748522903509,5.711119166640795e-64,3.9499170327019e-74,-0.08781052285322008,0.7066777519450884,0.6957196580326341,0.1697732175293758,0.2981013318719502,0.28784655165598794,-0.6370662500097559,0.06672922462438377,0.05279432352921031,-0.02702617481520564,0.40239240169103685,0.4225195551970371
2024-04-25,252,0.703853729928352,0.6978344967968145,-0.0007589854867499643,0.5129503677048455,0.4946641822203445,0.8833139872733125,7.134343987627686e-64,2.93974202201314e-73,-0.09319808357630938,0.6876427559535176,0.6758739945830884,0.17215905666066195,0.29157997981665773,0.2835814063170493,-0.6298919553956001,0.06972160577373844,0.057177012296813816,-0.02659134500307344,0.40692229240810385,0.4255201297243141
2024-04-26,252,0.7039885087990411,0.6979720150754444,-0.0007206987877313747,0.5356060067502169,0.5180395505746553,0.8829749208712153,7.272228364808613e-64,3.3248675005153124e-73,-0.09179661047023671,0.6912431896145382,0.6782820652835235,0.17035131878647386,0.2976781163778481,0.2908702797980127,-0.6327210815111329,0.06902536028350899,0.05803163743864016,-0.02651382857906414,0.4080804331615704,0.42574807554020067
2024-04-29,252,0.7026192459629097,0.6965749216938631,-0.0006046480303674902,0.603547410181209,0.5891874701196563,0.8837006600175207,1.3418916451327274e-63,1.4849807392619603e-72,-0.08021402828429836,0.7309628698529904,0.7193969975773686,0.17652234942486522,0.2822266686548937,0.27337604445403607,-0.6389452283231979,0.06751778795002061,0.05579835132535053,-0.027441628064552907,0.39307057226673325,0.4093677331124913
2024-04-30,252,0.707149426681692,0.7011971792565231,-0.0006606411449842477,0.5690420943571066,0.5518247783635712,0.8859300136338688,3.470832624585611e-64,2.7160582239034166e-74,-0.06434070803300004,0.7813636039245795,0.773714985460916,0.19508518846815437,0.22669265665791982,0.21932459715138486,-0.6268297618546578,0.07319583214646759,0.060774100550059065,-0.027385433935770198,0.3952377029189451,0.4127948305321435
2024-05-01,252,0.7054260935616733,0.6994388190405691,-0.0006031093956734999,0.6028533233404196,0.5878335042763494,0.884145088556243,4.811704000488283e-64,2.236525815859888e-74,-0.08895611531730839,0.7004012925613299,0.6911691325446561,0.19421426215015525,0.22932301350110448,0.22100970325357283,-0.670992900440559,0.05490760924770869,0.04527843852632836,-0.029938755939808145,0.35204734759362066,0.37066873342630446
2024-05-02,252,0.7046983436637144,0.6986962774780177,-0.0006447231259242613,0.5782078160350905,0.561459431728118,0.8838315227882183,7.532701777568463e-64,7.439474809908421e-74,-0.09244999590231338,0.6895140173459908,0.6796899666199823,0.1963047719756037,0.2268353491430397,0.22437229815873327,-0.659003873753582,0.059097272846320985,0.04680440561253301,-0.030051353105089183,0.351454712376176,0.3713384036477876
2024-05-03,252,0.7045618004773587,0.6985569590236465,-0.0007172680912570527,0.5379643195720556,0.5195762596247642,0.8795374742541175,9.987329578753748e-64,3.855774559329485e-74,-0.09724883944379059,0.6758968142144937,0.6653697805422626,0.19693331371385614,0.22635699555396613,0.22355542039243292,-0.6497385935767783,0.0651755274949307,0.05082774794099628,-0.029031171554667293,0.3688718935457036,0.387373477867369
2024-05-06,252,0.7037153013095813,0.6976932545882313,-0.0007228542471756541,0.535807702103295,0.5187206633363232,0.8793090583195693,1.3096631190385768e-63,2.5263112009386764e-74,-0.12249433400814932,0.5963471013221583,0.5872271009540927,0.1894095871732438,0.24468982568917189,0.23905634964768185,-0.6679720969169529,0.05795394396588501,0.04540225619509249,-0.030181519631612398,0.35106444749450916,0.36792954529619815
2024-05-07,252,0.7065786154497833,0.7006147661703074,-0.0009058908603278308,0.4330924467026379,0.41870877316524413,0.8793811871789394,1.9706415174435727e-64,1.0089600854937867e-74,-0.13591545926403142,0.5527252545494103,0.5470963583640112,0.23878497150289793,0.14212011247557982,0.1270026531591325,-0.6488111067833807,0.06244253257799502,0.05151855324067481,-0.022278489330591705,0.4885953210899904,0.5044658806547526
2024-05-08,252,0.7011839235941566,0.695110426106233,-0.0007864789511397805,0.49529331040512325,0.482525394680167,0.8730528691400095,2.0563540960942987e-63,2.1498066472080948e-72,-0.14196616343874863,0.5342604846759427,0.5294472735258992,0.2453980050726618,0.13095811161996623,0.11746563570643412,-0.636262437972373,0.06718135506167772,0.055860060989841795,-0.02429548102816447,0.44923479425774804,0.46603475049272103
2024-05-09,252,0.7013436547144138,0.6952734037939752,-0.0008233872224781278,0.47562162056,0.46294024324532446,0.8721190097877789,2.1185510059185507e-63,1.1844870280550254e-72,-0.14293328999676305,0.531632937917688,0.526630346733798,0.24049001637558237,0.1390681795851101,0.12606423755551402,-0.6358798542522058,0.067691830874749,0.056390816244748315,-0.02439431620206209,0.4476859509298864,0.46464377768102794
2024-05-10,252,0.7029374942250655,0.6968996384166318,-0.0008600088686386016,0.45707929644078416,0.44327106880625056,0.8740933307220546,1.0971464533741364e-63,1.2205535233452558e-73,-0.14276869484686805,0.5325611538892288,0.5268124392292513,0.22448183585358505,0.1643469553858034,0.1516327030797787,-0.6521998555951508,0.06091924698528938,0.05059771011146403,-0.0238360291144104,0.4587875984080262,0.47492156421506615
2024-05-13,252,0.701809983033381,0.6957492103308075,-0.000903722267433347,0.4352021874303228,0.42191333610095494,0.8725935428926646,1.385928785100112e-63,2.3784800372599975e-73,-0.154166818503904,0.49926804389746104,0.48985521722232594,0.2380895802827426,0.13721024947768867,0.12116002573212037,-0.6373886841741503,0.06701819725218652,0.055012133107893435,-0.026751241926833064,0.4009453874162334,0.4122281642832152
2024-05-14,252,0.7035437942672628,0.6975182616304185,-0.000990856061401666,0.39137840822219716,0.37688614474092075,0.8736877345388174,6.594618414637778e-64,2.9398345271538756e-74,-0.15610219820841725,0.49300843656687054,0.48490519590894154,0.22996273694399622,0.1503120235114073,0.13627827664903547,-0.6717159944419661,0.05453472017783716,0.04484233323712834,-0.02623602316748093,0.40932427810799565,0.42151383074758664
2024-05-15,252,0.7053752711832897,0.6993869636870151,-0.0010028398609736463,0.3870141793422256,0.37387870285040603,0.8689302010404102,5.233094566173328e-64,8.464877835599817e-76,-0.15833984558635186,0.4876308910741508,0.4788034223885371,0.21387600493941075,0.1796500504838677,0.1641449389716445,-0.6688831503545084,0.056089387317986496,0.04578450326949585,-0.02500605451471767,0.43253000423423404,0.44441391434292066
2024-05-16,252,0.706475822114849,0.7005098835399477,-0.0011516046697259098,0.3210357051563664,0.30982864339300564,0.8707312454361986,3.3476047005969444e-64,2.0342841893722396e-76,-0.14678674471599742,0.5198353686842137,0.5106832459924713,0.23531740542093055,0.1434282097137397,0.12667453309058327,-0.6502210187252193,0.06373331187910576,0.05309746735886332,-0.024948602426548193,0.4336370194583443,0.44640000143618586
2024-05-17,252,0.7073422198850342,0.7013938910209089,-0.0010578352407177689,0.3631540013455542,0.350167267046278,0.8733624782941708,2.549411818355173e-64,5.6942841916439295e-77,-0.1499343795708581,0.5128968306027812,0.5031225809728566,0.25832414507300494,0.1068582268434995,0.09035322405805535,-0.6138789371975293,0.08131293030825473,0.0691433019875206,-0.02759651067876693,0.3869987964107836,0.39805913928343495
2024-05-20,252,0.6932704767228497,0.6870361368188426,-0.000888674152611579,0.47762492200797246,0.4431495909900762,0.9063929827846724,2.7085444559569642e-62,8.274450839453976e-58,-0.13727385348235724,0.5783556886380359,0.5462682957199212,0.35471732820899515,0.0393907980099371,0.048969071411926815,-0.51775357680774,0.17270381273263827,0.16169842929096834,-0.020495968348129306,0.5497275165554831,0.5353371067596663
2024-05-21,252,0.6847441067999926,0.6783364666943015,-0.0006381154291595221,0.6150573705086104,0.6011668483015402,0.9006231213887939,7.853471531510581e-61,1.7744090631433056e-62,-0.13931455160612735,0.5785734206619336,0.5393603223842438,0.33266068117715103,0.05710704188715339,0.052623097129899064,-0.5188939881611871,0.17887344719185674,0.1601850570008052,-0.02333017288462269,0.5032080308983915,0.4780049439168833
2024-05-22,252,0.685027232217976,0.6786253466939511,-0.0006312467988518833,0.6185364142934578,0.6073538538263252,0.9002830556268298,7.670385960078797e-61,6.017280802440765e-63,-0.13999027099093886,0.5767965674160858,0.5374187718921837,0.3279165564036774,0.05921887383384548,0.051373419959168734,-0.5187867370535403,0.17898395640469714,0.15956346733041082,-0.023353956910702398,0.5028452761004896,0.4778019400054806
2024-05-23,252,0.6811771057179441,0.67469696559026,-0.00046148430988624206,0.7167116399103719,0.7210155908863071,0.8963706831530229,3.8862541486129973e-60,4.7696309189826954e-64,-0.1544646231942075,0.5404965217562623,0.49780380032488214,0.26779184253733856,0.11766714078106941,0.09852737276018467,-0.5737255801493156,0.13838257185753092,0.11136328557319314,-0.0236889302216807,0.4993475889004485,0.4711079516659594
2024-05-24,252,0.6786269261436529,0.6720949530977922,-0.0005835598065428582,0.6473581475166951,0.6458280845815026,0.8973650521324382,6.498820330930798e-60,7.116367611768639e-64,-0.1496087642110491,0.5542826789144752,0.5107197015440124,0.27652758822711015,0.10703806963231359,0.08500190571991453,-0.550933707475603,0.15521701014949035,0.12564020712285973,-0.021768738772403762,0.5358166140200677,0.5119265939563101
2024-05-28,252,0.6761070774196799,0.6695238879363401,-0.0005035835775200401,0.6946495227817719,0.6956621203008476,0.8975005856868479,1.4667628162932496e-59,1.1872756283637688e-63,-0.11990074720488712,0.6367871674287735,0.6011122270261147,0.29562763026011823,0.08678301568207913,0.06343400127392926,-0.5582320741601248,0.15246638230150375,0.12098537001306146,-0.014196116827994057,0.6851950445963748,0.6761980742065297
2024-05-29,252,0.6765969813118755,0.6700237492247185,-0.0005406476321039566,0.6731575314970241,0.6726828818391491,0.8975919661413951,1.436510963915292e-59,9.595651690479123e-64,-0.12767026349976124,0.6160492931994187,0.5791365455788287,0.2972699824655823,0.08484365180732581,0.061778355588288925,-0.5656190220051267,0.14727972669816064,0.11580159578148358,-0.015064243665248653,0.6654579009202494,0.6514730673194529
2024-05-30,252,0.674328116273027,0.6677087690428041,-0.0006403928467434226,0.6173308033313525,0.6155782475642936,0.896499401187679,3.051477640243814e-59,5.995398716601185e-63,-0.10609538047679265,0.6764645843628406,0.6470329321601953,0.2982110359385918,0.08477200415339813,0.06324261086026363,-0.5373743879413713,0.16744551291263707,0.13432867550775998,-0.013872177016329493,0.6911748709154595,0.6796681848010409
2024-05-31,252,0.673052554937996,0.666407281664378,-0.0005625139412893326,0.6610332019879046,0.660061521209552,0.8945633024431102,4.592441001640345e-59,5.393642627143214e-63,-0.1133514274390047,0.6563834007733071,0.6242560049685439,0.2866678117835756,0.09713150495127383,0.07229502040877844,-0.5403936232671709,0.16570399258069893,0.1320110055972973,-0.017765070540728123,0.6083979383612635,0.5878569138263595
2024-06-03,252,0.6715999622869189,0.6649251647724254,-0.0006357744038976999,0.6214584636518994,0.617599034958513,0.8933249923497197,1.131632043640038e-58,2.517844221106694e-62,-0.11224033092433101,0.6611294135850373,0.6274239220687263,0.2789561127354214,0.10683131783437191,0.07939998758456573,-0.5134549121360125,0.18923811056780154,0.15753366816196757,-0.018882266597858938,0.5913472757828017,0.5716537718295838
2024-06-04,252,0.6720074075397698,0.6653408914328547,-0.0007153342188109433,0.5777433212358203,0.575130607673695,0.8922323632023652,1.00261326326411e-58,1.8494882902141e-62,-0.13935322585956905,0.5883943228995323,0.5502564351899358,0.2964959228026598,0.08622055553171656,0.061748199027516236,-0.5393390867614903,0.1689823285203276,0.1388222246104133,-0.019223195943973224,0.584101309165543,0.5646088316640837
2024-06-05,252,0.6687456633302067,0.6620128516092759,-0.0006948987345226428,0.5896885502234311,0.5871401442172138,0.8919080202161549,3.672977009782545e-58,8.685087400093601e-61,-0.1329684652428304,0.6041641520368002,0.5668951920916813,0.3019755468848234,0.07891099564738523,0.05491765828489325,-0.528571223205485,0.17553280461486667,0.1450307524894124,-0.019147592981231747,0.585691407277912,0.5657507605462088
2024-06-06,252,0.667487490190119,0.6607291058443897,-0.0007088743379720867,0.5819587555108399,0.5792573516113252,0.8947905243123098,5.1074186392222275e-58,1.3223395539208187e-59,-0.13457378697092762,0.6000137615724304,0.5645187020196675,0.3021367644680928,0.07884724612988366,0.05526251332613771,-0.5126937106128671,0.18944075028273363,0.16043131932180743,-0.02020641738363746,0.5662009103300712,0.5478981881457603
2024-06-07,252,0.6680929393339239,0.6613468608651012,-0.0007690629606576537,0.5505129225103675,0.5499494166643453,0.8962984787071412,5.473246930798693e-58,3.5632387739083277e-59,-0.12975562670625873,0.6136452145782475,0.5774633692428602,0.31512044475972606,0.06378612659025303,0.04235610291768574,-0.5105364151288856,0.19168282646887502,0.16434073552648665,-0.01928368239750819,0.5836382056140947,0.5650791737217737
2024-06-10,252,0.6681371703094932,0.6613919908442389,-0.000761302353143378,0.5548362982606043,0.5538620392123252,0.8961683632473247,5.571932211362229e-58,3.577203222502459e-59,-0.1320623669253252,0.6061651740645173,0.5684615603410614,0.3158446301875467,0.0632694983756607,0.04188136384453458,-0.5203861716605058,0.18473788560910775,0.15898826502460528,-0.019595529731199414,0.5761962939386531,0.5551826636708366
2024-06-11,252,0.6699293241961497,0.6632205706229007,-0.0008312842394846515,0.519470803882353,0.5194959468391254,0.8987225448204182,2.906403841408719e-58,6.774644902561266e-60,-0.14021134698984683,0.584558785332296,0.5443316120809558,0.31690837705905667,0.06275524464728022,0.04087312141277306,-0.5229397953347444,0.1834670576716494,0.1576959899278203,-0.020311420516315883,0.5628972564554944,0.5407686592621832
2024-06-12,252,0.6696351016425555,0.6629203679361033,-0.0007611355114222892,0.5530407552021429,0.5519259033132686,0.8959350579080612,2.589224698906846e-58,2.6550078035495644e-59,-0.05557347588078716,0.8314147180031644,0.8091841286887819,0.30252012039739773,0.07404281610602435,0.05186578387596433,-0.5184944849517307,0.18472944432417066,0.16064206710474327,-0.008421876547002306,0.8136659567181557,0.8000741635244562
2024-06-13,252,0.6705158700370482,0.6638190381272321,-0.0007453047629541141,0.561226705015697,0.5596631336413329,0.8956367279555911,2.286271754057646e-58,1.6646905122255017e-59,-0.05364133518208773,0.8371831214368151,0.8157044823575873,0.29971868664865553,0.07608060924264397,0.053382356907081756,-0.5180584042468255,0.18530706282630918,0.16285640203635465,-0.0083744391002877,0.8147194101110689,0.801237937671886
2024-06-14,252,0.6692027637473565,0.662479242685311,-0.0005651470630645634,0.6593058856978196,0.6552263986353886,0.8903337859615744,6.40113775187962e-58,3.8150533534251474e-58,-0.07233076748482611,0.7812720831729731,0.7553224288196884,0.3171575709339879,0.05799532157442696,0.03934224852695541,-0.5244447473142663,0.17734849467027805,0.15268893578313353,-0.011581023754118153,0.7455487114910715,0.7292844471060532
2024-06-17,252,0.6694824816961369,0.6627646459582535,-0.0005181883435612543,0.68571469509268,0.6818038048139543,0.8906924467701922,5.7332058427222665e-58,3.932477658810086e-58,-0.04290162601461446,0.8704059135043176,0.8566772552657186,0.3061431476564434,0.06659183157377929,0.045817408045668466,-0.5594535634053738,0.15376758345157296,0.13481661252110466,-0.007092850341711358,0.8448229635389893,0.8361931635442386
2024-06-18,252,0.6686358683711726,0.6619008250453835,-0.0005090523583093819,0.691178135477454,0.6872219506907729,0.8892334698614694,7.145476439165176e-58,1.2323844466931764e-57,-0.03604418232885909,0.8920404251252263,0.8820692051156042,0.30863723041047064,0.06415827216188301,0.04477965992593815,-0.5613569137672749,0.1527175040483438,0.1352891748915889,-0.006359187614048564,0.8623624256455964,0.8559012728682592
2024-06-20,252,0.6673343322078011,0.6605728348949516,-0.00041613732762953745,0.7453565677557781,0.741525202639199,0.8948721920158016,1.495212445162676e-57,3.9798323079285056e-56,-0.033711855927640255,0.8987814617114973,0.889518879218314,0.30544396291204323,0.06660690651045008,0.04376427858269836,-0.5451377735668403,0.16364006908915232,0.1456949679496694,-0.003907744681952839,0.9147205440082914,0.9104738650206055
2024-06-21,252,0.6631855020722744,0.6563396789436622,-0.0003191101010910298,0.8037262777945431,0.8011004549621118,0.8938076420229246,5.0167119270741596e-57,6.716919196864823e-55,-0.04041533739383034,0.8806094989937082,0.8708412213702611,0.28698971382830973,0.08296075035853116,0.053774999533144095,-0.5548046378413442,0.1586576946774825,0.13712172113298574,-0.004801984864458264,0.8963496432811136,0.8915160177768072
2024-06-24,252,0.6659918337967625,0.659203049930843,-0.0002963687085602571,0.8171718040416779,0.8147997344427609,0.892771246567627,1.330479912332152e-57,1.228293677080032e-56,-0.04236227506373901,0.8748007235216331,0.8650120605629876,0.28684200885746414,0.08388696223900823,0.05529232733677723,-0.5590408473689775,0.15466056076629117,0.13108780369668033,-0.004992551197289245,0.8922302481422084,0.8872528989583911
2024-06-25,252,0.6663013004383744,0.6595188065448454,-0.0002831610017375068,0.8250705523482802,0.8229871147664807,0.893754577770694,1.3337661073991172e-57,4.792878651573896e-56,-0.049655347118412324,0.8536082609685032,0.8423594061484299,0.29426327463916135,0.07643233489523972,0.05112274102359958,-0.5445327271335719,0.16676250398849143,0.14549835775741962,-0.004896315143375046,0.8942098730224449,0.8894009763987408
2024-06-26,252,0.6656409663595526,0.6588450510416574,-0.00020338305939021314,0.8739406004675918,0.8728581392124041,0.8923842130172008,1.7458851548038506e-57,8.23010899983637e-56,-0.049850769419492916,0.853105386505414,0.8415681041293155,0.2901631516860553,0.08056053164570703,0.05452158308042199,-0.5405309932458022,0.17029846151847586,0.14951817477915302,-0.0049469780619930265,0.8932765087762455,0.8889506922659691
2024-06-27,252,0.6658030413438834,0.6590104202329867,-0.0001940587054643474,0.8796323165221778,0.8787374986443148,0.892585461822158,1.66916069944758e-57,5.425801922214073e-56,-0.06027607719040208,0.8234280670343417,0.8099315478661488,0.29752647475154015,0.07295799069155828,0.04796300363527264,-0.5364865901914723,0.17368248783295956,0.15290668658542114,-0.006017872274591919,0.8703228522113916,0.8651333388913933
2024-06-28,252,0.6655321238893215,0.6587339963260963,-0.00015150788255820235,0.9057405342154404,0.9050669856713706,0.8916575896779536,1.669142230903649e-57,5.382789928003831e-56,-0.06389076305907612,0.8127568883328105,0.7977367306742502,0.29985645799825633,0.07057939129121629,0.04644335789273738,-0.5167015054164372,0.190576882888251,0.1689266229637708,-0.007449211117463765,0.840000805741415,0.8326287172117398
2024-07-01,252,0.6648955003863457,0.6580844333210276,-0.00022523999985687645,0.8603656484090247,0.8592085775794202,0.8885758175183147,2.28373108732906e-57,2.732850755499123e-56,-0.06973384018129963,0.7968071404827148,0.779142058857146,0.29968232542457757,0.07109956732033068,0.04687489625326727,-0.5315781988667425,0.18011749873930905,0.15945049978452097,-0.007648821745088533,0.8361432855243436,0.8282956209427089
2024-07-02,252,0.6684387676021126,0.6616997181631312,-0.0003063275522236723,0.809227476136672,0.8096212728888932,0.8894792847887731,4.7500770004537845e-58,6.283941119879394e-57,-0.14371024053660042,0.5961039073201548,0.5482079782712825,0.29852391961955516,0.0697118129906416,0.04590347693240948,-0.5013115128438561,0.2026596135617165,0.18553105451153862,-0.016225822975015285,0.6604911888158287,0.6430746069115827
2024-07-03,252,0.6695343658328272,0.6628175846505676,-0.00032772590173833977,0.7964116498644905,0.7962150603692756,0.8924163646711583,2.4038416675483216e-58,1.6283836181708052e-57,-0.15282278414447353,0.5729344781415493,0.5219809692163739,0.2874774555550758,0.07962456887433614,0.05416961876488885,-0.4950607857387576,0.20874078146551286,0.19153823221151067,-0.017210964239176618,0.6413479217136043,0.6224618820524246
2024-07-05,252,0.6722241759071413,0.6655620656613516,-0.0004989434557829123,0.6981065709440986,0.6981668559199263,0.9061805536967326,3.860025865062783e-59,9.815437866388478e-58,-0.2086288543394197,0.4459886588583105,0.3910157498079804,0.2731839996961505,0.09959926190063273,0.06790795448231558,-0.42458820771981387,0.28607590523491183,0.26662252678161813,-0.025544196802899412,0.4934772031269029,0.4764116417756541
2024-07-08,252,0.6707022863434191,0.6640092433829194,-0.0003530102293862866,0.7839209279038712,0.7818006070262218,0.9048264347770562,5.9017105051155395e-59,1.9755833410443174e-57,-0.20894930234948214,0.44550912614066074,0.38878290323232767,0.24872425270127518,0.13264926620003775,0.10078074025060788,-0.45949367423049625,0.25092527962234573,0.23038253211866466,-0.023461741705249377,0.5309476035753,0.5179948617920243
2024-07-09,252,0.6709662099300622,0.6642785312701041,-0.00031805148541997697,0.8053136146405089,0.8032169972237162,0.9045134288673353,5.047002413524964e-59,7.264312020810072e-58,-0.22777123653276768,0.4104024268132782,0.35281977300070866,0.24916413232237483,0.13184987001087195,0.10020068217334163,-0.48940086698882773,0.22660742052788924,0.20765627314887847,-0.0253920883449311,0.4998220349107133,0.48510421407128534
2024-07-10,252,0.6700100872050001,0.6633029751563213,-0.0002940197828484153,0.8203081722425984,0.8178685900596674,0.9039903744831314,7.085210393372989e-59,9.03163035769381e-58,-0.18997411540529027,0.48779967531989576,0.42310756561959073,0.2516374431583765,0.12901533712183091,0.09766770803915689,-0.4791245658328319,0.23817145703817852,0.2195505873744844,-0.021086960064619707,0.5727790687013563,0.5513634140035166
2024-07-11,252,0.6701974856360515,0.663494182498573,-0.0002819567698670003,0.82714306159005,0.8247437100071837,0.9041209878750847,6.431436967560424e-59,1.1164726780950886e-57,-0.17847983728057495,0.5094950581955391,0.4443318097777573,0.24904657400647884,0.13084907676221244,0.0968177097982476,-0.47779313731337214,0.2374948650383564,0.2209373809144548,-0.02015237865020562,0.5883864101805112,0.568633926130196
2024-07-12,252,0.6703648920085279,0.6636649914395956,-0.000244680741020101,0.8498903531581311,0.8478389521594025,0.9034700414533924,8.829299710322566e-59,2.829091733649915e-57,-0.1851244146960197,0.4953184691268938,0.42691980796126683,0.24949549331477444,0.1299223865610951,0.09564213138030374,-0.500501340645232,0.2225208911774788,0.21756172660774842,-0.021322560313925227,0.5688981329072798,0.5462128664544981
2024-07-15,252,0.6816975308495168,0.6752279684684095,-0.00036744082094257067,0.7751367186230974,0.7733980596045122,0.902779525338748,4.218499892432298e-61,2.8201327131585685e-64,-0.2159621908350074,0.42308367821965565,0.3545571172174885,0.26970692432218246,0.10012997330303344,0.06948025698657735,-0.3968012621019337,0.3338705670172011,0.31970410960782636,-0.026496608285847417,0.4748703025419112,0.4511219916478676
2024-07-16,252,0.6794404900335398,0.6729250528390995,-0.0003999607380802716,0.7568073298962622,0.7538083453404752,0.9025035580139324,1.0136704766713433e-60,7.397395301091953e-64,-0.234225059507917,0.3850692586993969,0.31325914126499765,0.2512743462013899,0.12330201834073486,0.0887119669602307,-0.4246227607579407,0.3007573336769058,0.28589797822884255,-0.028013615801193287,0.45124985899433767,0.42446584451370595
2024-07-17,252,0.6795915678984734,0.6730792013923448,-0.0003992942869989063,0.7564640157039628,0.7532183473269779,0.90242284318174,9.855017136479957e-61,7.680476366824282e-64,-0.22441608754659526,0.403956562621406,0.3367494804129796,0.25095026588428465,0.12306967320197726,0.08902512976589023,-0.4149130345935547,0.3050308493513639,0.2866554878624261,-0.027685304798579558,0.45669712853055433,0.4293895115737497
2024-07-18,252,0.6787061953433189,0.672175833460053,-0.00034375922999190563,0.7896097148807617,0.7861536195929515,0.9027607396805981,1.2159596216217868e-60,9.361049242737001e-64,-0.21954766240747128,0.4155698326483007,0.34690794283353676,0.2506155577536444,0.1258321738852568,0.09159154829986968,-0.4030431256924973,0.32049996658008256,0.3007079549465983,-0.02499146912620015,0.5005476846841972,0.47225919919819503
2024-07-19,252,0.6789113389801958,0.6723851466830454,-0.0003771287780433804,0.7693175004097783,0.766391592649316,0.9013923605319933,9.393072766749079e-61,2.5958196489328247e-64,-0.21207454465430453,0.43279814986658227,0.3660156380816302,0.26268030561850175,0.10349647352117754,0.07340917444082753,-0.39020395422847,0.3365380478650509,0.31844294508423565,-0.024873222016993365,0.5037232228537476,0.47655701978145526
2024-07-22,252,0.6765908465342494,0.6700174897564902,-0.0005344862594086596,0.6790904777955593,0.6764296726722597,0.90137981094741,1.9226470839869788e-60,1.9890443583850404e-64,-0.20457865544635817,0.451920442005749,0.38422916896304393,0.26489650152965416,0.10209809182641379,0.07154444182344985,-0.4110213794885951,0.31513163289323487,0.29717427251964157,-0.019089101810385287,0.6082837341699634,0.5886277845205381
2024-07-23,252,0.6730214308647713,0.666375524988039,-0.00037844937799272067,0.7707816136959499,0.76676926689048,0.897745351949482,7.414668228345473e-60,9.947104034225001e-64,-0.22691236594836944,0.40658534897384246,0.3361438307157387,0.2783568871370013,0.08728969390491619,0.06001892105454322,-0.38830679081018044,0.3452730105859818,0.3259979184887093,-0.022901987136645853,0.5409401946033328,0.5131712360458862
2024-07-24,252,0.6704825769559957,0.6637850683575404,-0.0005516765485707917,0.6726214003308333,0.6649302200877028,0.8972716823836531,2.79046683694087e-59,2.3122877380995417e-63,-0.20149512014993118,0.46474480983300004,0.39780489099571936,0.27993982252099026,0.08749874872614721,0.058984364222459854,-0.32617624451748295,0.42922080184886247,0.4180407157708901,-0.032231442763495204,0.3894126870832746,0.3611124429724879
2024-07-25,252,0.6663115461851585,0.6595292605385155,-0.0008329586142215408,0.527073832292411,0.5308133453725139,0.8973544486769478,1.5578829858829105e-58,1.5894454849957963e-63,-0.18539929940473648,0.5056513317402853,0.4406480042823372,0.35922841361362734,0.026814092625209316,0.032595909250670574,-0.22798483540902992,0.5824772782793619,0.590129775211124,-0.03363433468731156,0.37423853302776,0.3452648254399465
2024-07-26,252,0.6671914606178757,0.6604270594109221,-0.0008457920021514946,0.5215502799650669,0.5261532845432839,0.8971309915387677,1.3999157534565905e-58,7.013907399458188e-64,-0.18316687744896337,0.512531968761778,0.44750763752910494,0.3571111248163964,0.0269150535646491,0.030553855516202613,-0.23018428214742295,0.579370847229441,0.5849003914066886,-0.03289308608649435,0.38332050084784386,0.3485641140309721
2024-07-29,252,0.6644061430965957,0.6575851297449005,-0.0007514725306073477,0.5704340442021224,0.5689254192826804,0.8948252695090784,3.7828748795646884e-58,2.667639547997234e-63,-0.17722493939237996,0.5286889489593416,0.4656182866281797,0.35878229132404676,0.027034676408164326,0.029635519282735952,-0.22427563582437957,0.5928120938533832,0.6024579779414033,-0.03293453378037511,0.38672363228268036,0.3500227824398606
2024-07-30,252,0.6644843461552108,0.6576649222965769,-0.0007789882146222105,0.5565767093509284,0.5541521396341937,0.8950078671648538,3.7906758493913454e-58,2.2918190996396631e-63,-0.17716322921691366,0.5289202974595029,0.46572040854227836,0.35448442976210476,0.028687993559788526,0.03024376573554476,-0.2254168794291388,0.5910440267685019,0.6005383008247762,-0.0333469021952748,0.3812796768508878,0.34463749722757286
2024-07-31,252,0.664731487719888,0.6579170870637882,-0.0007438920938587918,0.5742664411730805,0.5723118669415829,0.8943311522976256,2.6224610250433077e-58,4.87811401628266e-64,-0.16904245569700016,0.547119557848262,0.4837224178011267,0.3575456814994439,0.02742118466580836,0.029351310414228733,-0.2197501547107383,0.6007877270116853,0.6097437463012938,-0.03287797797994863,0.3882910504582222,0.352172427325083
2024-08-01,252,0.6638977151961456,0.6570663679440347,-0.0008128237429497974,0.5402037695358758,0.5368162022956531,0.8926896852288561,4.0334478987648354e-58,5.240141340159556e-64,-0.16545128225144057,0.5561778335935046,0.4939672565665807,0.35494993967723276,0.029405514238406386,0.030876122647309046,-0.22979141355111019,0.5848796834792578,0.5924011506124891,-0.03560089267531458,0.3493905665316519,0.3113528764935405
2024-08-02,252,0.6688205757420895,0.6620892866311564,-0.0008719459719005057,0.5105925976422481,0.506405497584441,0.8946983468657856,1.160773098315835e-58,1.0152229488359813e-66,-0.16805603246982748,0.5500588162379327,0.4857833350960933,0.3655379042584965,0.02342751880924881,0.02109676336614119,-0.17690090719204382,0.6592962721438395,0.6491546092416318,-0.039823299105222296,0.28660265852245936,0.23527757794430226
2024-08-05,252,0.6995524831420453,0.6934458262953389,-0.0009911294284792166,0.4642156119359395,0.45564771040187035,0.91414907537244,1.1792158078196445e-59,1.0029334348361706e-70,-0.3544092413797586,0.20706101049955847,0.17199158909526469,0.4415837056601106,0.0066925227027812804,0.005013427235075555,0.025418232024869175,0.9497705744669167,0.9481688448075263,-0.09410527038697354,0.0055393383518657306,0.03551674878209407
2024-08-06,252,0.6957991030399012,0.6896161579797366,-0.0012948382980732581,0.3398038506173253,0.35513125074877516,0.9157298370987085,2.483797128287459e-59,3.43655365659574e-68,-0.23247467732103969,0.3967872888404125,0.2961211673682871,0.4444802925949989,0.006690696791057098,0.00579963885606439,0.024206288974752563,0.9526967003660013,0.9517787099025578,-0.07102963752687452,0.02403497254916499,0.021498818633665165
2024-08-07,252,0.6948334420767952,0.6886308697612828,-0.001447092081641014,0.28834406435225396,0.3169554169106257,0.9181838703187424,3.527547164961813e-59,6.65905787509145e-67,-0.18880626613064133,0.4917100167297176,0.4064904095455746,0.43788381593017445,0.007874103308591672,0.006211619595487718,0.014492699966853137,0.9718164833506557,0.9709223127717564,-0.06729784157571346,0.032956322298624455,0.026613285883929475
2024-08-08,252,0.7085779400809661,0.7026547274809858,-0.0014161105101088613,0.30057501897588956,0.3265215573068345,0.9255747102152687,1.3013738872613546e-60,5.757856135511375e-68,-0.1611696843985594,0.5562757309184958,0.4921423405733675,0.45209733167263993,0.006030619244602749,0.0045596355318383575,0.04406882082870098,0.9145736123495811,0.9115188338939533,-0.06700142633769204,0.0341043506682903,0.023927089877534977
2024-08-09,252,0.7074542883295158,0.7015082372793028,-0.0016207353387173982,0.2376542729825037,0.27479271718540466,0.9299599272152337,6.796816176574977e-61,1.2488779122469045e-65,-0.1052915662347686,0.7008531463149805,0.6678423808965157,0.4478621949224283,0.006701967733885717,0.0048591956482723665,0.0632037916736973,0.8782329417705188,0.8750183960365456,-0.0576257531662652,0.06441282675518185,0.06068996247055442
2024-08-12,252,0.6972927535802863,0.6911401672709425,-0.0013969996989994077,0.318430831541017,0.3387683018671608,0.9233558097192394,4.540753050408109e-59,2.3379577742252783e-67,-0.10279985218770432,0.7130849456343076,0.6766318634163707,0.4929269628629759,0.0033580605493536927,0.00334010717628708,0.09838108431875961,0.8150699517333061,0.8092234984029036,-0.05733541036953885,0.071228111017816,0.06424824531491738
2024-08-13,252,0.6948041888443849,0.6886010219509782,-0.0015075847013203227,0.2841668447981041,0.3050103772374757,0.9235927581118579,8.912372456270304e-59,2.6240082325144324e-67,-0.11914370705147917,0.6721221433446163,0.6230531721224044,0.5017345436175469,0.002942247314160819,0.0031872525587563288,0.15019687345898872,0.7214951696737404,0.7183299948007376,-0.05552042438671202,0.08325452262548436,0.08522119636989489
2024-08-14,252,0.6944473518400016,0.6882369321619528,-0.001420413696224709,0.31185944702462287,0.33325628153807774,0.9208349529910164,8.09432434491864e-59,4.473361999698107e-68,-0.1330911796315337,0.6369026192379363,0.584154336415536,0.4921311818143359,0.0034398580805228363,0.0031611970436524976,0.13963400089214162,0.7411403360839433,0.7366280588873402,-0.05857283796783426,0.06570357883698452,0.06053200095629299
2024-08-15,252,0.6945136967578771,0.6883046255537689,-0.0014973931280079435,0.28801743687321585,0.31099021257136406,0.9232987843770913,4.7167676086182535e-59,7.147805623040284e-69,-0.16691680148446864,0.5506303629990732,0.48969220063806895,0.4868183571380505,0.0038353960380523304,0.00334592872830195,0.09576297649657428,0.8197490389973843,0.8144296787579508,-0.06045050112263901,0.05770379396642881,0.05296880956889251
2024-08-16,252,0.6934454063168681,0.6872146218924142,-0.001600078521753861,0.2578065416245903,0.27994411573478684,0.9224130861930566,7.0352185715624975e-59,8.455233348772196e-69,-0.14726759004939813,0.5995270784827058,0.538239752295949,0.47132751436648446,0.00493651675314959,0.00418802468645587,0.11719594027215091,0.780350280335685,0.7743859537097523,-0.0586891160472614,0.06584843056994923,0.06024723230119252
2024-08-19,252,0.6894111700530166,0.6830983889565332,-0.0016000405641016704,0.25904066152538463,0.28275923565419114,0.9240753668688122,2.1861302461449635e-58,2.1427842846932253e-66,-0.13525323115989069,0.6288610349924932,0.5679771788942451,0.4705324674054519,0.005039410296151354,0.0044299108616569285,0.1052054764155691,0.8018264705571876,0.796051264107846,-0.05774825883188743,0.0698523839330032,0.06305374280596433
2024-08-20,252,0.6894769980218471,0.68316555489221,-0.0016772422517996198,0.23762543155835117,0.26023242516027023,0.9249117926886623,2.718161344771174e-58,2.212000983227361e-66,-0.13558532245264687,0.6284823990782659,0.568149018733479,0.47143895395003194,0.004974860554047425,0.004205817941305093,0.12494931289832006,0.7651829043484386,0.7566812370045304,-0.05845572269629051,0.06651022255341418,0.05692086473472905
2024-08-21,252,0.6897288188862792,0.6834224940668947,-0.0017016332959446,0.230943689663885,0.2534893428171582,0.9241155107096358,2.2229679545374104e-58,1.103201150022749e-66,-0.14066844266737205,0.6159400296749243,0.5546054683197092,0.4734429052792147,0.004761689518219611,0.003929739354450189,0.13198742969526392,0.7519533671525398,0.7426868378865453,-0.05915649867890393,0.06294811733391875,0.05293610269659578
2024-08-22,252,0.6892435225375234,0.682927333971213,-0.0015342749069886274,0.27987613214541673,0.3004977392486766,0.9233263619309802,2.6425326179684013e-58,2.1964359339993737e-66,-0.15455078130823485,0.5820263398524723,0.516894295185163,0.46723215130325474,0.005254348735057236,0.0044422083090072785,0.15724548385066,0.7064692946210578,0.6973285217906253,-0.059603835026435854,0.06122507146380964,0.05138333291518634
2024-08-23,252,0.6907403777960912,0.6844546131171501,-0.0015876322536046506,0.2634497252153492,0.284026709521895,0.921810389351486,2.1286084690919803e-58,8.211756345821704e-67,-0.1569376521128996,0.5766030238133555,0.5101978581055013,0.4610854052446888,0.005946125136012202,0.005206982975077865,0.1738949146212992,0.6754960544138413,0.6683549560506801,-0.05895742185625591,0.06375890237359501,0.05414929646850719
2024-08-26,252,0.6910304488629352,0.6847505799373851,-0.001646297342308142,0.24680694650675833,0.2676604461830331,0.9227362209209915,1.8027166467465994e-58,3.578476091414102e-67,-0.1516872230477176,0.5906643639708788,0.5267920342451771,0.4578612036290032,0.006344522313971037,0.0056154049202572455,0.16742544339127557,0.6879871307544774,0.6813883554580549,-0.05859093321507248,0.06561756338110314,0.0553706084681879
2024-08-27,252,0.6940160581613866,0.6877968723516587,-0.001833129536771157,0.19926439159688525,0.22028000505984846,0.9313609698058177,2.882266467222507e-59,5.406793088073304e-69,-0.1300296220822325,0.6461051177280344,0.5856248105494739,0.46496477310886486,0.005836388229473126,0.004631942584873389,0.21223878184522138,0.6118284542544979,0.603309786691782,-0.05445720982641695,0.08838711876466927,0.07827289921003554
2024-08-28,252,0.6897932104049531,0.6834881943562734,-0.0016622897058119568,0.24792730930746773,0.26006524309996304,0.9318835321270045,9.303054835555062e-59,3.584943321693302e-68,-0.10094421109970234,0.7232649409573775,0.6736292442707208,0.45827589884218045,0.006987742590166185,0.00543185262934242,0.27973705260959253,0.5056053010916287,0.5081513624103724,-0.0486850303948684,0.12874739608114727,0.13166680453549534
2024-08-29,252,0.6882108643063474,0.6818736867515984,-0.0016989781873201937,0.23668251590786832,0.24910138570592932,0.934561800111327,1.1860492683717556e-58,2.7591313374913692e-67,-0.06781651934772545,0.8118884466845617,0.7784787206372945,0.4517389681297341,0.007604179088617208,0.00590190165246506,0.2578809298219509,0.5390712246016327,0.5377074324222111,-0.04482329675442848,0.15908440654708292,0.17083863936362786
2024-08-30,252,0.6878393799537894,0.6814946519040697,-0.0016658240173018743,0.24636292633220375,0.2581826938106698,0.9340829721419768,1.535149553343023e-58,5.2534770713237196e-67,-0.05779581468899225,0.8386216339828431,0.8103955892343906,0.446252676584281,0.008131722256198667,0.006328337766091665,0.26603697174902885,0.5265750320604388,0.5274625665077817,-0.04443642154908988,0.16297640284664547,0.17566462413971629
2024-09-03,252,0.6887594016901508,0.6824333732692189,-0.0017359679482912911,0.22774798403066707,0.23682080747235024,0.9369575248473357,2.1188342234251267e-58,3.3424812213539883e-66,-0.052610802875849516,0.8526059961927186,0.8263651732594604,0.44632299846369705,0.0080717044782296,0.0062626932141121505,0.25008725420770506,0.5521306602566183,0.5524964301247223,-0.04333907125821519,0.16228930663545904,0.15395214622720998
2024-09-04,252,0.6887629429546183,0.6824369865106065,-0.0016798004358601255,0.24308977295386236,0.2517638526049685,0.9368327791007715,2.186694925716543e-58,3.5481606619452745e-66,-0.05448098094583814,0.847382944738582,0.8202299897225536,0.44724398329672055,0.007964543476851611,0.006222569901990605,0.25523792208120294,0.5449083733330491,0.5461404323278205,-0.043626471717535954,0.15974248160795643,0.15127883465226882
2024-09-05,252,0.6898536718931734,0.6835498847365306,-0.0017646501790654623,0.2190796839494558,0.2281616493340256,0.9379381690036935,1.0051538696559316e-58,4.1904883683962505e-67,-0.04523782896859552,0.8719685811632145,0.84853497899348,0.4468690964803872,0.007979624344966232,0.006278802897994721,0.24724437368748606,0.5583045225035885,0.5590824816545241,-0.042732550901399664,0.16415765140989372,0.1565731658819752
2024-09-06,252,0.6925095739937133,0.6862597685870815,-0.0018752234579201004,0.1916490691166105,0.19941528627220306,0.9394549300912352,7.345994825588321e-59,5.008988165719176e-68,-0.02161465260356621,0.9384905441967224,0.9274969835766069,0.4536098235714442,0.007109454942656402,0.005238605996957312,0.26061054888696933,0.5373787478850682,0.535340852096666,-0.04208206733181359,0.1711552353646548,0.16120542305166918
2024-09-09,252,0.6951345803793353,0.6889381287610291,-0.001843215091455246,0.19951957997233694,0.20872341605550582,0.9399488259384841,5.043269269885908e-59,7.20496455813104e-69,-0.025809556844794967,0.9266528895825119,0.9138068545611348,0.45406593437313075,0.007001444774293783,0.004996354283912851,0.2645976304917473,0.5296344583289189,0.5247414923812359,-0.04246638531019851,0.16639386370880707,0.15443636243131392
2024-09-10,252,0.6952384504348654,0.6890441099965496,-0.0018601168453553523,0.19590479043680878,0.2053295753460862,0.940381391700744,5.253880759894493e-59,1.012421066681651e-68,-0.02322893769006698,0.9339722902895599,0.9223207401365174,0.4544477703724936,0.006929604125833479,0.004915078139976734,0.265484815944375,0.5280097818319776,0.5227780115706913,-0.042062064722613354,0.1710386812108462,0.15904322028215057
2024-09-11,252,0.6940139866941464,0.6877947587814258,-0.001836001889400459,0.20122252154883552,0.21262190183906682,0.9385622162051844,7.665703509134736e-59,1.086564512867206e-67,-0.01797394169609645,0.9488400564160715,0.9395124119128067,0.45155353971048817,0.007239645091052688,0.005445463669002576,0.22450892487081547,0.5940187755668037,0.5919058310357732,-0.04073799010461489,0.18451177365264856,0.17652122008379878
2024-09-12,252,0.693506728813788,0.687277190781548,-0.0018927609617649817,0.18835534316531344,0.20083833207149404,0.9376786484076598,1.1698988887665578e-58,2.5013325218601448e-67,-0.01706392061457826,0.9514667992085728,0.9425781988933266,0.4478171238778692,0.007569719273090018,0.005553431680414319,0.22637649555367792,0.590999209515727,0.5889393409370112,-0.040726769639996725,0.1847084688711208,0.17661189920717157
2024-09-13,252,0.694064236993034,0.6878460304278518,-0.0018992591614620756,0.18764843518802302,0.20041275752174248,0.9366122721802022,1.0657287411423564e-58,8.172460924904383e-68,-0.020513848565928583,0.9417569231795847,0.931176423372306,0.4431994431062191,0.008105896159723154,0.005860933721745229,0.2286776530945466,0.587307826297294,0.5855092500230096,-0.04118726420661315,0.1808962003399126,0.17324495349064895
2024-09-16,252,0.6960739587573092,0.6898966001954658,-0.0019789648577687845,0.17021842157648476,0.18265258102204784,0.9396147513392532,5.0842230285900895e-59,2.2181622859003212e-69,-0.02726257588708958,0.9229108593644211,0.9090290648099346,0.44835976896750906,0.00749238976620632,0.005084140110635845,0.25435296127096574,0.5493751960296338,0.5478979698969093,-0.041978221480372495,0.1732484120974159,0.16169889323977427
2024-09-17,252,0.6963132926211972,0.6901407985687826,-0.0020450901066297834,0.1567786152355091,0.17045973130682257,0.9381720877310398,4.534692999917473e-59,5.396986660316188e-70,-0.01940486766986521,0.945333337445118,0.9358151817920846,0.4481196198565197,0.007525524177379393,0.005159168643758733,0.25645300855880193,0.5461661063678138,0.5438589872178661,-0.04214362906955974,0.17128835618915925,0.1583542609743691
2024-09-18,252,0.6964115240718198,0.6902410265936048,-0.0020428263029031867,0.1571490370186928,0.17103252239879496,0.9377605735863654,4.09087479187848e-59,3.884367124005284e-70,-0.016899327762934846,0.9523632641863515,0.9440321007131622,0.4490706438185582,0.007404634116157419,0.0050644001954835635,0.2610387388779978,0.5384277424570136,0.5362342169430567,-0.042083832736130734,0.17190348479137102,0.15899346620810684
2024-09-19,252,0.6972175996199399,0.6910634857910769,-0.0019607383057012413,0.17511654142454877,0.1900550615483485,0.9383212393030806,4.291526345692747e-59,3.7052899911384794e-70,-0.005712409715849187,0.9838484306773853,0.9810189988500704,0.4524747136317141,0.006967550748280447,0.004625731961835539,0.2726473459701717,0.5202728149004922,0.5169689226332641,-0.042245280097354294,0.17050766198797906,0.15600125916364338
2024-09-20,252,0.6960145810630747,0.6898360156375274,-0.001806813284086618,0.21304161872868885,0.23111559710510932,0.9384965459420511,7.267836767777891e-59,3.889561013044492e-70,-0.03163116527051482,0.9111146621061841,0.8958571165015399,0.4765244845854311,0.004525683109470442,0.0029384235919060193,0.2945216797516755,0.48852691779241886,0.4843449240900113,-0.04414429282209975,0.15316180083864586,0.1385857661173586
2024-09-23,252,0.6941232676088019,0.6879062608528833,-0.0017421838893244776,0.2322924814298432,0.25416020647521476,0.9381466677064556,1.3556306516623237e-58,3.0230612388763274e-70,-0.01980316936054155,0.9445486793360482,0.9349840451841408,0.4879519130434231,0.0039108794434414606,0.0025451751228455543,0.32611126622281517,0.44439191697979485,0.4400990041362909,-0.044725778090507144,0.14953498916675317,0.13341449279408632
2024-09-24,252,0.6936341183125547,0.6874071694977693,-0.001815662407015213,0.2139208826083228,0.2327908113694287,0.9378135181022618,1.6111959813962188e-58,2.927381112898064e-70,-0.009507376477297935,0.9733989242388315,0.9687061388531923,0.48389781862633385,0.004247472913486605,0.0027353084920371065,0.3458037277844904,0.416530434211542,0.41517190634747203,-0.04364940618360657,0.16019269458125587,0.14254599018219208
2024-09-25,252,0.6941099570395435,0.6878926797435992,-0.0019076044775647042,0.19175590824590213,0.20774373723946482,0.9393589867234795,1.2578978764035513e-58,2.0238744588263926e-70,-0.012143319014756931,0.9660652555911229,0.96010926793051,0.4804466842091755,0.004497199297806144,0.002805198254934733,0.30865360709475,0.4671756694985624,0.46215757371283184,-0.04335854978482665,0.1630451166095685,0.14591891333351553
2024-09-26,252,0.6948491332847888,0.6886468798962683,-0.0020221069028924007,0.16707963697742245,0.1826102017994683,0.9377607596325822,1.2232492218179407e-58,7.76483530458716e-71,0.0007414440611930861,0.997930590086751,0.9975689396767476,0.48684750662898646,0.004017055782165753,0.0024185462525900983,0.31851249100845996,0.4521944062330192,0.44634948143333186,-0.04394644821716538,0.15699760945035002,0.1393450844690588
2024-09-27,252,0.6935377875000165,0.6873088807418868,-0.0019518829415126999,0.18434734583813678,0.19766357676708868,0.9395508987438421,1.272792869855258e-58,2.0293303190100758e-70,0.02557724172289194,0.9287511364235417,0.9158463502318891,0.47184722441287147,0.005424065284977364,0.003456700757109338,0.295898165626831,0.48601780134917927,0.4812732890768747,-0.039475249211593344,0.20222954940764165,0.18490171651136456
2024-09-30,252,0.6943028028286045,0.6880894451625192,-0.0020047046920173874,0.17246730524207152,0.1848968460743604,0.938390669886544,8.076435142019162e-59,4.158579903439034e-71,0.02812263886300155,0.921532186739714,0.9071558221219538,0.48049251505035406,0.004739049028267034,0.0030254589071549284,0.32291210388247754,0.4474544896032502,0.4416597042137489,-0.038976489864497414,0.20771256422260947,0.19055990958210267
2024-10-01,252,0.696863312532654,0.6907019977467324,-0.002168146837284779,0.14116145276033645,0.1524248682990085,0.9406632658026098,5.135081085528634e-59,6.939107452919981e-72,0.029167453511575694,0.9186957726611181,0.9037568016494998,0.47125660922945306,0.005439977162853006,0.003926396368176923,0.29519242682686153,0.4859003238368782,0.47875882427522853,-0.041015538036783636,0.18369557178669213,0.15840627019040643
2024-10-02,252,0.696787467999706,0.6906246116582366,-0.002223339652096829,0.13176628689563866,0.1428051235118976,0.9430034334411102,5.151885656550354e-59,1.1954360893751915e-71,0.0373783802627069,0.8961279603819984,0.8764493516553061,0.4729580380325797,0.005364031405999934,0.0035311734312244675,0.29702907869651396,0.48536099579716185,0.483569533547087,-0.03951687548699982,0.2008732381940185,0.17467076574936002
2024-10-03,252,0.6968827103824473,0.6907217898617654,-0.0022783365604282873,0.12320134003041344,0.13606595158784032,0.9424497214657319,5.614940524833341e-59,6.944669358777838e-72,0.039814728906740676,0.889444047219408,0.8687574939370655,0.4726719168881394,0.005368040937219182,0.0035209173736567684,0.29171101782400466,0.4921401512968313,0.489235279408225,-0.04040250705827408,0.18927378561555439,0.1607889007109643
2024-10-04,252,0.6978895924588755,0.6917491370210478,-0.002186026936891905,0.13891362585655453,0.15097203424126818,0.9427090031247052,4.516603011239262e-59,5.07360324010627e-72,0.048677365960175745,0.8647436709515732,0.8398162196542329,0.46588140199886796,0.006064744772536409,0.004103694289635919,0.2947401287715642,0.48528476940222876,0.47872411142226023,-0.04083108503446688,0.18432728657624883,0.1558361481349396
2024-10-07,252,0.6973139968751227,0.6911618423400643,-0.0021261400269366884,0.1508718639402361,0.16200725818828987,0.9431378459347612,4.171236803022447e-59,1.4423522390725152e-71,0.04881131244345219,0.8645266297349908,0.8396049864106955,0.46340886149837823,0.006391204358769744,0.004502134821212639,0.2843462248622448,0.5028031644758904,0.5002597916154312,-0.03954265400795706,0.19571471775553909,0.16294615670472734
2024-10-08,252,0.6966089753616931,0.6904424911210771,-0.0020663331047565342,0.16240323064617523,0.17277637390501077,0.9424367030199121,5.042252176697285e-59,1.4698153003802537e-71,0.05919014232345972,0.8362468216924885,0.8066298757289789,0.4535381350880275,0.007369473097461232,0.005172263510675194,0.28156835534852903,0.5073107307078841,0.5044944403857106,-0.039430787108624694,0.1973818079917129,0.16408171987366926
2024-10-09,252,0.6983583853254691,0.692227458197938,-0.0020107141905325605,0.1718979247880916,0.1832239871592516,0.94114244892357,2.6433893827060394e-59,1.7804006977453154e-71,0.08667805363514233,0.7614331855981257,0.7175080638407008,0.4700215081664309,0.0054298858289083905,0.003789447541705543,0.30219857833839286,0.4743536370693564,0.4728462833378504,-0.03694496056440284,0.2260118038072992,0.19233514963057086
2024-10-10,252,0.6980509137819808,0.6919137372328341,-0.0019524360225023265,0.18465055433576044,0.19628166266293434,0.940670961546671,3.2940181594000264e-59,3.159700157289822e-71,0.08180475122763216,0.7744229964600572,0.7326238714940937,0.4735777050648464,0.005092117365968234,0.003478383759392529,0.3035287018937065,0.472710179288103,0.47116314687528404,-0.037468992044794536,0.21965373990790388,0.18624292653920682
2024-10-11,252,0.698093828017726,0.6919575237091432,-0.002051229122851168,0.16428709039928274,0.1757664124796129,0.9404591693016305,3.8231111243404914e-59,1.684399302617109e-71,0.07876620350331573,0.7826228682648023,0.7414101170649039,0.45871066746185807,0.006494978796952272,0.004503262228668271,0.29264271534917036,0.48878630427166514,0.4873430593364124,-0.036893112382612815,0.22763659245810358,0.19521151216250188
2024-10-14,252,0.7007621550546418,0.6946800850354272,-0.0019377798260442473,0.1901636704483093,0.20162716675778203,0.9446103960266816,1.2735293053159953e-59,2.5029517405239033e-73,0.09207009556996402,0.747211127654956,0.6993507289111529,0.45748257720650953,0.006738547969893544,0.004574195295807173,0.35061305208612964,0.40931531236736707,0.4080079808515329,-0.03591176983880994,0.24077981334940513,0.20396638740947737
2024-10-15,252,0.699803875798053,0.693702328558176,-0.002027474144448267,0.17030796488632785,0.1788744098000189,0.943281574130687,2.1010945730109e-59,2.5664893744457825e-73,0.11182176545701537,0.6958857300381792,0.6394741980051529,0.45654412840581954,0.008470540918886427,0.007208843252850622,0.35910882460778537,0.40089043163573335,0.4035141751826923,-0.0349961749074878,0.2583749383726245,0.22572604280633846
2024-10-16,252,0.7006636459091635,0.694579573671545,-0.001951384915178608,0.18600976636139047,0.192254544256249,0.9471766153486302,1.148392159713428e-59,1.247201097364676e-73,0.10532914570968314,0.7121084530755201,0.6605221170131355,0.44039297748420364,0.010946525044116988,0.009347752901980954,0.3088877101868252,0.4688329053674931,0.46761451107829777,-0.03683567279151527,0.23379017204671745,0.20193267977127238
2024-10-17,252,0.7008495306889836,0.6947692365972963,-0.0019023761977685547,0.196630768605125,0.20284560633870596,0.9471075613574484,9.68377904133963e-60,2.0385930529505948e-73,0.11106698103021151,0.6968316862030677,0.6430402155421474,0.43937664569911344,0.01093797629733197,0.009344377208078028,0.3084323540901178,0.4684901632882791,0.467510716954465,-0.03587981637122824,0.24557228862484543,0.21534409394100573
2024-10-18,252,0.7009240351518669,0.6948452553785308,-0.0019138853942851823,0.19396648990389934,0.2017324830743521,0.9470798039124129,9.904760779730012e-60,2.4576256575039637e-73,0.11207441837218879,0.6955750362783784,0.6438372203846712,0.4391049570972933,0.011812254448459696,0.011105413764686996,0.31182864143176364,0.4643353698302096,0.46610672507922046,-0.0356451260451933,0.2481776847772763,0.21692883939537178
2024-10-21,252,0.6997332939400716,0.6936303121095853,-0.0018027466490964253,0.2219613845419105,0.2294490994531443,0.9463719750747969,1.7738283786388335e-59,5.727181173127097e-73,0.11030462475157282,0.7008452670923344,0.6489818963306719,0.44964382895936383,0.010044362155461879,0.009111475102718912,0.34901942916356393,0.412176758567425,0.4139475964687075,-0.035105092881488185,0.25704290042541716,0.22681784071129463
2024-10-22,252,0.6988882514223429,0.6927680939309271,-0.0018392778636898569,0.21424320252232332,0.22152747351448465,0.947579575468795,2.6532951548652594e-59,1.5167227045165182e-72,0.10225648310602778,0.7258654247941132,0.6818567914176517,0.4440545598141202,0.011074080545288672,0.009978848963638657,0.33571506714415644,0.43091239137191284,0.43066417368347143,-0.03538312368702153,0.25630479330524364,0.22577591104723715
2024-10-23,252,0.6927760643448604,0.6865316754087804,-0.001936218156261384,0.1919191435369704,0.19780669119946626,0.9497267594754376,5.396348858310919e-58,1.004874372945166e-68,0.11056189128524105,0.7074411959873175,0.6649560864580686,0.4525758160254352,0.009793494148980423,0.008543475694825877,0.3184941403890764,0.46004230662744316,0.4570453631326631,-0.03535542468306929,0.2598489401969928,0.2302909124149083
2024-10-24,252,0.6928268454097275,0.6865834886091122,-0.0019410517267608078,0.19059895259194073,0.19733751249165676,0.9491587742088016,5.2638368351816425e-58,7.914088502632463e-69,0.12067172208874499,0.6821735114557559,0.6366764472443482,0.452787944462359,0.009753542214674008,0.00839308908770203,0.37345185431894623,0.39000668950845907,0.38874883414660655,-0.03564776439856044,0.25596376742853477,0.22467988829767505
2024-10-25,252,0.6938624179090203,0.6876401093299354,-0.0019220243465608512,0.1961719611654822,0.20709077669111997,0.9517126578204702,4.299088980103501e-58,6.075239484783684e-69,0.08710634679046438,0.7692699914293074,0.7394364054373389,0.4549587806080182,0.009514849532473278,0.00821964090348515,0.36437202411405956,0.4013773643459967,0.3993179820729337,-0.0381613520100362,0.22377071439982768,0.19064625793518075
2024-10-28,252,0.6968010761692045,0.6906384964165461,-0.0020376345240250104,0.1711869572599604,0.18198884166738338,0.9529759993882073,1.5093109502861124e-58,4.52250600188187e-70,0.1281643722551718,0.6687572353359812,0.626256972726037,0.45221726799548373,0.009828316599048051,0.008589507785168472,0.37389244624712503,0.38842201317118585,0.3861689510860008,-0.035239000789269274,0.2625793744989211,0.2263972716397824
2024-10-29,252,0.6967862057213032,0.6906233237237688,-0.0020681215549409352,0.16570828483787128,0.17789774010583081,0.9512750880610453,1.5585969186948356e-58,1.3589774513545258e-70,0.1313582575093414,0.661481352998917,0.6181528785475199,0.4464641498125915,0.010705606987450964,0.009248915237577518,0.36990214438317043,0.39384961033403365,0.39153104837804154,-0.034978152220260364,0.26645569002406927,0.23018730339498894
2024-10-30,252,0.6961499705662664,0.6899741569598896,-0.002004537695795403,0.17914127152431233,0.18951085479495278,0.9512330054298173,1.7880137771623686e-58,1.8970462545178277e-70,0.1285148839281435,0.6688426116482913,0.6262399066047704,0.44973502437165147,0.010182808601943103,0.008763100290360343,0.3564230414126175,0.4119405716004626,0.4107478630340756,-0.03465561299432206,0.27120282054056266,0.2352860323701812
2024-10-31,252,0.6982761659471357,0.6921435676940287,-0.0020606854977235625,0.1658356182049233,0.17220833968080662,0.9514274743267015,1.831006152643423e-58,8.42260629888617e-71,0.1428955074781016,0.6320848488364796,0.5835139708782484,0.45858269022146175,0.00827063521343569,0.0064788248310899575,0.37460303128059536,0.38857319021222514,0.3844359041129908,-0.034465497752101566,0.27453605770098466,0.23856854097930336
2024-11-01,252,0.6980692340614942,0.6919324298757523,-0.0020123683252700197,0.17559379624629012,0.1817486612759429,0.9510431351794898,1.761212262564957e-58,8.171392738944696e-71,0.14611860556469977,0.6249321433822588,0.5762555015321774,0.45771351940987826,0.00842276004806308,0.006592618103102409,0.3860263027732033,0.37411317621153717,0.36937796204508466,-0.034940207176556624,0.2674555606748924,0.23074362236074297
2024-11-04,252,0.6988432970789278,0.692722225881345,-0.0020788180163017686,0.16099090658489215,0.1668823611929121,0.9508825166082799,2.4469663298175226e-58,1.780196756822131e-70,0.18534143236505815,0.538222981420405,0.48462818531657015,0.4581184483467538,0.008427713306430449,0.006768606312426474,0.3913397536074885,0.3682923131059648,0.3689838948522467,-0.03265701973529285,0.3001614316524243,0.26248030404718936
2024-11-05,252,0.6999358626545653,0.6938369980743735,-0.0022268263620807086,0.13283159241958362,0.13618498789168965,0.9525118489587361,1.4854939791924524e-58,4.681011593827219e-70,0.17034494386756985,0.570327868542521,0.5175530064539462,0.4734481727242436,0.006456053212058037,0.005490685630485102,0.49780490231875396,0.25857574570793324,0.26915325857593353,-0.03225097018202204,0.30525305682274356,0.2657980660839351
2024-11-06,252,0.7089348078182488,0.7030188486275628,-0.002269490460798969,0.1256904777210938,0.12567902437085243,0.9567725141018952,3.439625634411336e-59,1.66166206162647e-72,0.21107548790557423,0.4782662992371388,0.4290792149796533,0.454721696728689,0.008333781515352828,0.007774673200904529,0.619159411570371,0.14730802687879765,0.16900120044402855,-0.033734341647005,0.2830977293707306,0.2377139450641561
2024-11-07,252,0.705022997131684,0.6990275295937102,-0.002002063647201795,0.181130384017936,0.1830569812263494,0.9551184969302067,2.5269982097657642e-58,1.5850988371104116e-72,0.20765005173901308,0.4902189487253703,0.4371762330922939,0.46375384556635424,0.007805023467418953,0.006111262143172321,0.5541131863398472,0.19835496429764463,0.20346020793419972,-0.036870708315697484,0.24543717234476617,0.2017215714884809
2024-11-08,252,0.7048365586703706,0.6988373017327766,-0.001945886391934243,0.1946251027158872,0.19862037528411436,0.9551861487066532,2.8532394893522753e-58,1.7783643888415248e-72,0.21330610380373827,0.478773632844125,0.42589635982955154,0.4623731914972205,0.008170721376827325,0.006392729018336234,0.5746228427317638,0.1815091527969151,0.18683494160394087,-0.036647350507228275,0.24894150704886348,0.20413558847902358
2024-11-11,252,0.7259221689172208,0.7203514812935872,-0.002291113387056896,0.11479754631331954,0.1254734388761193,0.9436256555919069,3.857481857170049e-62,3.4684367197467025e-86,0.28862938428283524,0.3231639608889715,0.23635415962481776,0.41061137925206603,0.013756706755561334,0.006550411078986672,0.4702372693726007,0.25913989289406963,0.25517149626918856,-0.036339083660210346,0.2369936362298602,0.20833679149153517
2024-11-12,252,0.7275586148564817,0.7220211883291744,-0.002314541727250389,0.11001436776409296,0.11527959668096681,0.9436383832682746,2.883099015741602e-62,5.877703325463093e-86,0.36175538533514745,0.21742423452444576,0.1282641646273481,0.3731248923962053,0.02636521641113068,0.011219420357744744,0.41056266285156195,0.32320708023740174,0.31445027257076164,-0.032225584424154505,0.29290397501931703,0.2617939745357244
2024-11-13,252,0.7238535104952534,0.7182407769687342,-0.002562036897503335,0.07882355842662361,0.08471404046208254,0.9413794617770521,1.3429728499223624e-61,9.251863790788502e-86,0.38866794573683555,0.18773376597567437,0.10729468814882179,0.3802097633606957,0.024629973194050452,0.010032009772585402,0.37836852434777524,0.3654414348392212,0.3576938588775639,-0.02907191797755239,0.3452254512003873,0.31757551897753555
2024-11-14,252,0.7247795074816342,0.719185595032074,-0.002512671962260355,0.0836151476054949,0.0881500762170627,0.9385283406638627,2.5560880825860867e-61,1.4936358717170364e-83,0.4248168087432037,0.15391421137096745,0.08261746896279065,0.36986102461782294,0.02903685576700512,0.013095655641742443,0.3018222583209911,0.48184292120356964,0.48449291905012004,-0.027114546654091257,0.3790232236106218,0.3541334308943431
2024-11-15,252,0.7242540774650947,0.7186494855436536,-0.0025168310592386988,0.08262017957859213,0.0880231598093724,0.9393352895493667,1.867193533709577e-61,7.063315966497757e-83,0.4390715812253443,0.13927841598538387,0.07446470281193303,0.37081785424107383,0.02854507001628275,0.012626620271324244,0.32086968316149733,0.4548760448485272,0.45792728173556263,-0.027076913777998583,0.3793390660268888,0.35217035839722644
2024-11-18,252,0.7208608780106951,0.7151873186206685,-0.0023654047448652153,0.10416047832977303,0.10708543535483342,0.9366221187464866,1.1168050911902506e-60,3.7000095818479815e-81,0.4332129878085024,0.14629260544794784,0.07910783655384827,0.3977557728173613,0.019293373571631908,0.00818689696641388,0.30797840383915814,0.47505945329171484,0.4781419146789556,-0.02846099990482262,0.35729741677575866,0.32808947601521365
2024-11-19,252,0.7162031237256027,0.7104348945330337,-0.002429030453562607,0.09929299648467585,0.10111927542274733,0.933533807966934,8.258064437164875e-60,2.106350582494136e-80,0.37554815050830404,0.21108574056826757,0.12987481969637338,0.3819548768323445,0.02614049430740577,0.01072735386428993,0.2753690987286626,0.5297010458575209,0.5315232959939595,-0.035761801955517515,0.2507330570257006,0.22708051440526222
2024-11-20,252,0.7135519977480205,0.7077298838811104,-0.002528863601796729,0.08784658470914775,0.08913724270099492,0.9303570059389221,2.3762272538871306e-59,1.3663923122529786e-79,0.35470667627348135,0.23939488700744582,0.15668361121096147,0.36365947120836084,0.03439962589020527,0.014854569043476453,0.2173743740820908,0.6198791767992613,0.6251583784200005,-0.039037888051478495,0.2108653959827059,0.1964978816293773
2024-11-21,252,0.712603425787133,0.7067620320023187,-0.002422179842121352,0.10539000819723184,0.10441264229960961,0.9358527809926549,4.300887663954908e-59,1.4197408490749607e-81,0.3708511937464526,0.22267839526565703,0.13612641648002105,0.39193693715407674,0.02387116466223419,0.008004744035333194,0.28851672716282645,0.5129556418874399,0.5070734316162102,-0.03726499710038227,0.2363893265549173,0.210096978393857
2024-11-22,252,0.7101965934246948,0.7043062802829203,-0.0025866581614714026,0.08381835964655586,0.08292827201005382,0.9336296224943634,8.647388253884606e-59,2.822805926634444e-80,0.393002142565258,0.1951302072036229,0.10832082083443924,0.3721951762376509,0.030400775803924186,0.010686502961176436,0.21804002580616233,0.6187617949611011,0.6145260883343706,-0.033612043415473414,0.28259617866772235,0.2501173539821048
2024-11-25,252,0.6920774025621803,0.6858188131833629,-0.0018607958521704045,0.22491661277540248,0.24331740541106817,0.9103598577063315,1.4571340572598798e-55,1.5815544006204953e-69,0.4005419437076908,0.20110796874237977,0.10242511213115983,0.16410300751395174,0.3288816081787741,0.47758536145091146,-0.16181214174677924,0.7147478981263016,0.7675898599553312,-0.0414161533860478,0.19931275981462515,0.17718043447223686
2024-11-26,252,0.691795332511504,0.6855310100015752,-0.0018650011804001287,0.22443685100694571,0.2375718293409671,0.9112085798750975,1.207222764737716e-55,1.1058015446883075e-70,0.3889546123872799,0.21451720298099056,0.11153866400861709,0.1646195832759046,0.3276239551283583,0.47717135319374293,-0.1804984348418656,0.6836006789850427,0.7445699103063604,-0.04161903833514727,0.19736496323872987,0.17525672197651754
2024-11-27,252,0.6908338920021255,0.6845500280184289,-0.0015474877164052482,0.31786404758145353,0.35275694867384433,0.9203508890360942,8.701205064741656e-56,2.1898145667897986e-75,0.3128390559744596,0.320965757498564,0.21057739745339343,0.1647428631541753,0.3336001142027547,0.47680528313814596,-0.3535053613433829,0.42487279208437956,0.5763862087190479,-0.046355208165202555,0.15507503695460098,0.14078833827536696
2024-11-29,252,0.6882214721644971,0.6818845102166211,-0.0016582953381192556,0.2866623103779065,0.30827002399940473,0.9196938460304849,1.9494013052565438e-55,3.881988449821019e-75,0.31177618857312683,0.3247854949628479,0.21101937568727025,0.1625928634810985,0.3421691921950838,0.486152891446648,-0.3201722177945175,0.4712822005858299,0.6041582851128051,-0.04532563666317332,0.16625101647367876,0.14726965180533585
2024-12-02,252,0.6865452683376408,0.6801742372062921,-0.001587745626978992,0.3086551750810687,0.33527681702141354,0.9176893271299548,3.745236528170733e-55,1.0594585660482033e-74,0.31286461260600384,0.32485009613525473,0.2052058897888025,0.15608618105602162,0.3629609862048284,0.506735821680157,-0.2984601702823656,0.5039625100056417,0.6212379299394788,-0.045868347371024555,0.16261888274595324,0.1422126045521202
2024-12-03,252,0.686616439738472,0.6802468551803109,-0.0015857800063201366,0.3086180073966845,0.3329422490743019,0.9183903917104185,3.4372916947055666e-55,1.1806760533536409e-74,0.3171840265585769,0.3181315809983296,0.1998491052990541,0.16241419070305538,0.3455339204969772,0.49248845414979014,-0.2973884224402635,0.5053576539666125,0.6227900228429616,-0.04551726129114368,0.1657401100334908,0.14552859082521083
2024-12-04,252,0.6831881694666286,0.6767489046183894,-0.001533800759668887,0.3272905867376311,0.35369345505969507,0.9187046116509925,4.037221037644978e-54,6.2820993440206964e-71,0.3509951607817654,0.27050764543386185,0.15707217419773106,0.17169222772709675,0.3255407570964639,0.4746670467014391,-0.29235421297906755,0.5140851679551308,0.6293429764362459,-0.042542756120810134,0.19562861376003826,0.1732403070297266
2024-12-05,252,0.6833781087777118,0.6769427044845758,-0.0013669773866847126,0.38123604719741344,0.40458269033752614,0.9209416718719701,4.01598209093415e-54,1.5272689487015077e-71,0.3333205941582146,0.29517073676643535,0.1722907817628082,0.15872883978206478,0.3597671404381987,0.49910537327821847,-0.31108194339260065,0.48343645476694697,0.5952783380759785,-0.04396554867251034,0.1807418678497029,0.15564187427629056
2024-12-06,252,0.6845040729228955,0.6780915540798649,-0.0012178935701773431,0.4353554239599293,0.46201106487384613,0.9220280910826872,2.761423894937483e-54,4.583795086955197e-72,0.30922499464177955,0.3314993474450644,0.1989473901394444,0.16962268113367246,0.3278746809417046,0.47048116072274837,-0.28942009407140873,0.5139467958138189,0.6206690317304235,-0.04624673154474422,0.1587772243451861,0.13136216269087259
2024-12-09,252,0.6911499630231579,0.6848725232472058,-0.0015712116035007811,0.31103374516207005,0.3422298727218388,0.9287457312469721,3.0269757822314316e-55,9.934057843115334e-75,0.2243510364461128,0.4794381309612845,0.32911503191240565,0.16898333759305217,0.32536980140680116,0.4781167666732583,-0.21436664156352514,0.6275291057240018,0.7112874514310105,-0.055877553012277335,0.08662117030918731,0.059917665261459196
2024-12-10,252,0.6917057973681509,0.6854396550382352,-0.0015538999683611015,0.3166135928375626,0.3489962556462255,0.9299075908366179,2.457593550369795e-55,7.215115863317968e-75,0.235333785494826,0.45744412131214296,0.3054244235857976,0.14578586138550204,0.3958412194767753,0.5394120493349821,-0.2200148996128485,0.6180106006537108,0.7015632059776669,-0.05574058318497236,0.08721753444877503,0.06011341102279185
2024-12-11,252,0.6910957327071245,0.6848171906889766,-0.0015761547391427476,0.31047794998932676,0.3468825769524161,0.9331012102903001,4.854205382154331e-55,2.956319759667809e-73,0.22807899016942496,0.4729072732266325,0.32142153867176604,0.15596851168487352,0.36304101466943217,0.5108775817682354,-0.20782118595388552,0.6363841533406416,0.7147139972420484,-0.05613671513929987,0.08529983176140762,0.05738941545280701
2024-12-12,252,0.689671561632268,0.683364073047558,-0.0013270568727477472,0.39340480317218973,0.4248739686379984,0.9321840280579219,8.008737146027123e-55,4.377594684526532e-73,0.21097194633820215,0.5073399404461012,0.36043360859250007,0.1284215182728165,0.45220788948133395,0.5852276804151774,-0.22676131472999614,0.6071729375203251,0.688994958790385,-0.057992917487173765,0.07621076657506468,0.051245814728988856
2024-12-13,252,0.6894541658503056,0.6831422586521412,-0.0013199660972196031,0.39485386924811217,0.424399187941904,0.9327157147933197,7.555272869132311e-55,4.5052266014252836e-73,0.23069675592512476,0.4734587783188138,0.3199594604109305,0.12582688114388582,0.46061240533972636,0.5905375502796391,-0.25364515592340864,0.5702993641012439,0.6615921127272663,-0.05622944085243443,0.08810337665810226,0.0588856499280518
2024-12-16,252,0.6894038605615691,0.6830909308981864,-0.0014261630853894414,0.3581809424634175,0.3889196917164658,0.9300192502115907,7.006096133373512e-55,7.462004178460351e-74,0.20553891619520054,0.5212702480762705,0.3773989396230316,0.11647797473794494,0.496572511614639,0.6185590995637309,-0.20378567971451833,0.6503087681617161,0.7243206917212253,-0.059926898014088195,0.06739328243044206,0.04342427990917588
2024-12-17,252,0.6883410041380376,0.6820064717018188,-0.0014244177933061429,0.359177000459326,0.3885876090898468,0.9276461146901873,1.388551497858923e-54,1.8677003790332625e-73,0.19826284678016265,0.5361855579047581,0.39781739956345863,0.11856470357567589,0.4889556536049632,0.6122786690250865,-0.17705226127595936,0.6949775859601955,0.7599261060130018,-0.06213550163377243,0.05775595109171108,0.03722842914635142
2024-12-18,252,0.6913034122756814,0.6850290913869757,-0.0013853317301112816,0.37355644251570486,0.40282532397804105,0.9282723767634651,1.563864518119439e-54,1.4218895159770254e-71,0.26578039315451973,0.40170517657390614,0.22997905505130856,0.12624345140714885,0.46139874614796195,0.5907430658731717,-0.10142831529522417,0.8199091410666574,0.8585412220523154,-0.047999209307627966,0.11190625672407853,0.04897431361190779
2024-12-19,252,0.6910782817248293,0.6847993850119194,-0.001587504844564638,0.30770569207438997,0.339852313161372,0.9319114018517871,1.1878868370429629e-54,6.98902998282588e-72,0.33305465626620806,0.29223237527799706,0.14119534301632405,0.1502970659536308,0.3803509023763201,0.5225562845085575,-0.12783441113996574,0.7752320188424632,0.8241280101968624,-0.03921967759342708,0.18773345796931165,0.1308482323375882
2024-12-20,252,0.6913077860527688,0.6850335540619714,-0.0015604642638430558,0.31484611466470047,0.34817027254188904,0.9337480315576159,1.512267806555224e-54,3.718460363252052e-71,0.3220647165177005,0.3078730205580266,0.15626831977891287,0.15003555673653723,0.3803615443838978,0.5250211678692733,-0.1200700438187281,0.7875096322098891,0.8331696155875943,-0.039047506675873464,0.17744741041412776,0.1108576499347965
2024-12-23,252,0.6913477539657695,0.6850743343309275,-0.001547555549238051,0.31842754697477327,0.35013547883689633,0.9322937942365834,1.0644986582755416e-54,5.838253268095607e-72,0.31008635152503605,0.3293781953981856,0.18247793611662078,0.15053174582472087,0.3789766165123737,0.5249285533597856,-0.09021527975334659,0.8400554061857761,0.8754501751464121,-0.040764306965104975,0.1605441502308975,0.09593819875748179
2024-12-24,252,0.6918332147719417,0.685569662226656,-0.0017845912029779806,0.24943397428772146,0.28023693648869963,0.9309822551065883,9.092882640523514e-55,1.335140423233223e-71,0.33839443025335264,0.28656406861204337,0.13916331482940156,0.13538314050291647,0.42836934150465755,0.5648034063752148,-0.10539383271426109,0.8130904446858263,0.8540599354573764,-0.03583900256465946,0.21491452633877284,0.14116157636184282
2024-12-26,252,0.6917122584426019,0.6854462474353378,-0.001812160418703834,0.2426664056225935,0.27628286486064446,0.9314177089216021,1.1900005442553915e-54,3.2853009753499206e-71,0.34171957046510204,0.2828416720765527,0.13433104187157469,0.12920019168421515,0.4498842733273538,0.582332165766607,-0.10950382749067958,0.8062697961073166,0.8489084537585009,-0.03590808483301204,0.21445881775371511,0.13886327223371817
2024-12-27,252,0.6916144059224794,0.6853464060428549,-0.001863989180845536,0.22698431821377943,0.2563870347153746,0.928839204476583,1.0336279446607943e-54,4.020233143270564e-70,0.34772826289591835,0.2719284717373073,0.12218182768395973,0.10451968142131902,0.5390236295718152,0.6535306254471911,-0.08055645707944034,0.856362454017126,0.8867969725739353,-0.03407298991812095,0.23724684538257187,0.1524138204996337
2024-12-30,252,0.689285970774351,0.6829706449770818,-0.0017361808098808411,0.2616950536945578,0.29324380973853803,0.929255027235649,1.9096265675596485e-54,8.831658824495642e-70,0.31997246825125913,0.31274686900360327,0.15846399685490153,0.10163489633245054,0.55172396578469,0.6628595141850444,-0.08399001843535281,0.8509030324915042,0.8821683708794987,-0.034563113148166784,0.23221312823230195,0.14568731566126436
2024-12-31,252,0.6887298183676536,0.6824031886596791,-0.0017592144313270826,0.25610423723720616,0.2877246727277195,0.9285491373227247,2.3039166166772886e-54,1.2561922720886676e-69,0.33052293945538463,0.2961216468078518,0.1404987360132381,0.09282302882166468,0.5857893552343796,0.6887306819770305,-0.10125674189354648,0.8203375393884762,0.8570902560839536,-0.03388090741159404,0.24120968958347752,0.1549821359113342
2025-01-02,252,0.6913786517627325,0.6851058601318938,-0.0016679434166461495,0.27993892712666607,0.3135538488073364,0.9375972651714597,8.949478851787654e-55,1.6177754351460683e-70,0.30673331180531416,0.3309108266375549,0.17171363622094904,0.10791713856456045,0.5224958382310858,0.6415148538831783,-0.0006529138688180502,0.998823644125068,0.9990622894794942,-0.03360266376631444,0.24341679547774317,0.14876739610539852
2025-01-03,252,0.6883591872106929,0.6820250243491216,-0.00149379639804502,0.3346373371640614,0.3708083502627335,0.9352235506552213,2.637737711882488e-54,4.339701882267713e-69,0.32241446745390656,0.307250532146246,0.15352120632951766,0.08629599709310916,0.6099909723544549,0.7081442055582492,-0.04157200773704675,0.925089949150391,0.9395509919358513,-0.0339927733656363,0.239020820630533,0.1497267261555471
2025-01-06,252,0.6877913777784304,0.6814456740747399,-0.0015525476318496386,0.3164608482920962,0.34987058117467285,0.9335460362981386,4.0658676605056126e-54,1.6863690017610338e-68,0.3143896436885224,0.32041535051721365,0.16553822743798274,0.09335397112837282,0.5806066303320618,0.6837458059510504,-0.007363625167549098,0.9866139633274404,0.9890984935293502,-0.03483182066800222,0.2277662532703778,0.139242168630821
2025-01-07,252,0.6911973001772428,0.6849208225385689,-0.0016786239166444639,0.28057358609331984,0.312624486664169,0.9375388228550583,2.4395303560464776e-54,7.284290942867802e-70,0.3328792956348448,0.2942255398452969,0.14474584497780027,0.07918567051248873,0.639640732312146,0.7288957002623624,-0.03382579580546066,0.9386970441743183,0.9496425678946081,-0.03469186424684653,0.23198328585395372,0.14448598099542684
2025-01-08,252,0.6934143256860372,0.6871829095414446,-0.0015800351039130204,0.3075203614214309,0.34694379643679174,0.9424841270285961,8.043911843800596e-55,1.6117472118747394e-71,0.3961423199697114,0.21478348990365617,0.08689654448642718,0.057146047167914216,0.7353757780665233,0.8023244115756646,-0.06149755034601151,0.8880324503660963,0.907775673757246,-0.02982878811593582,0.30539272687565777,0.20585897189871882
2025-01-10,252,0.6948498693442964,0.688647630916335,-0.0016990090631252702,0.2719883798491218,0.30502320072508693,0.9439209150126716,4.790856454709213e-55,1.7454257155549504e-72,0.41780004358085265,0.18637011024993064,0.0715645841147406,0.050247689512264125,0.7632641272065378,0.8214993057450561,-0.09444320311052332,0.8277580134021015,0.8564868509455987,-0.027823984753732028,0.33804483689637677,0.24374516319505846
2025-01-13,252,0.7033103284739086,0.6972800505973621,-0.0021999744589082625,0.1459594531019728,0.1694993374752557,0.944158888658668,1.4189582142403103e-56,4.0071616037079553e-73,0.3497359294605841,0.2586136010292888,0.10999754312864293,0.0987985907773837,0.543873654328995,0.6610205676878522,-0.03480273788268412,0.934722070565587,0.9477962824902338,-0.03199159261111506,0.26068661130952714,0.1680261543933126
2025-01-14,252,0.704577649286675,0.6985731299632334,-0.0022646796155276674,0.13387301105748897,0.1519514425530713,0.9452997616403227,8.574118367744817e-57,1.794107407849214e-73,0.3559273887933345,0.24960546636348155,0.10428018312822243,0.10224368635846282,0.529353457369574,0.6506446332933451,-0.04226142434535518,0.9201282520166059,0.9361614976658006,-0.031181176190956308,0.27242815045269775,0.17891036504159685
2025-01-15,252,0.7091507524684498,0.7032391823966704,-0.0023496792195758934,0.11853995117022606,0.13348015607281705,0.9583020860556045,3.700197176920903e-57,1.3710830205915405e-75,0.3553090256206347,0.24760656598981484,0.10209836014543246,0.07960692156603211,0.6242833249375356,0.7240776075214301,-0.07370356804660338,0.8607098175916771,0.8873217578957572,-0.03152772071037064,0.2650315908968773,0.17438553307536098
2025-01-16,252,0.7092818094800712,0.7033729031686906,-0.0025473861416955724,0.0909549564863625,0.1048482494068222,0.9578022618898347,5.0828794860723363e-57,5.4283380291693024e-76,0.351898575102177,0.25291233859595363,0.10700459562922357,0.06907177954669962,0.6705250938621494,0.7561913056915219,-0.13714664165295404,0.7467334621565451,0.7918499605651105,-0.03336210354920551,0.23970130306183376,0.15795381878789916
2025-01-17,252,0.7104341043874858,0.7045486187043046,-0.0025088696164249132,0.09654972112234196,0.11273070059801416,0.9581311553561067,3.596193275839917e-57,1.114199387559882e-76,0.35401307125809384,0.24882423500155795,0.10397216836342264,0.06519540606117996,0.6889387243918587,0.7711251264324002,-0.1357599009460384,0.7487442792415423,0.7931999200809402,-0.03303402723825356,0.24378209235497011,0.1609206281151313
2025-01-21,252,0.7031237230581011,0.6970896523885504,-0.0028202631187332645,0.06525088962446544,0.08057774279237007,0.9592407974227688,6.061320510511334e-56,1.1949000504633317e-75,0.3211860429545998,0.30294787325237743,0.13767683013156354,0.08430625286190102,0.6096751465622032,0.712049462970476,0.09134872989535864,0.8281315378258598,0.8675821804332905,-0.034051728378226086,0.2360916501114672,0.1335659401318531
2025-01-22,252,0.7035705669140206,0.6975455784366633,-0.002822843077958744,0.06501381616484,0.08073004852626146,0.9595637140208251,4.195867611211382e-56,3.9491096186994246e-76,0.3205884416426717,0.3041733626625694,0.13892681068218465,0.08370771196293608,0.6121464098590135,0.713845452889094,0.08839732181791249,0.8336451057724288,0.8718475864548672,-0.034128672135256985,0.23485370865159474,0.13233807954791854
2025-01-23,252,0.6998415927720095,0.6937408121372943,-0.0026163230283957712,0.08760733115092503,0.10019833118219529,0.9538480727897832,3.234078434485656e-55,1.30028364802231e-73,0.35003387578978284,0.26192332699481213,0.10694891655389659,0.07297235236534536,0.6586805906636319,0.7474626124517949,0.07459732228331584,0.8593768201584285,0.8908000121883171,-0.032927515737196,0.2516887899686316,0.1485327670382672
2025-01-24,252,0.7023453868372407,0.6962954963258026,-0.0025201314102721683,0.09770512096924909,0.1092832025681571,0.9533820034920995,1.502443119218609e-55,1.520887865060455e-73,0.3502091077839028,0.25813209949077304,0.10727982183798251,0.07778329608874474,0.6360363172413863,0.7326774592293976,0.13182858700548178,0.7521297866761539,0.8082836484649785,-0.03419216977576124,0.23132449226981536,0.13366752166855547
2025-01-27,252,0.7035157323362261,0.69748962933493,-0.0025025517041353425,0.09967927920736043,0.10954868069499289,0.9534631900614003,1.4799446782998718e-55,1.495353693393378e-73,0.3525327052550576,0.25539459024121625,0.10454044062516032,0.07578707729944295,0.6435762475513305,0.7371077589213989,0.12569350085721417,0.76362209341935,0.817257343084122,-0.03388154232480253,0.23513461589272733,0.1357286116694884
2025-01-28,252,0.7022237621387395,0.6961713995805838,-0.002587391993418937,0.08980630359485896,0.09956506751171641,0.9565047399593638,1.2785327095232238e-55,1.6287671883861996e-73,0.3447010006901188,0.26917608079650024,0.11071249355303343,0.058255891531681994,0.722035675795536,0.7943826055262775,0.06943404183582594,0.8679144770093741,0.8968182194522029,-0.032538414434746865,0.25669023096618426,0.15286446710991533
2025-01-29,252,0.7027796890537474,0.6967386258231325,-0.002533379386563843,0.09617475179612746,0.10707323121524912,0.9592408635887415,9.68254562336489e-56,7.452009588366731e-74,0.33774415068077246,0.27765559668465206,0.11828556490811268,0.05601570123428809,0.7319828405781048,0.8023125920643857,0.059551306589154196,0.8864488646518625,0.911484856206343,-0.03285174930838572,0.251250584347358,0.15052788153399033
2025-01-30,252,0.7017794276610869,0.695718033914361,-0.002414258879825301,0.11369717871508514,0.12485211860202093,0.9599192803495922,1.6570977572306605e-55,1.7284542545578946e-73,0.3514839044622824,0.26243090659207136,0.10747509387848175,0.080929415570669,0.6196940900366229,0.7161916460826985,0.06570676558196281,0.8752371942772468,0.9030316490967056,-0.03208917700438944,0.266251950061908,0.16300825524890294
2025-01-31,252,0.6989178241117981,0.6927982676913063,-0.0023309902613953513,0.12861777981064582,0.1420665743786589,0.9579941237295868,4.588528836593264e-55,7.584932914422984e-73,0.34705195628564467,0.2709922053075957,0.11239738481683073,0.07933555815239443,0.6282854192436428,0.7225931342872831,0.1375944007379569,0.7429519470817955,0.7986932142852464,-0.03196451416022576,0.27080443752697547,0.1604946343741086
2025-02-03,252,0.6818856990131918,0.6754199611882568,-0.0026068477009206685,0.10564886882676279,0.10064009375967223,0.9575267176310328,6.153004702754855e-52,1.1915681749091686e-74,0.31675064411218823,0.3436029387839714,0.17059890026732827,0.02341360581688227,0.8914072267365445,0.9157092818279486,-0.07575590415440177,0.8624621403176469,0.8907310162724872,-0.04119153554622246,0.17680963608959607,0.11500674143015234
2025-02-04,252,0.6827617413797444,0.6763138092939669,-0.0027096865685351523,0.09250345679348215,0.08833903696215692,0.9617948294754001,1.979761743663451e-52,4.4626661553820365e-77,0.32039866669238093,0.3422376703928356,0.16689645750740567,0.024072796136485226,0.8885730613058651,0.913795890803435,-0.01720463011536083,0.9683105246138807,0.9738618222853044,-0.03974229312353235,0.1943855810752446,0.11778468840009691
2025-02-05,252,0.6812090438061146,0.6747295528265641,-0.0025689587427755183,0.11090828733993828,0.1020977952809987,0.9590999936627441,4.1599903888045974e-52,1.818277919804139e-77,0.30464229207806753,0.3725378494167436,0.20466946567135702,0.028141825845442846,0.8703610372020446,0.8987131006258101,-0.040741404426809597,0.9258295672768311,0.9390993101585017,-0.04246937353754007,0.16771489396856465,0.11127264109621532
2025-02-06,252,0.6798065219030073,0.6732985243807107,-0.002766960979747082,0.0874178293239386,0.0800725606232991,0.9606073666242935,5.775924762732106e-52,5.854796269646337e-78,0.2981717491766246,0.38489320901497137,0.21784365383658633,0.04046181433252953,0.8149641098533218,0.8542419945765403,-0.05938616806315941,0.8927390450292619,0.9117720725582679,-0.04211927226703199,0.17351225719494007,0.11485547634167478
2025-02-07,252,0.6800755209431777,0.6735729908810472,-0.0029268449084533226,0.07054942965311517,0.06586470272269064,0.9596513947792741,5.8154784635182905e-52,4.315964087636804e-78,0.3245226478807236,0.34281472418528025,0.17250275892389855,0.034126952843203724,0.843259571874537,0.8764729790047417,-0.0576696161274317,0.8956995261146304,0.9142777581649038,-0.04034517483694791,0.1920666747893568,0.1278972919087044
2025-02-10,252,0.6799571161298482,0.6734521794658208,-0.0028959634529456034,0.07366537356531479,0.06959461055826313,0.9599346325514697,5.8529016951934484e-52,7.092255900753816e-78,0.33220421065412103,0.3327067467267204,0.16319609873194485,0.03610175026516121,0.8334314788410591,0.8678459424884939,-0.05467776912626758,0.900830509628471,0.9180834491130652,-0.039885642694909275,0.19795631741731526,0.13285087253015146
2025-02-11,252,0.6811265659924808,0.6746453986346044,-0.0028263219999300235,0.08027221001440864,0.07588324985262239,0.9615834183398099,3.747075743312396e-52,6.676655327843217e-78,0.32911770145428354,0.3365711138738384,0.1674922945705618,0.034290014999806454,0.8414297897759776,0.8743634741037757,-0.048692297829137025,0.9113467483799751,0.926640160047167,-0.04000203011812963,0.1960539091269287,0.131669199497294
2025-02-12,252,0.6803035068683263,0.673805610666463,-0.002647147776364287,0.10194003239454906,0.09638399742843355,0.9657312354708477,3.6110056971553244e-52,2.0708505862092496e-77,0.31101582391213456,0.3655373844147142,0.1945190676563815,0.027623663409139698,0.8725424912644235,0.8989227392544705,-0.06043989322837405,0.8904407312369094,0.9090488371912588,-0.040917883080121856,0.18819105257042668,0.12665134179267568
2025-02-13,252,0.6779320554751147,0.6713859590416821,-0.0027495623594756304,0.08917629075509363,0.08289434025241117,0.9631765687108118,1.2014859307969365e-51,2.4711598401691904e-76,0.2892347747321129,0.3987323715918598,0.23072874561189605,0.03210140543158813,0.852123883770465,0.8827068570464528,-0.04009778868494205,0.9268787937253438,0.9390487592250826,-0.04325859350910625,0.1652980554625044,0.11075793009769419
2025-02-14,252,0.6781298537119653,0.6715877775678996,-0.0027366781091460934,0.09026568052467002,0.08062455058471042,0.9629375866649161,1.304203926397992e-51,4.1958155767389755e-76,0.2928968488042793,0.3932471146043376,0.2275381566001624,0.02525611923842258,0.8824770556204421,0.9048173791780187,-0.08885200543818747,0.8377811966074218,0.8619287474795223,-0.043741745279396824,0.16054468495413363,0.1096375876224068
2025-02-18,252,0.676788202245235,0.6702188567624145,-0.002756072348785387,0.08839454325652775,0.07982415050734483,0.96211636883245,1.432563361362278e-51,8.916955728697745e-76,0.29352581617976775,0.3914776171415607,0.22257039248647748,0.028567673680447474,0.8664278676708659,0.890957575040871,-0.08074996581100244,0.8517416789492589,0.8729442511069054,-0.043454483028972105,0.16279049609965063,0.10921849183156168
2025-02-19,252,0.6770726875101294,0.6705091242481402,-0.0027737767665450314,0.08613981070239227,0.07686960936257392,0.9627331548914196,1.2209739028583084e-51,9.253226702126724e-76,0.28895990575172675,0.3988841488066961,0.22957148807668004,0.025747956636313768,0.8793719703062046,0.9016389420882628,-0.06453821880034816,0.8814202445699,0.89842711898571,-0.04364675579320029,0.16080800770801595,0.10650678099881342
2025-02-20,252,0.6771669790342715,0.6706053322666754,-0.00275955069547147,0.08765712324476777,0.07826327969388584,0.9626630614438123,1.06057768496175e-51,1.0271822270757416e-75,0.2857181008726056,0.40423449413351276,0.2353842657958437,0.026807988757808765,0.8744762082032689,0.8978250587705996,-0.05747490414627587,0.8933866060734661,0.908200012515506,-0.04390971565174802,0.15853243123563582,0.10402330401055553
2025-02-21,252,0.6870315739553874,0.6806704270845619,-0.0030182236037191047,0.056584471919320936,0.04926956839202554,0.9592320247189534,9.047199413574208e-53,1.1885103765332182e-76,0.3031063001679373,0.36493415426468134,0.20649458705294865,0.005775170585493372,0.9723180679488101,0.9777979436135992,-0.012865859684178128,0.9755827153789973,0.9791631058606689,-0.04619741447386311,0.1303000806995942,0.09099096506070885
2025-02-24,252,0.6889994789255849,0.6826783301232594,-0.003009683430668305,0.057251949643847326,0.05006532161860268,0.9593766220303668,5.108766449353378e-53,1.0177458143673282e-77,0.3041363187452749,0.3631741438758077,0.20473805996604277,0.0047030450822141134,0.977459004233471,0.9819483449971094,-0.013998381814620197,0.9734375410001764,0.9773444163401291,-0.04615493347868517,0.13055843323668148,0.0913402518816721
2025-02-25,252,0.6876706030188937,0.681322444543668,-0.002875113094399428,0.06897285121626362,0.0593610800552488,0.9578097323816533,1.2451683299453425e-52,3.669805953141089e-77,0.28044235359496295,0.41534488084501087,0.26554571846886965,-0.012971050605432313,0.9377423475386985,0.9493624662653131,-0.04705736856421154,0.9108230109677423,0.9229833834358253,-0.04773904171452058,0.12289162249340213,0.08668691082672356
2025-02-26,252,0.689907665966516,0.6836049762503883,-0.0029205414124252056,0.06493101376979159,0.05443621403492085,0.9608864590398638,3.998960896969013e-53,7.776902996835192e-79,0.2772678306176726,0.42196703111687506,0.27167344529108084,-0.013812508154306812,0.9338624547889747,0.9462904988113237,-0.052683850333937673,0.900270941148173,0.91387790501926,-0.047542916043606796,0.12573353665419063,0.08885216725403956
2025-02-27,252,0.6859129131404593,0.6795290292612004,-0.0030232698993695054,0.055707204546636,0.047498740282451754,0.9547653515243401,4.006373662506473e-52,4.420525438726209e-72,0.30411145641873477,0.3764145810807781,0.22823352699645083,-0.007762454502535605,0.962764886619856,0.9697712587875181,-0.04513782227259201,0.9140441614207521,0.9257359478259677,-0.0464590725045797,0.13381199701862104,0.0962111929951741
2025-02-28,252,0.6852092883593748,0.6788111031634272,-0.0030503377934532807,0.05395337265143462,0.04524654579188334,0.9616989392999988,2.2884643550400487e-52,1.1837672621211553e-75,0.22815737774059536,0.5021447275762598,0.3755197029819123,0.019805565636565596,0.9045351161980485,0.9227477071233312,-0.06777439163261906,0.8713257204998787,0.8897953109689474,-0.04996161621473174,0.10642477282235897,0.07632105916312752
2025-03-03,252,0.6837917031537948,0.6773647052504166,-0.003096506414317495,0.05078067857921816,0.04506291318864628,0.968078158047396,8.298742191827752e-52,4.5418159846867705e-86,0.29709979661765407,0.3791281109431097,0.23312795267089825,-0.015216858849711919,0.9263602979834396,0.9407480011538034,0.04080957465800987,0.9218394001794279,0.9332730119713377,-0.04761263241396393,0.12457156101684509,0.08888998053898811
2025-03-04,252,0.6838408192157078,0.677414819606271,-0.0030860974317300496,0.0511047922723962,0.042765208633270976,0.9698251799637457,6.55280312830185e-52,4.895850523626399e-87,0.2787056676323451,0.4037186120608597,0.24950393086789568,-0.016415080350334912,0.9206238849385593,0.9361888014734847,0.01752575201575947,0.9659971379028097,0.9705938838822579,-0.0484554564902316,0.11634160930276687,0.08157006097622525
2025-03-05,252,0.684080813324119,0.6776596916437149,-0.0031338639386702654,0.04748916912792768,0.03928314375520787,0.9689444383018986,6.58042758141829e-52,7.1765385681840736e-87,0.2662299240141135,0.42491460108107115,0.271870546097681,-0.021455029639852234,0.8968816328274011,0.9172712440103948,0.019403611688586384,0.9623603459828689,0.967367726928484,-0.04919372567926025,0.1110871830729203,0.078196045614731
2025-03-06,252,0.6836331665191759,0.6772029463264763,-0.003034117909667349,0.05376274670517715,0.04480633633109457,0.9795391605707333,9.98838619516668e-52,4.83729219501239e-92,0.24599931949915133,0.45689158455451584,0.3019737900309416,-0.007553036295513918,0.9635904435934712,0.9711747374197509,0.010704503726035763,0.9784080180227045,0.9808002082594988,-0.04856825446360811,0.11469519872020736,0.07930856886223063
2025-03-07,252,0.6905447696500411,0.6842550291957736,-0.0032479577235928585,0.03698420313069169,0.027467408646679674,0.9916524893948457,4.323003125442033e-53,1.647560541951608e-97,0.2928501655276462,0.37156495094072794,0.218864167242091,-0.03127790653845976,0.8486024523327106,0.8802031544912333,0.0026581171011512694,0.9945759978832143,0.9951999919559484,-0.04556097949711492,0.134910788266421,0.09955938689292997
2025-03-10,252,0.7012964874288261,0.6952252778237209,-0.003488647115900011,0.024308728052108507,0.0174610289756296,0.9922936799476091,9.080137110777693e-54,5.647216359858262e-101,0.3135407222554762,0.331312042269722,0.18460776266378864,-0.03618536602878288,0.8245926367386565,0.8618113756888062,0.0391562920141537,0.92007552055368,0.9291068222164807,-0.0458773652981977,0.12980703624724885,0.09736257195877598
2025-03-11,252,0.7012324691389555,0.6951599583490969,-0.003575695683196825,0.020974634981866604,0.014813102084778514,0.9880894770846892,6.652257896675712e-54,5.438242276836809e-103,0.34667961056142027,0.28053266994328124,0.14687961767007301,-0.04030297949022176,0.8051138449087505,0.8462102529704775,0.05813867721928442,0.8819589562693785,0.895247697107374,-0.043645782898499665,0.14908652928594762,0.11218517709096683
2025-03-12,252,0.7006572478428688,0.6945730455632523,-0.0036154135413694363,0.01970883361597592,0.014186103034773991,0.9892041282147028,8.059113333598122e-54,3.7888017133521176e-102,0.350923401190627,0.2761651758727387,0.14663121438302595,-0.04439101739622635,0.7860031287696206,0.8310190593592982,0.04513404471260814,0.9082166022725209,0.9184059651585366,-0.04209113832863111,0.16320723736695242,0.12419828086881286
2025-03-13,252,0.699022122381181,0.6929046858442132,-0.0035294794661558096,0.022871481173441618,0.016717895411351606,0.9890653160155571,2.4153183252462735e-53,4.407675755777925e-99,0.31101112455765484,0.32735541902734755,0.17919475739010604,-0.029672155367809597,0.854938660414318,0.8856559403305742,0.06398400345197822,0.8700586979185582,0.8844162313352626,-0.04495370943274627,0.13299182564975634,0.09681936216555456
2025-03-14,252,0.699194849425526,0.6930809236008416,-0.003514844809992263,0.023605831115810327,0.017364576686689052,0.9869157946285483,4.228116718549589e-53,1.787545891176199e-98,0.292031996479359,0.3542699856586806,0.2023283747520238,-0.03731876731560135,0.8187529929424254,0.8572097589772981,0.06761321242969734,0.8627671757993985,0.8776810713121106,-0.046498766869268494,0.11957903571345656,0.08681995933164287
2025-03-17,252,0.6993913732609005,0.6932814418231139,-0.003442411050943738,0.02654038619826318,0.019324520176191542,0.9877233300850752,4.1259665774703878e-53,1.0239085223230235e-97,0.28670514540799397,0.3634537123902625,0.21383331994509258,-0.035366017204740266,0.8281224195310386,0.8645809797158546,0.05875084084116551,0.880429850539802,0.8932513961888446,-0.04701237767814114,0.11561902979206541,0.08468818677347022
2025-03-18,252,0.6972347571647928,0.6910809920665162,-0.003324854821694741,0.03262258138105309,0.024547996758814864,0.9872913829331766,7.34403270955441e-53,8.55809145334387e-98,0.2531095551790905,0.42162929171337804,0.28464981730963335,-0.02077867543007336,0.8984896497535508,0.9204369746704547,0.06012967886990875,0.8783303543731791,0.8914945662282513,-0.04876759566215845,0.10323870757330732,0.07617626195467225
2025-03-19,252,0.6989286028067856,0.6928092654654601,-0.003255612910382788,0.036596069709250084,0.028126006216443674,0.9882060306064124,5.551906137477246e-53,2.5971871126426765e-99,0.2515112338459678,0.4258159089143425,0.29207469387505147,-0.022131362899738823,0.891950541273414,0.9153509091143264,0.06614490386052421,0.8662511149111325,0.8806829233971737,-0.0492678129436512,0.10081220480024534,0.07579918418173497
2025-03-20,252,0.6997408592864902,0.6936380312232076,-0.0031529037460057427,0.042066256848234215,0.032233889711182094,0.9838209466044348,7.212460167845427e-53,3.3269756742526316e-102,0.2861126613604248,0.36469891968310164,0.22555619263827098,-0.022532868107455473,0.8895913558309603,0.913545983969122,0.07374733891118093,0.8502319930745735,0.8667242539385036,-0.04729868975180135,0.11385717245020541,0.08686226416696849
2025-03-21,252,0.6936284612011587,0.6874013974044344,-0.003082407862957773,0.04637936195156006,0.03527270567035192,0.9742768408227315,4.7270161667415243e-51,1.2385959032358706e-97,0.30846600175675853,0.3287792261752781,0.1945940971000426,-0.022859266226035787,0.8876950093228578,0.9115749470542754,0.08286183222473233,0.8317178225365823,0.8501454036908174,-0.04731367454697641,0.11297567878377725,0.08790004338444918
2025-03-24,252,0.6882395247840186,0.6819029297593036,-0.0031045805052859654,0.04478131683212132,0.03439436780076141,0.9696750246014851,6.272224782272129e-50,3.8277610997964055e-91,0.3188190195591568,0.3096472937850447,0.17574274470252205,-0.021822508330561395,0.8927004106843269,0.915595329050184,0.10142100470821239,0.795083851597628,0.8178930560340453,-0.04724407358821123,0.1129216550951024,0.08775690902310776
2025-03-25,252,0.6903369204873827,0.6840429554566385,-0.003214028195423377,0.03705778330368465,0.028194649524583382,0.9758342024379019,2.801557148188527e-50,5.448551623579617e-93,0.30590796719473723,0.3282225028372474,0.19319247685116425,-0.040526081269783715,0.8023011303569967,0.8441231623288086,0.04655162128822372,0.9053459511294211,0.9160423652928802,-0.047181374099383604,0.11215526320622443,0.0883237181955675
2025-03-26,252,0.6897787812962342,0.6834734719729869,-0.0031874884188579002,0.03861775160205816,0.0290847012925178,0.9733631118479582,4.485793777333352e-50,4.267809678157528e-92,0.3210466422789904,0.3029571446711621,0.17115515305855955,-0.048984127130734585,0.7625288572010405,0.8123286366553057,0.04904183167000082,0.9002301761539199,0.9111077628858797,-0.04675103582717121,0.11498413593516728,0.09193992124554351
2025-03-27,252,0.6860213145505734,0.6796396339520078,-0.003150579014034016,0.040826441016306975,0.03138812965101193,0.9782003264904027,4.555118780792677e-49,1.4859155807331975e-85,0.3099418932525302,0.3209822610809041,0.18948573045327843,-0.04677515296149348,0.7725178349963662,0.8210870613542874,0.044903788375821985,0.9084593820225283,0.9185388660106434,-0.04685269515208488,0.11402418794689011,0.09088746393454569
2025-03-28,252,0.687860618968966,0.6815163226065466,-0.003185470513495,0.03873619625501582,0.029742165737368674,0.9782068400973601,4.627028667218664e-49,1.4086377888518834e-85,0.31988826890531896,0.30309380035656086,0.1739430099348006,-0.0494067684304936,0.7596115593109918,0.8106480374394152,0.04393546696917487,0.9104352255142605,0.9202123722965511,-0.04650030191576905,0.1167294013223216,0.09408883829054115
2025-03-31,252,0.6886925775264274,0.6823651908907857,-0.00316528206580828,0.03996903481404778,0.031141635453629038,0.97835368528872,3.7201159223552716e-49,1.24701207551708e-85,0.318855394058956,0.3034647162483033,0.17197307552511232,-0.052138245743734934,0.7462201912145718,0.799623142141445,0.03992133025813663,0.918499265711745,0.9273082323699584,-0.047086985507941,0.11123657695614293,0.08935952224040308
2025-04-01,252,0.6894872586238054,0.6831760240429885,-0.0031194057946068955,0.04288834779279267,0.032708522916088466,0.9797646907893303,2.9323470304731538e-49,1.229319448750912e-85,0.3199959482541832,0.30206424881516036,0.17085988129424257,-0.055874132536546585,0.72961709282838,0.7869766235131249,0.03780492200083639,0.9229386749048,0.9314301319363721,-0.04701147756378629,0.11213231631269824,0.0905484197385791
2025-04-02,252,0.6900351886411342,0.6837350908492874,-0.003231871400377017,0.0364001297138538,0.027124615588250522,0.9852335923260191,1.1117134286857694e-49,5.0729860729058605e-86,0.29062639545481456,0.34813177053896005,0.2141571134672542,-0.060432559004582956,0.7098232305907735,0.7724287232174069,0.057168399713174736,0.8841867819005966,0.8970444451392693,-0.048575484840792785,0.10135929266085736,0.08158668154145753
2025-04-03,252,0.6848869338345367,0.6784821967173524,-0.003069243078162003,0.0472548742008425,0.03322483001804577,0.9989089082341421,7.167317108050415e-51,5.692686301392593e-79,0.17301051663068298,0.5626984247116649,0.4844654295670101,-0.08765141922667723,0.5893970805202835,0.6694642580194263,-0.09164742958579603,0.8089183974053029,0.8287050842070314,-0.05106646543992944,0.08572680263678178,0.06647068301605934
2025-04-04,252,0.6838290807977282,0.67740284260256,-0.0029823593046500465,0.05382096063968193,0.03711145352554281,1.0069247788065012,2.5907811894365227e-52,1.354823176248414e-80,0.09077059075438906,0.7493050601348855,0.7143727331412582,-0.1011089541580101,0.5340514901219502,0.6255658457366657,-0.04336508220951163,0.9084472756221493,0.9160842434676074,-0.05332296404827426,0.07215221415511691,0.05396392497339335
2025-04-07,252,0.6820528299427472,0.675590489087925,-0.0033732237970397257,0.03370154772846164,0.022721140902469232,1.0345129402722626,2.8088265414699694e-52,9.045951815286263e-62,0.039074183149127625,0.8934537008910126,0.8838285389497598,-0.021379423794128438,0.8972918661152518,0.9213288971499174,-0.0576113914718141,0.8818753661639742,0.8907863041447197,-0.05322037194027458,0.08111068548452131,0.053401959478822876
2025-04-08,252,0.6839219801856622,0.6774976301894358,-0.003423992007116202,0.031032451002769197,0.020598198027769965,1.0358661952523058,2.231874895508855e-52,3.4494742687584846e-61,0.03398466434427844,0.9073699785718783,0.8989083915648416,-0.02835143400916329,0.8644350854793992,0.8962474099567219,-0.06141710379949766,0.8741762447184358,0.8838677305637006,-0.05373494809386806,0.07863739501311405,0.05361732373453664
2025-04-09,252,0.6917058321551357,0.6854396905322726,-0.0035966010815042873,0.022615719789545647,0.013869415523760894,1.0230412390399244,9.285790847881479e-52,3.1868412323518085e-59,0.16679219366219156,0.5134318763501753,0.41520656019990554,-0.0274493579427557,0.8675392798794556,0.8985431766758086,-0.04692935604805634,0.9029133517502297,0.9109999321656574,-0.04481235415011485,0.12477363893538884,0.07843394055865605
2025-04-10,252,0.6931427583374419,0.6869058225312923,-0.003638738170066146,0.021609020003955922,0.013096695283316388,1.0205994844100625,3.45132787484392e-51,1.4069118395403884e-56,0.22963218597017365,0.3619201284159367,0.2662316192452865,-0.06370778676788548,0.6952963156657803,0.7615299132448742,0.07385180844739081,0.8442105712724046,0.860277190324449,-0.04227929865248792,0.14768992446687612,0.09379699002070609
2025-04-11,252,0.6929021985719832,0.6866603733397065,-0.0036771378219537434,0.020607061356356565,0.012823858178829388,1.018573815339081,5.736369883738207e-51,1.0376659035191912e-56,0.21068182581346362,0.4028545986285873,0.2978176776415662,-0.07028820965389042,0.6656242318143979,0.7384520032190636,0.12351514699458566,0.7433312329354869,0.776204811311902,-0.043834511606376546,0.13325465724239524,0.07983503810716647
2025-04-14,252,0.6933832945181508,0.6871512476587637,-0.0035950347323446957,0.023463517713039707,0.014005130204173957,1.0179670891813386,7.574214280996635e-51,1.1146380590530538e-56,0.19641878981030678,0.4333351594554725,0.32639151115429144,-0.07336415581290773,0.6523296861238823,0.7269003104395325,0.11998988946807221,0.7505693840590884,0.7815006085208593,-0.046533001588280026,0.10685622996785356,0.05885312700959063
2025-04-15,252,0.6910069551271663,0.6847266086866615,-0.0035385955112713437,0.02546073504393016,0.01590363375531811,1.0160496025743675,9.08458252564854e-51,3.191467035481292e-56,0.19832289510071444,0.4275027241466426,0.3178089723337094,-0.06944648604845946,0.6691537438055806,0.741757442042032,0.14728831249227475,0.6963799010488709,0.732796761664881,-0.04515741367221576,0.11653352120555838,0.0639547988079356
2025-04-16,252,0.6911584229320453,0.6848811551054609,-0.0036275848768156076,0.02190547694051795,0.013665585985496484,1.0215140227612307,5.02571769385916e-51,3.3275624574852516e-57,0.19505477158617635,0.42695439557778614,0.30823179080952545,-0.07114025251677887,0.6547915612612794,0.728215106277539,0.1294779274139774,0.7310491312170713,0.7647437135765085,-0.04565897302098766,0.11014076484783097,0.06223903570978347
2025-04-17,252,0.6911700433176259,0.6848930116777403,-0.0036350308983855596,0.021531378754110164,0.013189741793109326,1.0215088042292702,5.031950152463086e-51,3.207984533228633e-57,0.19489789457032736,0.42741216257687087,0.3077484803166949,-0.06501563013583128,0.6833347503340947,0.7511573511149379,0.1348230214427505,0.7205912609986804,0.7559874270147405,-0.04540310650167988,0.111395560835862,0.060643971594067814
2025-04-21,252,0.6904690738754065,0.6841777948891343,-0.0037281768904526367,0.018700031596790172,0.011496420343031853,1.0203941509447498,4.3278355209645166e-51,2.76604978246771e-57,0.2194739425749896,0.3679461523695794,0.24098299691756075,-0.07412677612549487,0.6388668346185442,0.7155123556837669,0.16403874042980332,0.6627272416639971,0.7066210320471834,-0.04390324924099742,0.12434203515850495,0.06926189311735505
2025-04-22,252,0.6953886029174337,0.6891973143588449,-0.003585692559627377,0.024115521961802226,0.014867920377049714,1.0275638336225819,1.9827279944348187e-51,3.306091406719946e-57,0.25255165013483505,0.29927426357933906,0.18936885268327353,-0.07667685585179998,0.6285956168225086,0.7086455540573835,0.20287418499070178,0.5902442077909814,0.6432380218118445,-0.04097103603309189,0.15136864420401616,0.0863832874605873
2025-04-23,252,0.695526623446308,0.6893381401830216,-0.0035294151449142934,0.02614943574829005,0.015291310557634278,1.0271241282443984,2.2629457363454393e-51,7.051519597051451e-57,0.2632424320869375,0.2778413651480612,0.17247902504688217,-0.09058031924045133,0.5596254367357967,0.6479429117742591,0.2092478064765532,0.578559857734974,0.6334424461481567,-0.040420209868130635,0.1568362132010248,0.09100696889392366
2025-04-24,252,0.693584164788609,0.6873562006582962,-0.0035488774264182186,0.025817191730333974,0.015990940445286882,1.0299056668034083,2.5046891268399567e-51,2.3166023099097207e-57,0.2406865336358197,0.3178999471981976,0.19285613390069278,-0.10491348522577224,0.5075068645310483,0.6126369530765174,0.22031805027584728,0.5593305549476182,0.6196384175953825,-0.04220130483790834,0.13899016765158026,0.07765126595798781
2025-04-25,252,0.6938459182199843,0.6876232742813662,-0.0036004951837934384,0.023605267294511654,0.014047875992497698,1.0308401720860603,2.3654168249370252e-51,2.4147887240942846e-57,0.2350151334665191,0.32986330923411256,0.2030140120258338,-0.10039897278593107,0.5242942041485581,0.6263703931511024,0.23168930848648892,0.5400543821864046,0.6041419884708514,-0.04221109471318417,0.1387162493202305,0.07657654562761446
2025-04-28,252,0.6936512431302444,0.6874246423808592,-0.003618174882971533,0.023041406637400168,0.013680625259897055,1.0326608057338267,2.565790028905924e-51,3.405304667901973e-57,0.2335026715463874,0.3330024628097752,0.20688256514026115,-0.09604683941662151,0.5416218789095315,0.6407820261900536,0.22220328273986306,0.5565440877992375,0.6192927497728665,-0.04211475929588758,0.1395250498698008,0.07737954880846235
2025-04-29,252,0.6935786185531281,0.6873505416944519,-0.003611458390252454,0.023300813227994585,0.013698858305986938,1.0321245806678285,2.617347102839982e-51,3.9519432997246016e-57,0.23930521449936992,0.3227136616213364,0.1982839862814052,-0.09724990425563473,0.536485892381814,0.6362394320577247,0.22649546748817556,0.5489632942010271,0.6128252324568828,-0.04164001174282324,0.14536488405054784,0.08169222425374144
2025-04-30,252,0.693572013457981,0.6873438023494034,-0.003618705424972218,0.0229879409402378,0.013295736110878012,1.0324137625376348,2.898857718771409e-51,5.0773948024589957e-57,0.2375788515338743,0.32711693806047226,0.20392224849483032,-0.09768595019721985,0.5345855390584564,0.6346840960004199,0.22487967218526347,0.5520670896803874,0.6159220230746792,-0.04174622359193974,0.14449037244283264,0.08146857549416157
2025-05-01,252,0.6951562325441998,0.6889602210105453,-0.003740221128896357,0.018365673604534546,0.009716194808823821,1.0327162784457826,1.5644285995116273e-51,1.9927263755783093e-57,0.23418925779206093,0.3320798228146359,0.20827110387453796,-0.09532739964985351,0.5385569359903943,0.637218078002916,0.24183080762982523,0.5214384168579616,0.5902148344559326,-0.041696667821691735,0.1434816195861577,0.08031095511689015
2025-05-02,252,0.6927118127209719,0.686466117857577,-0.0037231895212441017,0.019175040367798865,0.010788042813945053,1.032003929744159,2.5621557831217547e-51,7.179113136810276e-57,0.2271427250852877,0.3473818745145575,0.22138168185954843,-0.09894234853040068,0.5251145037387249,0.6276348917107104,0.24889037770797073,0.5097297842418,0.5777192656541115,-0.04225009025549249,0.13915793331174664,0.07867766289685878
2025-05-05,252,0.6940121302960436,0.6877928646516542,-0.0038017680621581693,0.016691779325291378,0.009957749257904911,1.0363175670629219,1.5513878224145837e-51,1.3505631781229848e-57,0.23100007757145827,0.338195126998887,0.2077054809120552,-0.08069709887078488,0.5997152353164368,0.6911585125620703,0.2851834150325734,0.4492940641146246,0.5274144508485685,-0.04048873053386331,0.15607420382707937,0.08647401587126334
2025-05-06,252,0.6937652631871749,0.6875409799186216,-0.0038036264870093153,0.016781737908637427,0.010079532712156792,1.035025960191743,1.6113782712620728e-51,1.3771505765228142e-57,0.24120857577117039,0.31735440992335423,0.18627777496158593,-0.09477813470502272,0.5338025155458079,0.6336645378054677,0.2780783880527741,0.46205255391731814,0.5384880055042732,-0.0401830580121409,0.1594273208507338,0.08879666398954791
2025-05-07,252,0.6943333244615163,0.6881205871538236,-0.003727017989012359,0.01866382942404821,0.011127200809371195,1.041395065767804,9.570500848763559e-52,1.1860347895684543e-57,0.24948145674858813,0.2999922421355666,0.17034898633740425,-0.10025573751607839,0.5093201717615017,0.6145679294078175,0.2533698161968549,0.5019385966684027,0.5757423171578551,-0.039475059421379285,0.16564034175948975,0.09425923148343479
2025-05-08,252,0.6881902540124065,0.6818526575492441,-0.0030797140297148928,0.06316929224779019,0.047390284022109576,1.0736312935789565,4.9641331067249003e-51,2.0979723141435797e-50,0.2462962903324929,0.33153754931014456,0.16482383857394156,-0.18086784263527592,0.2548006716022038,0.4031469569248449,0.4248063158322167,0.2821338217914487,0.379406877974808,-0.03853367468146281,0.19853997546221766,0.10113600104355064
2025-05-09,252,0.6813095243929339,0.6748320757017334,-0.002797908738130863,0.09606606226553753,0.09170376532310547,1.0711484412506276,6.253947197189548e-50,1.7431627383840083e-51,0.2212829051317568,0.38939556036584333,0.22853856290684305,-0.1603991332130027,0.31874388073738635,0.4478481166296201,0.41463409215230085,0.30114541097016706,0.39006432407572944,-0.04194933943955205,0.16751852341402462,0.08397541413003316
2025-05-12,252,0.6809829080952541,0.6744988208614178,-0.0026386137577920875,0.11756875946184007,0.1225302986588753,1.0665249437599083,1.818639438021337e-49,1.0275478431690073e-51,0.2733533755410766,0.2857359996266771,0.13420706946440455,-0.19717402061697303,0.21695001808166178,0.3564590509012989,0.4684082738889682,0.24280073142495812,0.3406692210045956,-0.04007487910372704,0.18907437125418725,0.09606864824088496
2025-05-13,252,0.6768566698103357,0.6702887159446921,-0.0023980800159757233,0.15918415389631074,0.18089655460367493,1.06944532434923,6.864892359351449e-49,6.094132240884777e-51,0.3157871638728453,0.22159312751079965,0.09801545577912701,-0.20622523966630696,0.20136456290086358,0.3373808185914674,0.3591089212611117,0.3726100065774254,0.4459728793504323,-0.036151969992721286,0.24041549211320726,0.13219857110412822
2025-05-14,252,0.6753971381000887,0.6687995189557816,-0.0024958823502059567,0.14313176089379423,0.15275655301152016,1.0700118348989467,1.372062256642585e-48,2.3071942863630972e-50,0.30855177226404185,0.2326105171724264,0.10387841731559994,-0.1921604875708356,0.23322710954390183,0.36350274426230167,0.3725903898572903,0.35569322043649154,0.4306633732467571,-0.0368137674501911,0.23243321269087344,0.12519958781393786
2025-05-15,252,0.6753077818529102,0.6687083465247173,-0.002511012910707046,0.14091612115498445,0.14892524034297178,1.07462466762655,1.3733713877601813e-48,1.3368260947747467e-49,0.32412025729987554,0.2112396971005569,0.08157137419260045,-0.21218061732357268,0.18988627915172138,0.3190716081187259,0.3533249668803191,0.3820563777256467,0.45201186527945103,-0.03385749185683353,0.2744700123968793,0.15377629271121587
2025-05-16,252,0.674954811121686,0.668348201591639,-0.002546068399690346,0.13528611385420866,0.1405817757431943,1.075200548245433,1.6266511355129336e-48,2.647277998561167e-49,0.32136972302933764,0.21518555147484672,0.08388646719917045,-0.2102003241902012,0.19312900336533245,0.32095623962178477,0.354599707879129,0.38042469321050454,0.4506933620009499,-0.03395306633178599,0.2731619882628902,0.15258659370616187
2025-05-19,252,0.6739924568388351,0.6673662872623887,-0.0025188232102648263,0.13900643468968116,0.1478102182288949,1.0808650426254705,1.8745270885751956e-48,6.025995406059627e-47,0.31996596369063757,0.21615257302851562,0.08521230123785431,-0.20942924259844653,0.1941323620660821,0.3242680566902325,0.34292480017596205,0.3958448255502516,0.463271662574534,-0.03443307689370107,0.26485035917000505,0.14787128326881166
2025-05-20,252,0.673634390744686,0.6670009434020984,-0.002488462260485964,0.1440086140298795,0.1575510847276519,1.0796872764871996,2.2351108219396313e-48,3.9186628475610705e-47,0.32004101336016005,0.21549220345978048,0.08462071447221453,-0.21317914256704956,0.18510714502419548,0.3137871076199218,0.3449179361427278,0.3930002331722703,0.4603264485907176,-0.03460167679493162,0.26230357791836517,0.14606812274592593
2025-05-21,252,0.6732271471711643,0.6665854225201717,-0.002576171187331683,0.12993039629884287,0.1373043291381795,1.0771562511803499,1.5184385575057316e-48,2.444958915825828e-48,0.3295753670203142,0.20167930464267442,0.0739123491892061,-0.2234398375992757,0.16527005057005015,0.2888856412603741,0.33368616895920933,0.40747506502942876,0.4727924152495018,-0.03378962278715056,0.2726319141956524,0.1536507210775061
2025-05-22,252,0.6770425231755248,0.6704783468173038,-0.0028076849262792516,0.08824145502856344,0.08643965473012351,1.047658440707591,2.8092649578011476e-48,7.00128506675831e-51,0.3255763899954792,0.19241051252925573,0.08355283899155123,-0.2547884875439757,0.10297883880548055,0.21674195734839363,0.29460077927947903,0.44990851546428756,0.5159916217627403,-0.03890398771439746,0.19233942982020708,0.107134462583502
2025-05-23,252,0.6833944378075282,0.6769593654052422,-0.003023324236513719,0.06455007640526741,0.062469225743799345,1.0525615658150127,3.44724418892768e-49,1.844123367357705e-52,0.326704622819598,0.18683998003665458,0.07917417483061774,-0.24300106106482355,0.11588299617593746,0.23798183444485832,0.2893457665377305,0.4531685607321847,0.5234192942955526,-0.03740519089014886,0.20579770820002108,0.11746652544982435
2025-05-27,252,0.6843302679218262,0.6779142164568226,-0.002938734429377367,0.07262570426704852,0.06941369710191221,1.0521291791073781,4.5195067942912165e-49,3.8699540795600095e-52,0.3336880212553403,0.17788871309286514,0.07568395800437452,-0.2549861842473653,0.09831377816672596,0.2106389216120551,0.2870626250040731,0.4573002350709223,0.5255224309292604,-0.03810230598888448,0.1978963756097252,0.11321482122451851
2025-05-28,252,0.6850035701909027,0.6786012037313682,-0.0029916517603235057,0.06758785014779331,0.06781188410492792,1.0525752308236833,3.629257559631206e-49,2.994646592818072e-52,0.3313128882524896,0.18017510336079892,0.08133203560757966,-0.230377245116217,0.137767594636297,0.2696526802655087,0.31931281940347356,0.4072644128635362,0.484248304547342,-0.03831930134905483,0.19466926803265794,0.1132910799724137
2025-05-29,252,0.6860886184158212,0.6797083057819965,-0.0028654928620115505,0.07955609625773509,0.08234508577612139,1.0516646511402454,2.683033886896286e-49,1.8960246702182148e-52,0.3356745563882855,0.17348286507525051,0.07930955011989822,-0.23652872063249308,0.12733269668396624,0.25623441909144795,0.288147181342735,0.45342586388237105,0.5255031939676095,-0.03878986991854319,0.18862339257093114,0.1110324102010846
2025-05-30,252,0.6887666580430732,0.6824407771089893,-0.0031118294915037045,0.05574781025862418,0.05600596126492931,1.0537599628480647,1.0190808552542699e-49,4.960677856110681e-53,0.31383241059046346,0.20227133256072294,0.10075937315079365,-0.23981444402301968,0.12057579047288004,0.2482997178143468,0.28980605722910024,0.44907957632283735,0.5227696219749522,-0.04168432033972712,0.15732560681656127,0.09039623452592771
2025-06-02,252,0.6883899582060126,0.6820564207711755,-0.0030451939625573657,0.061768438122608335,0.06361428984333518,1.0548878098832422,9.949422854090232e-50,4.869051398003415e-53,0.3182758913799226,0.19646159067783228,0.09759875465020704,-0.2285674117111052,0.13766632794988198,0.2703792275670591,0.2812925795990062,0.46350348426917143,0.5377830340317264,-0.04109015138329089,0.16416842640927684,0.09562184833112627
2025-06-03,252,0.6885509566597947,0.682220691551254,-0.003022250683246174,0.06362054653733869,0.06512618089974678,1.0558005584527357,8.684814132245393e-50,4.173405378591209e-53,0.3136794459186391,0.20331697687644923,0.10296636958514732,-0.22961467032546842,0.13585525459511352,0.26867977156518397,0.2709594210220215,0.4795310336013793,0.5521672476746966,-0.04138882532962393,0.16120091193119435,0.09464963226534395
2025-06-04,252,0.6881365182334707,0.6817978295796794,-0.003004581255469395,0.06564095313102594,0.06920564008987785,1.0564089709526359,1.082799847996271e-49,4.542096464028385e-53,0.3164220612737023,0.19986876698096462,0.09914468542860506,-0.2249541063660919,0.14498202856309408,0.28214502354807625,0.26242193908978145,0.49345644611677786,0.5655537632168904,-0.0406113760571319,0.17068250166886795,0.10204289247677543
2025-06-05,252,0.6888771562924624,0.6825535212577564,-0.0031392035928375075,0.055278430674356144,0.05684912584681001,1.0621217677606147,8.322482017830898e-50,2.8202345054394237e-53,0.31861322290451877,0.19879359011794,0.09908743013823215,-0.2131265348331659,0.16866159213752605,0.3109402995154542,0.26466281642300205,0.49213711663920456,0.5639224294767453,-0.040238240399156536,0.17665442402453355,0.10576805521683653
2025-06-06,252,0.6893145495947128,0.6829998046677761,-0.0031302586179550096,0.05587424145340914,0.05765452268284519,1.0630382353581538,8.292856276704751e-50,3.4850758755425113e-53,0.3213935806941076,0.19484110983300376,0.09441770980449314,-0.21646194433638444,0.16274578882868387,0.304708467677828,0.2516919567508615,0.5134515468209659,0.5828637805402428,-0.03948546193501163,0.18465145276951989,0.11071089044567144
2025-06-09,252,0.6918778726247146,0.6856152277593632,-0.003062080689106437,0.061850579610074126,0.06217968993011255,1.0699449626014397,1.4585774552356608e-50,3.413194933037063e-54,0.3225004303666259,0.19486178978591862,0.09254777243946163,-0.22111280286420992,0.15566376615151012,0.2963435600536978,0.2337326369423589,0.5447808763107119,0.6114598579667002,-0.03829909906152105,0.1987952207219186,0.12116207421371739
2025-06-10,252,0.6888505534881315,0.6825263777460204,-0.0028538203470121213,0.08376994978181401,0.08195139123360942,1.0686558933827717,4.957739725625479e-50,6.94191064268091e-54,0.33871085244868165,0.17621724654541907,0.07953830058734394,-0.22718692606566437,0.1475203968804972,0.28166575276191386,0.23389928708283197,0.5473334109125438,0.6108128274079418,-0.0370908782748056,0.21643595028772233,0.13317194118578515
2025-06-11,252,0.6889553825223664,0.6826333374516829,-0.0027138675792381965,0.10019157208584813,0.10132631616621253,1.0662030096099206,6.56083343106516e-50,5.894226145329527e-54,0.330268481824739,0.18710102184058375,0.08672219746832557,-0.24324073259245457,0.1231820257320892,0.25286855490577187,0.2412695049068801,0.5339876851685637,0.5962431403525248,-0.03848132634583308,0.19996935653462677,0.12281755046913585
2025-06-12,252,0.6899657954883753,0.6836642872665943,-0.002728311549829972,0.09865002112556114,0.10053319652252012,1.0672437985392984,4.642610760224238e-50,1.689162554445519e-54,0.324871150028635,0.19346175253588938,0.08861313420036739,-0.24558776478399497,0.11924081536472994,0.24771990854913473,0.2507549257073203,0.5174593471634616,0.5815303814099854,-0.03895183040317694,0.1943802245497907,0.11870081612896233
2025-06-13,252,0.6889958186054657,0.6826745954063898,-0.0027258947475423644,0.09934029704277858,0.1016393718273758,1.0644979611827354,9.813164294580272e-50,6.522827756479745e-54,0.3274903030447065,0.19025382492446397,0.08950323196461815,-0.254601100553724,0.10455874859626034,0.2249858395886727,0.2343193597598356,0.5438932739821093,0.6016992620588464,-0.039870217032017215,0.18326820738989233,0.10980499967868587
2025-06-16,252,0.6874652827574554,0.6811129511061842,-0.00287008892151059,0.08315865126259857,0.08300545297580393,1.0649742357641048,1.2835185877216813e-49,3.88766099668479e-54,0.32336765403268136,0.19694563937686185,0.09042792573181868,-0.24099854625896328,0.12396498683718969,0.24721962727260527,0.26409426528109203,0.49487181134344704,0.5569025648421884,-0.039011477553933444,0.1937460742655591,0.11269324303991916
2025-06-17,252,0.686655070928232,0.6802862715568546,-0.0027715404528357206,0.0948144090850634,0.09590270582806308,1.0633622477895086,2.1511211692544784e-49,1.0224135046788717e-53,0.3267609658474752,0.19263499389584274,0.08402139751828898,-0.23977175899778969,0.1267940107405014,0.25168446046581217,0.2988316924496336,0.437317543045479,0.5022803562567221,-0.03794971252001437,0.2058296018255556,0.11652599286708994
2025-06-18,252,0.687635899413495,0.6812870355804359,-0.002833235839752853,0.08686337175725274,0.08571097377925355,1.064459961334725,1.526186928250862e-49,5.787605386052968e-54,0.31716111008366327,0.20422621659383638,0.09328366763885679,-0.2527389012030415,0.10864879477555468,0.22812745885435337,0.27186411981324377,0.4804516889431554,0.5422538669704746,-0.039484203198547715,0.18620665518872254,0.10533601805872306
2025-06-20,252,0.6873591406329631,0.681004651621438,-0.0029576934728329693,0.07449797261120913,0.07403510006338014,1.0661236759944952,1.6344891347019685e-49,3.759213136709348e-54,0.3147644317087247,0.2102807078141483,0.09841361525861841,-0.2428053359077349,0.12459728763918915,0.25106148559947095,0.29075292229679167,0.4521330432568501,0.5182041051632494,-0.03963173667384369,0.18666354229497892,0.10442281304894957
2025-06-23,252,0.6873505113835335,0.6809958469807598,-0.0030865454569475497,0.062907401001971,0.06157145718067861,1.0672249115524508,1.7157817072973703e-49,2.320929478370409e-54,0.3082892582892437,0.21922566917029312,0.10266801860621895,-0.24499200001283478,0.12148863618373619,0.24713670392321863,0.2992900816228815,0.43851827476090843,0.5061124894930178,-0.0396214723277653,0.18680581354349066,0.10362662359425347
2025-06-24,252,0.6882587947212376,0.6819225913619131,-0.0031708142699049067,0.055403904939349546,0.0509168330887304,1.0674820400618557,1.3234989043549446e-49,1.4866219277528712e-54,0.3014887118370023,0.22912108168295897,0.11267776650552763,-0.25258257376157306,0.1066395966147033,0.2199273800983036,0.2806138687421339,0.46396954377563737,0.5246231210569435,-0.04087699835726927,0.17276920194389647,0.0958940876641063
2025-06-25,252,0.6876820183645377,0.6813340919085324,-0.0033218187349362133,0.0452468416589042,0.04256803130931076,1.0673823849883106,1.5975029754070076e-49,1.1899466345932233e-54,0.31336304240546187,0.21145462831927428,0.09763237108976501,-0.24612011864717168,0.11760787595754174,0.2370904942155081,0.28689635120432244,0.4544524329249887,0.5162081072397926,-0.039259462102246984,0.19041205298095198,0.1055481112298711
2025-06-26,252,0.6874679932851097,0.6811157167258639,-0.0034120955016438198,0.039574134420462925,0.03610269810579829,1.0744518276859212,1.7286329013791863e-49,4.3193317709871925e-54,0.31905576464079466,0.20129312102746544,0.08847255377729332,-0.24991672787543143,0.11130725932296966,0.23017367335803085,0.2874667765406568,0.451286169998958,0.5133300070569977,-0.0379014496966147,0.20510945182059326,0.11623603545178354
2025-06-27,252,0.6877575965068896,0.681411206191989,-0.003361837829732985,0.042306789094584116,0.03823033973529702,1.075834348772546,1.4759409743017188e-49,5.960965722002678e-54,0.3172422084119175,0.20334110751177678,0.09030476921409088,-0.251735015664279,0.10692502489999667,0.22236075164963753,0.28831558429399917,0.44962232860745543,0.5119844226898518,-0.038107303459794184,0.2023168562265352,0.11523926120217932
2025-06-30,252,0.6865251012542963,0.6801536602228796,-0.0033039927139888363,0.04682797465964364,0.04247674619557546,1.0766122934627675,2.272183163285686e-49,9.41805170183735e-54,0.34064008483232405,0.1720088897758146,0.07029365663335653,-0.251741883932928,0.10791249276064932,0.2220431714904404,0.2511790519056576,0.5105867446188457,0.5672116209736614,-0.035440139561147097,0.23596371558383814,0.1408915696676639
2025-07-01,252,0.6869060590649674,0.680542361078483,-0.0033949899621857575,0.04108060282271912,0.03715764744305984,1.0770030284643675,1.9519212896870576e-49,7.948118922226251e-54,0.3452068029107924,0.16638153920227547,0.06599485874510908,-0.2604985785246177,0.09583621076841575,0.20456831378518547,0.24430038152056927,0.5220010452891756,0.5769025553955358,-0.03486592929750351,0.24362457805106544,0.14651636161915943
2025-07-02,252,0.6869195836902211,0.6805561605944939,-0.003299178771985701,0.04814086297241661,0.043611168060619994,1.0821599543363583,1.6282108721808377e-49,8.061560461667855e-54,0.3550183687482178,0.15636791572298717,0.05994792967447978,-0.2594132005789236,0.09854249207827971,0.20751596436051845,0.24179744764533218,0.527916066052587,0.5816212889665883,-0.03344619898071331,0.2651811106467203,0.1637564018283305
2025-07-03,252,0.687728736508584,0.681381759608352,-0.0032242041741905696,0.052958740745839325,0.047928571669243726,1.0863505982073742,1.1770919590877767e-49,3.9032310718735914e-53,0.352319395937398,0.15830789501324616,0.060641502307501025,-0.260564351704832,0.09650373729209961,0.20645039858853098,0.24025644584043288,0.5295494432235821,0.5838317215625721,-0.033350098492958405,0.2654134022768003,0.16439405915361605
2025-07-07,252,0.6879892925660405,0.6816476115206348,-0.0032437390691183784,0.051480244927738436,0.047076477189718496,1.0869785159111451,1.1800889752475013e-49,5.435452624913715e-53,0.34866610946467025,0.16301441704250608,0.06380779314781353,-0.2588213579215154,0.09879190171494445,0.21046046223091108,0.2462751200644977,0.5188797534924741,0.574129814822927,-0.03348010243685065,0.2635041706063176,0.16228495982344537
2025-07-08,252,0.6869153804264448,0.6805518718985271,-0.003153744356459897,0.058261046079298606,0.05255825183131084,1.087522348094919,2.0969694311742622e-49,2.9023489702077025e-52,0.3343556747676135,0.18122183110172202,0.07625836218789042,-0.2659051623594582,0.09079313156006713,0.19830845343213965,0.24403760728598056,0.5232208004379255,0.5770424285616924,-0.03534055170552168,0.2374967385315567,0.1422486509570022
2025-07-09,252,0.6823747452637016,0.6759189474032077,-0.0029204102286494536,0.07966569799830824,0.07387145338567305,1.0809000620176938,2.389870987819671e-48,8.246516114954835e-50,0.3594717685978308,0.15308519717821945,0.06346184832478738,-0.2602704554467604,0.09844315482594583,0.20658214117804374,0.2231181813653249,0.5602508645361142,0.6107655093094111,-0.034064468144071755,0.2560600428577204,0.15676463197184243
2025-07-10,252,0.6840955855063623,0.6776747640735648,-0.0028904581710935983,0.08344563500830471,0.08004911377687009,1.084832800147431,1.0450390126610035e-48,2.242825203457322e-50,0.3588812664595509,0.15420630692811274,0.06382478717839624,-0.2540250209771252,0.1083138758065359,0.22355736319858122,0.23413113439990607,0.5414229240429165,0.5941425122787847,-0.033626221766843725,0.2626868429174206,0.16093432660933127
2025-07-11,252,0.683987013335301,0.6775639851510591,-0.002885323056401535,0.0840279531173168,0.08127835782975316,1.0851502754900755,1.0884469523388246e-48,2.688565936922554e-50,0.3598108462793142,0.15309807463842143,0.06310078063572122,-0.25610976651086337,0.1044751070671133,0.21778074236334888,0.23104348587861048,0.5460568133170487,0.5971363912751215,-0.03355852961386569,0.26367777390150904,0.1618588728849224
2025-07-14,252,0.6847993726543797,0.6783928558384118,-0.002947491135152697,0.07721820749439183,0.07417502619806345,1.0862472205922074,7.301100405078354e-49,6.833912495335004e-51,0.33784148679662585,0.1818623519733131,0.08580431111490722,-0.25768757734358505,0.10201742350959817,0.21535122995383948,0.23436970844554145,0.5397549427532551,0.5912507831702132,-0.03581192116293814,0.23404516315286703,0.14351062199731257
2025-07-15,252,0.6793731590887873,0.6728563533792098,-0.0027293001516648504,0.10477222476814994,0.1030829530418888,1.081387992145456,5.389580670848805e-48,2.168122705689132e-50,0.3301677153241067,0.19752603980618447,0.09249379729727965,-0.26842518615073274,0.09268763312300246,0.1975698569969051,0.30587454456032326,0.427352964476155,0.486250924282546,-0.03677007836561588,0.22731322884769786,0.13364704509362377
2025-07-16,252,0.6741838181390322,0.6675615380199068,-0.002491414252410724,0.1436050454350574,0.15098897064480374,1.0821962757927814,2.925599170477333e-47,2.7472946429516287e-50,0.33906656376894634,0.19137194623336143,0.08540210317259068,-0.26097949809083215,0.10653633419859297,0.21161586514094877,0.28734952650237616,0.46210234506874304,0.5132666767727675,-0.03614921020339208,0.2411496735970786,0.1401015911616098
2025-07-17,252,0.6668633905321533,0.6600923212340264,-0.0023696138579735863,0.1639253513623416,0.17613559564107828,1.0888628537622216,1.5026805519757564e-45,9.543301519852084e-45,0.3448336033152778,0.18477505890552462,0.0779805322311407,-0.2621397615690191,0.10536492099511795,0.21114415422048693,0.3010843811640193,0.44119713652295467,0.4950512020314777,-0.03478300436141579,0.2629403565905683,0.15952562899881162
2025-07-18,252,0.6648333442148631,0.6580210138127262,-0.0021812367835190184,0.2010543986139997,0.2216156719783059,1.085972606237711,3.1892930292346045e-45,1.8380007722338256e-44,0.34960454193503593,0.18082406494780884,0.0770884865517336,-0.25404310309659145,0.11925376485647828,0.22951151917621493,0.2963808505760128,0.4501504788719759,0.503124594209831,-0.03474469770862688,0.2655067424292732,0.16270736584793444
2025-07-21,252,0.6574534403923902,0.6504911119450811,-0.0019884797980678727,0.25060997766092186,0.2857091039421965,1.0833593590749242,2.8809417222411983e-44,4.2450354561214873e-44,0.37526896000278004,0.156771328779548,0.06322421724800345,-0.23285640882485142,0.15899935475084873,0.27474904763063634,0.2471171553128909,0.5348166238501355,0.5821197315212397,-0.03263830400689173,0.30207258156609107,0.18770622767556078
2025-07-22,252,0.6572723254363779,0.6503063157907758,-0.0021434554857381466,0.21598122477576437,0.24733739514782171,1.0806119830161298,3.7577769971625133e-44,9.45489950799071e-44,0.3762983051505188,0.1557038955558863,0.06452228700033384,-0.23819701649966893,0.14964761242364,0.26134838972437036,0.24245057217128968,0.5430022293206546,0.5870933448053133,-0.03355343633813538,0.2892003838493062,0.1792172603014306
2025-07-23,252,0.6572304577070296,0.6502635970913189,-0.0021649128511803018,0.21166384870578162,0.23837425076275098,1.0894033755930534,2.9716726623722965e-44,8.473744536655975e-44,0.3622455674696152,0.17231368921255777,0.07004869806446445,-0.2411879818884875,0.14674951776432227,0.2588960565119981,0.2594857306589177,0.5145696121213119,0.557637553987963,-0.03278587208116233,0.30048331302839243,0.18574416131128668
2025-07-24,252,0.6589420500775681,0.6520099779246732,-0.0019011491120271506,0.27125460265875384,0.2984510279348219,1.0885724479973995,2.359949941911136e-44,1.892864008213735e-43,0.3636317582539163,0.16965114774181278,0.07288849367060589,-0.252299674885702,0.12803611831537273,0.23249202885185216,0.2501547283330727,0.5288803615343977,0.5701561473246317,-0.034254967969711184,0.27849561957816305,0.17453790973266115
2025-07-25,252,0.662143205357527,0.6552761973363386,-0.002047232012778002,0.2338431473222556,0.2636938164989945,1.094673550131262,7.431638805419028e-45,4.460302175519156e-44,0.3767185878107599,0.15307633718767152,0.06223334847030491,-0.2656628963514803,0.10721093171996111,0.20198478190777003,0.22632152673992367,0.5672668296981239,0.6043280610600082,-0.03215437029059402,0.30708855922210715,0.19752036017912145
2025-07-28,252,0.6613110033292838,0.6544270806327246,-0.0019388479347173227,0.2590814774093226,0.28724934153810167,1.0960016500408178,6.647577681549263e-45,3.648225120015886e-44,0.3693453097529813,0.16139032517441756,0.06285038733242614,-0.2630855560784289,0.11056225776425553,0.2086597388905621,0.25117435592455095,0.5219092263768375,0.5610296678061213,-0.031439759108623816,0.31823482770817424,0.20551411047882384
2025-07-29,252,0.6663761189559027,0.6595951457639495,-0.0016109876451283268,0.34409701758818645,0.37945659166443146,1.1008744626273101,9.954608056833844e-46,1.7171909968837954e-44,0.3557210225187804,0.17314767674971146,0.063634149443516,-0.3222792549198123,0.051641989963238696,0.11503912887472921,0.1964418761444729,0.6133234778911535,0.6418736187802654,-0.03179375505555603,0.3076738698040796,0.20068728518120726
2025-07-30,252,0.6658400779731455,0.6590482096392664,-0.001585547548807156,0.3511384098003403,0.38536888812128245,1.1012639124315413,9.858795020149525e-46,2.0856154308653788e-44,0.3538499554959539,0.17459985811543807,0.065090822080482,-0.3200781531136181,0.05361065228968173,0.1182523580671871,0.20005425278023747,0.6037084068591524,0.6315349646637738,-0.03219369949555923,0.30125601947991154,0.19634956509033907
2025-07-31,252,0.668274016141457,0.6615316180955517,-0.0017396615486906524,0.30505122173086296,0.3394369347391406,1.1046983550232312,4.55322452763508e-46,1.0667760802704868e-44,0.34729218869169737,0.18120134625529827,0.0702240065830337,-0.320713906103078,0.0524493533921797,0.11788029256695423,0.185289986321738,0.6297925314185118,0.6571805579743802,-0.03278373988228481,0.290546159192642,0.18972393154461098
2025-08-01,252,0.6701066233872868,0.6634014734561341,-0.0018042600962098515,0.2877958775366904,0.32167523686223987,1.1049251469482697,4.6935562273489514e-46,1.3706603662000146e-44,0.34116954403186117,0.1886394666665224,0.07716731501135586,-0.3245794138701189,0.050249361631489506,0.11473624471964855,0.20737395424455637,0.5862292648170714,0.6162212145402772,-0.03437419809752876,0.26589691234046364,0.17170170179081579
2025-08-04,252,0.6695186459791787,0.6628015452876985,-0.001681911505046112,0.32375909949844506,0.3564358701314353,1.105411994137226,1.5037386452744632e-45,1.8415947596994815e-43,0.3281454206645975,0.20967471570264892,0.10049918563581754,-0.3143607095020068,0.058803246036500466,0.12840676667630604,0.22906340537644498,0.5498419337175984,0.5833922619146104,-0.03753403547562746,0.22582277647536275,0.14764310238455924
2025-08-05,252,0.669760558550412,0.6630483747811116,-0.0017079048604500724,0.31632382264415687,0.34670674838841375,1.1074131890794696,1.5382455596958848e-45,5.475374614750448e-43,0.33020432599910066,0.20695549835197952,0.09628059575471842,-0.31320525715955516,0.05996324354411163,0.1308427614778327,0.2357452925961758,0.5391856196037693,0.5743198368021112,-0.036645167922636494,0.2372852076041373,0.15520909622788515
2025-08-06,252,0.6672868621924721,0.6605244000419126,-0.001745603093049408,0.30565626801335094,0.33887996392727204,1.110656371015688,1.4737451316705383e-45,8.479292398782774e-42,0.31986912224309483,0.2222516482221893,0.11447887645994576,-0.30597453406083697,0.06675833891228872,0.14414758098996272,0.26462897420473686,0.49446589403013497,0.5372350287619421,-0.03886903471430427,0.2122051889153202,0.1381936330173394
2025-08-07,252,0.6390588242422068,0.6317226214829021,-0.001386867948959698,0.4158864710619874,0.44218436039188225,1.0949968285421017,1.0494849769148173e-43,1.3714926175750297e-40,0.405923845099439,0.13194985087602693,0.07863204712556339,-0.32076876367684415,0.055433866718567225,0.1175075292356165,0.230792307116154,0.5525307589442673,0.5904227279098663,-0.023568059967939065,0.47167901622979425,0.43858353617619794
2025-08-08,252,0.640375210585794,0.6330657636464809,-0.0010809776639300085,0.5256859955665272,0.5508001306764865,1.0950682013533268,8.044609973109025e-44,1.4555988024764695e-40,0.29678734084584896,0.2856352735753587,0.1897824832697632,-0.3118127921237636,0.06179985454633921,0.13096095725947143,0.25751306981891064,0.5073702057838114,0.5490187538221447,-0.041791985412236915,0.22545599377961398,0.172067457908316
2025-08-11,252,0.6400430884589902,0.6327268910699453,-0.0008159321657162867,0.6319308895772138,0.6542577463057768,1.0965689066499114,6.084356358808406e-44,8.396762881893998e-41,0.2865120281585033,0.3037636701503674,0.19175255153072002,-0.33504690879125654,0.0426997362330533,0.09594115791920023,0.2648428677447721,0.49575587217276906,0.5363286775347877,-0.041668400805831875,0.22690247291916382,0.1625024837929968
2025-08-12,252,0.6224250448436759,0.6147507571372466,-0.0005739885663492655,0.738582600908256,0.7584056644714796,1.093715596505225,8.97697721816082e-42,6.016642280291812e-37,0.2944069927236641,0.29608137700758597,0.19058214092894055,-0.35409889386307425,0.03438555998814331,0.0765345711860068,0.19794193780874308,0.6137950555685362,0.6446580920001937,-0.043661553804465694,0.21048706415257493,0.15427511169325342
2025-08-13,252,0.6234164650088114,0.6157623281187466,-0.0004355426925339073,0.8000591588254202,0.8168540657589018,1.0912043171096508,1.0755943226609435e-41,1.5006118467980528e-36,0.26551516698996924,0.3487204636892156,0.2503186215387877,-0.3508833990326749,0.03583726932524034,0.0797848106253325,0.1997976516912722,0.6098375008835533,0.6422993285612553,-0.04868714388468442,0.1681590794605757,0.12844566307265615
2025-08-14,252,0.6373880463989225,0.6300178847403641,-0.0007522498329968104,0.6555831304889514,0.6869182430086318,1.1052372819120504,1.1636970615042695e-43,5.438920177362812e-38,0.25062151038100167,0.3672827546874866,0.27707100306422106,-0.3869277330227952,0.0187938922914534,0.05026368823367981,0.16043765411828487,0.676238048081029,0.7044785693935248,-0.04952105055439749,0.15325125781361004,0.1267381707985415
2025-08-15,252,0.6408461084546679,0.6335462326102506,-0.0006559963529654904,0.6959634308513234,0.7232751057571296,1.106481198700374,5.5965832952751745e-44,9.933586297267762e-38,0.263168564088901,0.34201273840861035,0.26327669526301045,-0.3936261933323625,0.016433180005801663,0.04595331921353261,0.12059822332511308,0.7530925703588849,0.7752973955427677,-0.05059317654309008,0.14301256829760264,0.12754690681871325
2025-08-18,252,0.6407987362610277,0.6334978975671461,-0.0007877429033713132,0.6396349678214428,0.672283730000804,1.1100323518874426,7.11429306811694e-44,2.4221648217967603e-37,0.27381844111387216,0.3244745056574997,0.24260000625466072,-0.39101540761795606,0.01746627944974268,0.04921483006948006,0.11123412107096145,0.7717051657392868,0.7930758591442794,-0.048565338486656964,0.16300661169551875,0.14553041922966056
2025-08-19,252,0.6420440365659763,0.6347685088539027,-0.0008240480845399518,0.6240851996721419,0.6572233036114916,1.109622598222109,1.0037559409200846e-43,1.0398053712648214e-36,0.2948320461791698,0.2910109074606724,0.216852330874039,-0.38137227240909255,0.020578707550838328,0.05557578679446385,0.12472785605035297,0.7454192022711768,0.7698301674683494,-0.04715910804238976,0.17604673684220495,0.15606554376535417
2025-08-20,252,0.6390333142726944,0.6316965930180743,-0.0005952015077008844,0.7253283663700876,0.7475886101261833,1.1143237510274069,1.7386606633973232e-43,1.142919523502773e-36,0.2760716356348105,0.3264492775042487,0.24925822369758244,-0.36118161078974576,0.029726915811065104,0.07391637612957999,0.138352018422201,0.720862928013297,0.747144849299795,-0.04861248536525967,0.16651028611243945,0.14676642393260944
2025-08-21,252,0.6394494263798473,0.6321211626883807,-0.0006290086471129022,0.7102462235126922,0.734029077098019,1.114663734636254,1.5542314196531076e-43,1.052381411440142e-36,0.27114924959346887,0.3372737169095955,0.2620566104781369,-0.360350914834301,0.030236966784515023,0.07539674322476841,0.14065475636320715,0.7172080036737281,0.7446216439999503,-0.0491987630806144,0.16257797792268414,0.14413815833053922
2025-08-22,252,0.6375544031714424,0.6301876227480978,-0.000300301281290613,0.8619460266855188,0.8725379523535237,1.1241301783226452,6.180359802075416e-43,1.0144384663302679e-35,0.2665802245520808,0.35633911926619377,0.3066482036718432,-0.36177373446794814,0.03293556497887958,0.07359418292842036,0.0036937051242822427,0.9925326477762318,0.9934066467057451,-0.054583917325528905,0.12979306314919561,0.1378941658029857
2025-08-25,252,0.6437445860829896,0.6365036223854894,-0.0003727202461832717,0.8291276360025088,0.8413738994683339,1.1374823434741543,6.409569678235511e-44,2.699269288374698e-35,0.2801385575682755,0.3341235880404717,0.28240085991992125,-0.37592506308618,0.026931312532054413,0.06348337135766202,-0.058948708254422666,0.8810967282769717,0.8969928218820773,-0.05206034521798916,0.15019695293958651,0.15729605181736972
2025-08-26,252,0.6435713179514619,0.6363268325439714,-0.0003163834552408918,0.8551381056260674,0.8662420914172081,1.13974938723022,6.702377989894198e-44,4.6708088050118214e-35,0.29167455543326315,0.31579370329658935,0.26715607983372724,-0.3709056256510936,0.029599078953896057,0.06809850903083917,-0.07771590758799468,0.8441252537083641,0.8654903211340064,-0.05125449435275586,0.15755097215456262,0.1635417665905311
2025-08-27,252,0.6426265491265533,0.6353628611006702,-0.0003020908502622036,0.8614584221009104,0.872117233077661,1.1458246610724245,6.523636850457141e-44,3.2437332410590236e-34,0.2857898021795776,0.32497347267035137,0.2812210486596036,-0.37145512431459327,0.02923017960313265,0.06825749751449652,-0.10343996373172831,0.7941329605142049,0.822357114468609,-0.05229451509817695,0.1488734932725397,0.16069476521355597
2025-08-28,252,0.6416316615748693,0.6343477522572853,-0.00032701238552618845,0.850273242398209,0.861366723937539,1.1448317862508788,8.696750803204492e-44,3.385967496286384e-34,0.2849159214506688,0.32668300992259736,0.2810483240495286,-0.3716166323625054,0.029265165768963698,0.06829027626049952,-0.09374201045702785,0.8130487050232231,0.8381208079000793,-0.052274005500798984,0.14921453671603105,0.15948217214068505
2025-08-29,252,0.6375867466447791,0.6302206236091039,-0.00011636333966844308,0.9464524502107852,0.9508378745374876,1.1308893028525515,1.0740918192524314e-42,1.2000500994397514e-33,0.2826319478992174,0.3301104648887986,0.28774612301092717,-0.36717948870539874,0.030706053378361128,0.06838063715360018,-0.10287953103774966,0.7951217329893059,0.8225650453396111,-0.05412556003210989,0.13563452631824663,0.14558506603777582
2025-09-02,252,0.6401980066819322,0.632884958037256,-0.00033182398414279826,0.8476804067263508,0.8605981404104239,1.1273928514326745,6.2830295550565445e-43,4.543326621736594e-34,0.2622926456928383,0.36436696498997123,0.3392600019052121,-0.3830712763382775,0.021901064239407877,0.049816566646969374,-0.17808527082879802,0.6486870752607667,0.690564349826444,-0.05989122709998543,0.09755753323882428,0.11974244559230686
2025-09-03,252,0.6397199533337052,0.6323971881575611,-0.00021513927212281738,0.9010748828168459,0.9094999002813323,1.1267630556927248,8.040597079575833e-43,5.0757773524724475e-34,0.250936056711489,0.38944232401736933,0.37222822259021004,-0.3719404226579145,0.026457960545506632,0.05737596473835399,-0.17171537124810254,0.6618175724059114,0.7027313952855063,-0.06204294827385261,0.08928435590636696,0.11637752707361708
2025-09-04,252,0.638580232941525,0.6312343027167593,-0.00034220501774526353,0.8437001011203595,0.8568464109797318,1.1300225258824474,7.578573854507937e-43,2.3895234230627437e-34,0.24998843675989424,0.3932775347615213,0.37149325712353565,-0.36598295244933743,0.029640268712815804,0.06321470570037825,-0.17370692229173762,0.6590784426884584,0.69996989977287,-0.06091613441128501,0.09623010012769656,0.11987726333978897
2025-09-05,252,0.6375299106641766,0.6301626324256437,-0.00037064333570069243,0.8307641042763022,0.8446270921756281,1.1302364694506202,6.882098494311533e-43,2.4919375880681104e-34,0.2225867769950025,0.4511290051030009,0.4511882043672053,-0.3620282743654026,0.031250187403711355,0.06626092548676878,-0.1770943035584225,0.652396588603648,0.6938518632513686,-0.06632020928819989,0.07769939794658248,0.12162204556770186
2025-09-08,252,0.637173232194817,0.6297987043938986,-0.00042922344659078243,0.8046524242937332,0.8208191141272627,1.1293858974376227,8.076719800124338e-43,2.564383640491436e-34,0.21994487644347466,0.4567409797068074,0.4566045474089996,-0.3621824270898467,0.03132306697942793,0.06656566174397287,-0.16786837658306614,0.6700365166008686,0.7095633663626831,-0.06671025024254378,0.07620713863684436,0.11979618800986196
2025-09-09,252,0.6361494512219692,0.6287541148646922,-0.00040821977930518595,0.8142104984000975,0.8294218018135036,1.1292214458150007,1.3722571762074107e-42,6.351748320710539e-34,0.22162553340555058,0.4558168568195957,0.4562233792041144,-0.3614735027672387,0.03173461680946659,0.06715848033385231,-0.16340828328941634,0.6779703915057752,0.7164353555524519,-0.06651565390125004,0.07973685691874417,0.12613635337774393
2025-09-10,252,0.6327783896866653,0.6253145358185082,-0.0004170844535126609,0.8106317758369275,0.8258266041859216,1.126387025224882,2.2822274661961662e-42,6.083254226497888e-34,0.21120811089984587,0.47734998849806987,0.4765549034855596,-0.36209709462507256,0.03162302407212298,0.06668397607600798,-0.16090924351865987,0.6827110759884191,0.7203961356902788,-0.06768780305769188,0.07426521932148056,0.12029324104586214
2025-09-11,252,0.6311306591120851,0.623633314785095,-0.0003512747015233888,0.8399455464857293,0.8526084967856955,1.1298657513307369,2.7175022315622075e-42,4.191178480200368e-33,0.20235585981771742,0.49663520425178187,0.5039526780774877,-0.3600981427355178,0.032483771043494564,0.06797330353535183,-0.15148973247623773,0.7004906533472968,0.7364531590675631,-0.06926988318436816,0.06875639242780433,0.11966507673386095
2025-09-12,252,0.6277707114669344,0.6202050755211403,-0.00015277212774021665,0.9304942477088988,0.9359097983652254,1.1308442584037102,6.298598997197198e-42,4.597674394801362e-33,0.19636761418237747,0.5125231628783378,0.516867877374165,-0.3556565838583418,0.03600279112634913,0.07220135900441997,-0.1434601809017077,0.7176442031101523,0.7505024765462099,-0.06971601943319869,0.06898858730565051,0.11774773041455223
2025-09-15,252,0.6282048641415738,0.6206480524371343,-0.0001460853848784566,0.9336412643644685,0.938562363613715,1.1300264256294708,8.323224712457683e-42,5.48225111289522e-33,0.16485959713682136,0.5799845059493518,0.5902742730996167,-0.3595944291066562,0.034117998045715255,0.06888259183675101,-0.1299657057145754,0.743259080847139,0.7729935493550466,-0.0748914440027444,0.04939237976266897,0.1006242548854634
2025-09-16,252,0.6277789515522902,0.6202134830879059,-0.00018798983940407224,0.9146822377912444,0.9206764241737467,1.1289968825281418,9.609017338599658e-42,5.415847500309102e-33,0.1592858826635244,0.592897286949142,0.6051237001094754,-0.353369740609625,0.03761483347870225,0.07434975401309911,-0.10828414377663462,0.7840041414296723,0.8091220604488607,-0.07598158558720444,0.04601840604115969,0.09760814596682006
2025-09-17,252,0.626791339110589,0.6192057972225928,-5.901678980175032e-05,0.9731468770482025,0.9749969656791694,1.1308251720664844,1.313212742717904e-41,1.445453490147101e-32,0.145288520601563,0.6252359708854363,0.6399818956223614,-0.3495345209957781,0.040041303014630956,0.07875359970762832,-0.09851631674671996,0.8030533842237578,0.826542481227165,-0.07789113595636751,0.040453628066899054,0.09278896756198007
2025-09-18,252,0.6238209058386106,0.616174989290615,-4.109067746465873e-05,0.9813009584018055,0.9825292495813984,1.1268505085526423,4.085132080386716e-41,8.582146258455442e-32,0.15228267537843965,0.6092813850268872,0.626583423680834,-0.3496146066762019,0.03987087451506546,0.0769343194227372,-0.1166950707064322,0.7679317677766293,0.7954906993189204,-0.07735149376757154,0.04196164477052675,0.09517300751379955
2025-09-19,252,0.624823229519048,0.6171976854035814,-8.541722919687151e-06,0.9961091980924548,0.9963870068279316,1.1327076688340618,2.7345594767277846e-41,1.6567727887515478e-31,0.15330459202864133,0.6065646675435246,0.621639534842827,-0.3590535564419654,0.03458339001278237,0.06909591112850604,-0.12663819420283356,0.7482323927164959,0.7776626247774199,-0.07623338878678063,0.045011403684658176,0.0982200859177114
2025-09-22,252,0.626944558805993,0.6193621311394482,-4.6022683798742185e-05,0.979075819025569,0.9807065697065612,1.1386045229145858,1.405711564473414e-41,8.872529088694162e-32,0.1287718856468868,0.6642310719705238,0.6771418444848027,-0.37135755499910317,0.028615727008215155,0.05919578244463097,-0.12719006004200653,0.7476141210599709,0.7762046527686115,-0.07856709075542632,0.03854906386692892,0.09127488724563343
2025-09-23,252,0.6260421790634056,0.6184414103451822,-4.984709755682937e-05,0.9773281346214466,0.9791304389813935,1.1382641255089925,1.445875639436631e-41,7.866930013832567e-32,0.12388995312402373,0.6762894362145544,0.6879857312440862,-0.3708602156089336,0.028655363395532044,0.058798035268981086,-0.12612766201865092,0.749580634752627,0.7779181611790411,-0.07865563016383101,0.03829523680577574,0.09052972391164621
2025-09-24,252,0.627068114127721,0.6194881977482032,-0.0002936249319898921,0.8665477880515862,0.8764280271571843,1.1361577400329046,1.23090122412445e-41,5.166819057095293e-32,0.16371677454815892,0.5794017790696204,0.5883819406584793,-0.3840913325152858,0.023432005553974025,0.04746399212024188,-0.17621869150519015,0.6546184300777391,0.6912611600305214,-0.07404997940916404,0.05007896376168698,0.10260909875897828
2025-09-25,252,0.6313160517512166,0.6238224755672983,-0.0005091612494125043,0.7703394431610084,0.7889308393373,1.1413571000879288,3.418217788566099e-42,2.0858708660850465e-32,0.169998889461336,0.564279489345594,0.5746284891736513,-0.39455368735815777,0.01965761118520302,0.04118416396689957,-0.22264758126638354,0.569584538522792,0.6143692707714034,-0.07297460819333004,0.05307585771159912,0.10863570896185933
2025-09-26,252,0.6310567976365342,0.623557952060041,-0.00032876905967973817,0.8507395234977388,0.8622808074057244,1.1414133884712956,4.5562967814300196e-42,2.0795848730323165e-32,0.15316941223445402,0.6038492316037163,0.6200420737447176,-0.38626415547355586,0.022555570080920417,0.04582078352649146,-0.24562443788880817,0.5317064282320998,0.5811249773018133,-0.07655501632975964,0.042405416256120085,0.09933049238024116
2025-09-29,252,0.6316959853706938,0.6242101314148136,-0.0002984271859313714,0.8645414454921484,0.8748703463238807,1.1419253887437375,2.5562950541394145e-42,7.826667832601432e-33,0.15457056780984546,0.5998922338836319,0.6152438431143976,-0.383837216879789,0.02347987062160748,0.047593013142468533,-0.2405803927046167,0.5416718426487701,0.5913758823092188,-0.07623502731609624,0.04244542776936956,0.09742589771217308
2025-09-30,252,0.6319512515913754,0.624470585973314,-0.0002860823459164938,0.8700282304284006,0.8802309822999798,1.1451370533585197,2.2260777067484095e-42,1.2078101326248044e-32,0.15341707408069644,0.6021881909937903,0.6172108484352454,-0.3857019143379908,0.022780730622187804,0.04695473072484723,-0.2485501746199835,0.5286387093793421,0.5798436182608864,-0.07610341791518038,0.042684209442635714,0.0983616438514313
2025-10-01,252,0.633725695781775,0.6262810961025427,-0.00033550060742046015,0.8478084195588339,0.8600929415146026,1.1449175402285414,1.3324749332916296e-42,4.3569535987431736e-33,0.13525384500273135,0.6472422241757627,0.6654105701058843,-0.3751132352337919,0.02721444903360544,0.05614378370033913,-0.23201445437166554,0.5569243504277614,0.6061534913574014,-0.07897960869271523,0.03682908158221694,0.09421239410517473
2025-10-02,252,0.6331886012510008,0.6257330850162651,-0.00032299652226514507,0.8535163433519184,0.8650653859195027,1.147919451690933,1.848066996112522e-42,1.1870566642636872e-32,0.1354139918148488,0.6470006838901814,0.6646856829687853,-0.37823596916738705,0.025831712048167896,0.053546167574164645,-0.23643604761336756,0.5497411770750927,0.5993897495307665,-0.07847076455927388,0.03797083540618758,0.09539152940731593
2025-10-03,252,0.6302012799192938,0.622685045771312,-0.00035094515467021465,0.8410243168168002,0.8529168310308693,1.1482429880599243,2.5907986563735357e-42,2.602864457072487e-32,0.134191511341887,0.6504167090830769,0.6703820453019428,-0.3813386940971574,0.02499961739585526,0.05322725157451364,-0.24090807420239294,0.5435819557459873,0.595044876380482,-0.07878657874072441,0.03782329780578658,0.09849124037882015
2025-10-06,252,0.6315839095007392,0.6240957775800224,-0.0001383293091421667,0.936947974963086,0.9419002543119379,1.1487590991817482,1.754004232973081e-42,3.159622604708734e-32,0.11959048889130419,0.6858034795189708,0.7053473311877108,-0.3700900506169815,0.028080996044192712,0.059941261095066985,-0.1862455137770136,0.6365881430350422,0.6792045067391396,-0.08070990135449169,0.03315552645036738,0.0917311844935245
2025-10-07,252,0.6333939836383644,0.6259426418423962,-0.00018723125788503662,0.914730403027785,0.9214893169904019,1.1507664599627638,1.1412175810615993e-42,2.0968054999113284e-32,0.1186874475075278,0.6887052078269931,0.7095923855635949,-0.37518951690502694,0.025794533395721162,0.05524484661746697,-0.2016720553767315,0.6081087061797684,0.652467483097199,-0.08093483060344406,0.03334368178685864,0.09464037692734929
2025-10-08,252,0.6331263221185481,0.625669540047787,-0.00016935477600486153,0.9228956743173775,0.9292779473144757,1.1510886633960662,1.1393447535772352e-42,2.6528251960895015e-32,0.11837418344425854,0.6893414727904918,0.7102764655880409,-0.37466403041959767,0.025085571886991103,0.05377726611427797,-0.19746337734593472,0.6149351656499172,0.6583187122033957,-0.08106991734410993,0.03291046245527785,0.0940084611859464
2025-10-09,252,0.6332223355619429,0.6257675049839335,-0.0003639099152378776,0.8351355432437004,0.8479348793510537,1.1516900783334063,1.2972556249553125e-42,2.5879783643773246e-32,0.11175930493262154,0.7071103396040792,0.7331119721274468,-0.3553874098817683,0.032781923192363095,0.06621917563022503,-0.2085128934785509,0.5955786918435788,0.6415081397120205,-0.08318298615460001,0.030348260917561615,0.09731363296090649
2025-10-10,252,0.6447481299894777,0.6375275635258493,-0.00043665857015687086,0.8029942393966365,0.820161867234769,1.15649647306598,3.6070277676774426e-43,6.022539282568242e-33,0.10185000353225826,0.7320800323773631,0.7579204171676788,-0.3550864379021083,0.0336054111110142,0.06972340428436129,-0.19430224022722584,0.6208031262853067,0.6644883322508135,-0.08594536507351577,0.024411528646337017,0.08670220004673782
2025-10-13,252,0.6393599184643275,0.6320298355062854,-0.00025072051837083135,0.8880473782753038,0.8961788319835079,1.1544591808530908,5.5213299391563466e-42,3.3273390417209355e-32,0.08573186110289766,0.7767972957381968,0.8069263681655473,-0.25989088482281475,0.11705177040485452,0.23508994747727974,-0.058736291548252995,0.882127446452581,0.9004728494735351,-0.09267597707677266,0.016751854762049632,0.07733750356061135
2025-10-14,252,0.6403912817128059,0.6330821614224158,-0.0002962626142805217,0.867863384571328,0.8777080460905528,1.154682636469505,4.589949851048631e-42,2.3443929713139888e-32,0.093318390400711,0.7566445902775913,0.787326936196959,-0.26232101853944784,0.11363356104918025,0.23105927378012148,-0.06518332361759771,0.8692293021301909,0.8895206584777918,-0.09169734786355366,0.017342179722811938,0.07591837748946421
2025-10-15,252,0.6414816573702098,0.6341946991866775,-0.0002780675402238716,0.8757330752352088,0.8850356176705638,1.159192687859465,2.6117008930714974e-42,2.1673392087775846e-32,0.09306005935364736,0.7570144942816586,0.7876171628796834,-0.257152772889924,0.12120912070190189,0.24124687431501013,-0.05900663633373149,0.8814345839882901,0.9001545828118552,-0.09135637019853746,0.017697114335543593,0.07678351172043908
2025-10-16,252,0.6366455599452246,0.6292603070985829,-0.0002414141937968602,0.8923273481437055,0.9009604452905517,1.1549615649947946,1.352758688090591e-41,1.7275880527393966e-31,0.14204107833061674,0.6331044946521552,0.6639272725167136,-0.24140179461202363,0.14487232974273045,0.274656685738472,-0.06824165932525766,0.8634103109403091,0.8851436590863814,-0.08370661285529109,0.026823175230347645,0.07728395742910739
2025-10-17,252,0.6368334260558703,0.6294519916261117,-0.00028770853352996437,0.8714382040084837,0.8805111462016149,1.16101142993932,5.601892363566065e-42,1.665089679070577e-31,0.16315508180951432,0.5797200977931807,0.6068977530361557,-0.22734507923004466,0.16745488271155995,0.30352234210929063,-0.055919464172813294,0.8878412117121249,0.9059399052981715,-0.07860972433589189,0.033477089616633364,0.07738538699269543
2025-10-20,252,0.6378085935330867,0.6304469795805072,-0.00026665440903067637,0.8809011183145137,0.8895680677539834,1.159833855490069,5.332654308243958e-42,1.1392791895721753e-31,0.16826548241449524,0.5667703977362994,0.5928208222569353,-0.23651618494839355,0.14269578707503094,0.2636577713613313,-0.06254364230846729,0.8740627173106268,0.893462993099938,-0.07784142952843057,0.03436514173378049,0.07797676413911814
2025-10-21,252,0.6377158565314371,0.6303523576804502,-0.00039714207613168436,0.8228752787870336,0.8333427738811603,1.1615389454619236,4.6024489481025175e-42,9.534553607585059e-32,0.1653911215224888,0.574019092519817,0.6011309422059283,-0.20451883029512208,0.18364205340465786,0.29235291283250797,-0.038993960508338976,0.9211028581676092,0.9330065845362279,-0.07788627248574533,0.03461204735130643,0.07765026468381515
2025-10-22,252,0.6378454437768938,0.6304845788130096,-0.0004052789661562902,0.8191752786999938,0.8298387180867506,1.161928692629767,4.512708718221806e-42,1.017979611694099e-31,0.16380199164503872,0.5778739986426071,0.6064919473685784,-0.20113821303640236,0.19012852780684203,0.2986999530429957,-0.03862806084552209,0.9218406076528205,0.9336613458732677,-0.07833452847220146,0.033758464193051715,0.07760731323955154
2025-10-23,252,0.6392292135828928,0.6318964740215695,-0.0005770472105226547,0.7445280585185364,0.7610619243505585,1.1639437524317098,2.9834998271810705e-42,6.591337771678892e-32,0.17490432939646394,0.5512725965915928,0.5805377937995754,-0.2173116889439876,0.15435860252480482,0.25616352809373366,-0.08415229712304514,0.8307440314949827,0.8559068491667542,-0.07677432891894503,0.03676871544329383,0.08245100094793541
2025-10-24,252,0.6396434804162662,0.6323191609125318,-0.0004989392800809535,0.7779713627236056,0.7912513619857984,1.1636618420534788,2.8648227538783525e-42,7.106868442747177e-32,0.1713129542478674,0.5593311268382657,0.5892187020611326,-0.21418321209114555,0.16041416617468668,0.26314185223431497,-0.07811488213121195,0.8426957180162991,0.8662631938702717,-0.07736274898071256,0.03532364955002077,0.0810622880474524
2025-10-27,252,0.6405804940904363,0.6332752195800793,-0.0003755273947662666,0.8317642532956129,0.8403369882673917,1.163257616995037,2.1100051411863707e-42,4.921551807174925e-32,0.16586510830001389,0.569737178076466,0.5972179691046373,-0.2226881506761814,0.13735995713819463,0.2285037742356385,-0.07317583781221579,0.8515513246016259,0.8732314224550898,-0.07738914676760761,0.03438492169393453,0.07962765556792602
2025-10-28,252,0.6412681352107189,0.6339768371458961,-0.0003943180215449961,0.8234265313844324,0.8324312262754616,1.167195838254199,1.6285215533807658e-42,4.8293646802218376e-32,0.15035375286057517,0.6054652042313176,0.6318768864825326,-0.21421497544248574,0.15207422586562405,0.2455943960881083,-0.07046782662408019,0.8569819310290264,0.8780335206121468,-0.07910567497028442,0.03024544877028463,0.07483104289959201
2025-10-29,252,0.6401322198505763,0.6328178340751816,-0.00030851325661829633,0.8614323296251936,0.8683531104421839,1.1638028824804483,2.240278433613158e-42,6.022589130584678e-32,0.15848632255155004,0.5869120449666225,0.614260170336441,-0.21001549264765446,0.15993202486346128,0.2535407806642681,-0.05119631066024405,0.8955473150439665,0.9108852391343198,-0.07814139810492679,0.0327153819422135,0.07736871783933551
2025-10-30,252,0.6389598370559675,0.631621622361983,-0.00030533884388833903,0.8627106145531539,0.8700553185410185,1.1657660763591848,3.705143563362648e-42,3.837813380081513e-31,0.1618013912265931,0.5767585928444208,0.6041463464816379,-0.21125316932461302,0.15696602401061469,0.25061615007192806,-0.05450659074134928,0.8885608615217668,0.9048974450712599,-0.07763728774689144,0.03291392655002826,0.07680725792785852
2025-10-31,252,0.6391654069242794,0.631831370479651,-0.0002447927000655864,0.8896141902406235,0.8955738563583261,1.1697875404152258,3.3790292959948476e-42,9.697551945960843e-31,0.15522030089445082,0.5917895779613722,0.6193982746751068,-0.2074793174771011,0.16428434322324095,0.25988913056887797,-0.05080639186549743,0.8959849207003749,0.9114307253667072,-0.07810350559678728,0.03145799792027125,0.07511254715569711
2025-11-03,252,0.6408697201424977,0.6335703242104347,-0.0004542038302536922,0.7970891618667411,0.8084836533922408,1.1767666587588135,1.322115883210915e-42,4.796810796747738e-31,0.15044252133482772,0.6039899972765057,0.6295500524140547,-0.2136676269403906,0.1527788125876771,0.24709956833301572,-0.05323937193916198,0.891250015088368,0.9071768899351996,-0.07803855743272368,0.031968260425683466,0.07594733812802512
2025-11-04,252,0.6432644057832484,0.6360136823235583,-0.0005285930027066539,0.7651995130835089,0.7796237563683697,1.1819126064923755,5.708491823315021e-43,3.653213529726405e-31,0.14657973393272927,0.6141385480105189,0.6405294411161799,-0.21162942198637252,0.15879863211560036,0.25587535600870304,-0.06655064278105932,0.8645176453821248,0.8843582840805968,-0.07856477033706508,0.031072719867101386,0.07572967679734216
2025-11-05,252,0.644116622546484,0.6368832205657216,-0.0005165640894105746,0.7705287622715479,0.7841831315181542,1.1836549749663852,4.869517245119269e-43,3.236426798058832e-31,0.14428177701032796,0.6196403410908804,0.6454552124332491,-0.21007346727582488,0.16170501350443237,0.2595471190594745,-0.06788536243835813,0.8619496910360938,0.882133537583811,-0.07871637058474128,0.030841708580291356,0.07554275059267632
2025-11-06,252,0.6439064569546757,0.6366687833155431,-0.00042221155977226633,0.8114275982321526,0.822786573060218,1.1806647241251302,7.015261552899882e-43,5.624240455184904e-31,0.1412736774420783,0.6266737204966579,0.6524058624898559,-0.21332984285797427,0.15499065267289167,0.25081742693985876,-0.08377520353509113,0.8298903143032725,0.8548663506786031,-0.0792280145031074,0.029703465395527647,0.07483010205199185
2025-11-07,252,0.6454101797537978,0.638203069586192,-0.000292017298446608,0.8687731628730806,0.8768424765685426,1.1834975005468547,4.141367999110107e-43,3.849476400706254e-31,0.14992920356374673,0.6056547352068102,0.6358659482485063,-0.21644843088241372,0.1488168440023035,0.24335772877706519,-0.10805251773724489,0.7820216404770323,0.8152779445126217,-0.07890614374982291,0.03020253605774501,0.07713472577657303
2025-11-10,252,0.6373492535086307,0.6299783033766924,-0.00022294320072975852,0.8997767939703428,0.9070189950682334,1.18859718416907,1.2934150143130317e-42,1.2258152475534505e-29,0.14694317628057152,0.6128176883497309,0.6472458407789767,-0.2163834076899475,0.1461176175359445,0.2393927502299299,-0.07766459081872183,0.8441011090010767,0.8686960057971761,-0.08000219937679036,0.028428809924429792,0.07812995336389778
2025-11-11,252,0.641369549938664,0.6340803131487995,-0.0004643384463734997,0.7915276696514106,0.8093882051781579,1.193367195156867,1.967699197329307e-43,1.725760719517287e-30,0.14357580843646567,0.6184607572983919,0.6463963477218165,-0.2220568453727449,0.13316323011583187,0.22586721293345113,-0.030261157996714902,0.9385607282287698,0.9481136569300542,-0.0779103684720663,0.031625480893442026,0.07987841676819249
2025-11-12,252,0.6403677617304604,0.6330581633916486,-0.00044156608912891476,0.8018840216828486,0.8205929313375053,1.1906303758132646,2.717092851202954e-43,1.8953909490195893e-30,0.14468256222919462,0.6160785984417654,0.644420905662534,-0.2081660508299446,0.15652838558391,0.2519079972151196,-0.023687059890567658,0.9519491766264409,0.9596310234174317,-0.07789869896316706,0.031806898787956804,0.07947230065028058
2025-11-13,252,0.6358311093992051,0.6284293026796768,-0.00024025183526894724,0.8907006181715365,0.9000962248657984,1.2510379131658655,7.849065875045675e-42,3.5611238011701785e-36,0.12016626207273873,0.6751020415653547,0.6929382885636749,-0.25522413924446086,0.08469576688593529,0.15881517598816886,0.005935643365985614,0.9878548565664282,0.9897907428053541,-0.07488392285472119,0.03772793030227415,0.09054535958281681
2025-11-14,252,0.6369257080317215,0.6295461492518786,2.090669434540301e-06,0.9990440679912297,0.9991167685426547,1.2423084051642488,5.3490560143145367e-42,1.1228381659770737e-36,0.10408557012807151,0.716635381311959,0.7311470344306461,-0.2669640396925729,0.06935352900629643,0.13296954109145456,0.02240123091161042,0.9541853709291694,0.9609786651843105,-0.07784195511280534,0.030871580751368526,0.08170906347865466
2025-11-17,252,0.6438804846563002,0.6366422831249242,0.000348713743113471,0.8403176828989268,0.8519009443462876,1.2548499948709497,6.271052738118528e-43,1.2628366662094637e-39,0.06195489588378322,0.8277484333842179,0.8370220983911887,-0.2771509323333079,0.05719536222662346,0.11866377150815084,0.07758602908985039,0.8409950897330459,0.8641845375656567,-0.08145792151567285,0.022642950729580908,0.07351268334831233
2025-11-18,252,0.6418084620320926,0.6345281462197367,0.0004408082846441698,0.7994573252841897,0.814170551566671,1.260055265436919,6.359334159965553e-43,3.008200602341904e-40,0.06673364284647676,0.8151731127605903,0.8220359120695906,-0.2813361681530205,0.05397564091077191,0.11325719749780026,0.07332253372611669,0.849969073674805,0.8716217303453175,-0.07918358749868258,0.026880114084856056,0.07752495185496523
2025-11-19,252,0.6437850097182692,0.6365448676393723,0.0005109388030046312,0.7680431807543633,0.7847009496354319,1.2757810524400992,4.129301115317588e-43,1.1551535348897337e-41,0.059554815917762904,0.8344853756034243,0.8375536160921075,-0.2917317511897536,0.045083169378359836,0.10059616454456946,0.055532095178249447,0.885252869893897,0.9019406112277779,-0.07629692844136154,0.03257781871268779,0.08278824212190657
2025-11-20,252,0.6492958661319704,0.6421677333297747,0.00041817510069969035,0.8082036151331563,0.8235785931925762,1.2773529194356203,1.0112594686736608e-43,9.618783439111422e-44,0.05676664290287614,0.8413477752117011,0.842232556370468,-0.30853507551490034,0.03370355103195006,0.08627129915694612,0.06657069231542462,0.8620289186280196,0.8817196147256731,-0.07506512285390823,0.034653435090016185,0.08295300914171846
2025-11-21,252,0.6540369624940543,0.6470051934390555,0.000555777256510966,0.7451131360562624,0.7661377513298124,1.2866729429064299,1.0801204712244483e-44,1.895312345645877e-45,0.10105225538915807,0.7203957177814437,0.7179030609144197,-0.30917586101192396,0.03199570512171013,0.08492901805757634,0.059221731891030596,0.8762496905005658,0.8952825766757068,-0.06767452628126679,0.055097666684749295,0.1005721762542611
2025-11-24,252,0.6591969156385304,0.652270023679964,0.0007205192117437703,0.6722753324743407,0.7005667339504624,1.2943677905701327,3.1650329558511026e-45,1.0998295184472679e-46,0.10909432317415779,0.6982832107115213,0.6953370937732708,-0.30091645337528006,0.0363628747921588,0.08938665399604948,0.09713359661235653,0.79829254801589,0.826381753950072,-0.06557638562549764,0.06231796127937824,0.106793211807944
2025-11-25,252,0.6557998647373446,0.6488039270287541,0.0006232743762146979,0.713688687698384,0.7374186770356776,1.2821761098884763,1.2294283470657882e-44,3.174949195791377e-43,0.1074591474672193,0.701713916580456,0.7021208258538909,-0.3052848090439517,0.03320997881788147,0.08989653662296149,0.062215872936352584,0.8696384212933042,0.8908447587382735,-0.06744276882976807,0.0541771385938211,0.0995476838832212
2025-11-26,252,0.6554302728551682,0.6484268231164521,0.0005890580468622198,0.7290061125117402,0.7526058444223653,1.2760010548224336,1.8535902412633279e-44,4.215690145876438e-43,0.09656155789115117,0.7321563095496237,0.7319864593138699,-0.2965196765933898,0.03978570746155605,0.09155961087164205,0.08873509632939497,0.8161957940356466,0.8414486517831432,-0.06920623038076645,0.04999027592694497,0.09605531937960818
2025-11-28,252,0.6721687498461063,0.6655055130543606,0.00010748187091214403,0.9483675096914916,0.9524710582514528,1.3181914666627816,3.6846421817956863e-47,1.0286234066345952e-48,0.055634122831,0.8398128202241,0.8389120593718669,-0.1911795071307312,0.18178230395616377,0.17710231661653664,0.3209311897700331,0.39586088174633816,0.4044834233391388,-0.06644653314250773,0.053477083157998435,0.09506780253919812
2025-12-01,252,0.676030927406347,0.6694461901585085,0.0001349112399174914,0.9352116399028146,0.9406718184111028,1.3188813594571145,1.143063433328097e-47,2.225213839794632e-50,0.05674726507265149,0.8365885473361315,0.8359652510545543,-0.1913700020027892,0.18102761143124568,0.17577878738324904,0.3253317800566477,0.3893518683293472,0.3977433859795123,-0.0665940711864837,0.0528692564088283,0.09490865239904535
2025-12-02,252,0.6768521251859141,0.6702840789498554,-0.00010478081760200981,0.9493236068990434,0.9534001638057146,1.300139722093583,1.774755322738127e-47,5.691826821503347e-50,0.0829654861495579,0.7617984579241408,0.7622251640246162,-0.1798047105449529,0.2044703418814936,0.19644500505222418,0.38994747116580586,0.30169623323411704,0.3152812097386891,-0.06556670496243563,0.05526749252917734,0.09503061647681603
2025-12-03,252,0.680150992193266,0.6736499960996332,0.00017159656088662338,0.9169603013838452,0.9239386137685478,1.3072949403742937,5.669872950921036e-48,6.204033243737913e-51,0.08237343376897743,0.7631053019853611,0.7671182646397905,-0.1834350293531497,0.19470523285998698,0.1863535477572662,0.3410860248816916,0.36476210810886867,0.3789165227781127,-0.06613699921692831,0.05285022171408283,0.09699208412439544
2025-12-04,252,0.6820748730434838,0.6756129802191644,3.7356336056132465e-05,0.9818460546532575,0.9833732424884466,1.310630672802342,2.5291567716124247e-48,4.181198578574693e-51,0.08197475876155402,0.7635272345925553,0.7683196340668387,-0.18152968862365512,0.19798070862515005,0.19128587136021846,0.3074593984058023,0.41364653358827475,0.43143081895570334,-0.06569506303404883,0.05366249024295995,0.09956292651703243
2025-12-05,252,0.6829247372892822,0.6764801181284952,7.672719381268006e-05,0.9627181515816308,0.9659448115869745,1.3101207222102556,1.4974855191284837e-48,1.2026265881773982e-51,0.08161282987595109,0.7645043455715292,0.7694840113235164,-0.1811837338695819,0.1987714094139523,0.19193325337191114,0.30713427236879676,0.4140595546533169,0.43205571787802954,-0.0658331447763988,0.053037279978954965,0.09907248908775106
2025-12-08,252,0.6817426513721172,0.6752740060748026,6.973079831481882e-05,0.9660800129192667,0.9690785884168333,1.3088070501048017,1.7381966415892932e-48,1.1649878504180834e-51,0.07515311962128568,0.7827275185095575,0.7860205963236545,-0.18509616229401626,0.18858354661145538,0.18233879707134093,0.30825259326460375,0.41210508638267174,0.430026081357343,-0.06614348258687978,0.051740453227757645,0.09699401486104738
2025-12-09,252,0.6828987904572847,0.6764536439218638,0.000105009558026137,0.9490518449052388,0.9536804443269868,1.3182765503068226,7.275279623973982e-49,2.7330999970641395e-52,0.06740516056075363,0.8049959862553326,0.8064954289680817,-0.170316254937569,0.22903759821957376,0.21634354829307412,0.3601896167217714,0.3415557115211141,0.356828329593583,-0.06560581376408472,0.05408262139234094,0.09730848385882439
2025-12-10,252,0.6812247939024378,0.6747456230467963,0.00012846931241854143,0.937714505013157,0.9436077206709714,1.3172635829274038,1.2203327353639143e-48,2.434031671510092e-51,0.06843583972362277,0.8025437892383988,0.8053173842496982,-0.17210732353923602,0.2240195342447518,0.21052556100452224,0.35220207910572515,0.35197132430826583,0.36594704480797113,-0.06581866838153841,0.05361320322838464,0.09777045613999731
2025-12-11,252,0.6782701062244145,0.6717308807411709,0.00012582066845103542,0.9389860089406279,0.944222907900241,1.3137540358151738,2.0486069909026384e-48,7.402799428474194e-51,0.10255382033680904,0.7077807178916669,0.7043633470802151,-0.17745729757888776,0.20899334154763333,0.19525168368028722,0.37652034966004533,0.32008747132920023,0.33353575039698224,-0.06001320949025555,0.07818593004148945,0.11701979223119298
2025-12-12,252,0.6794176258125544,0.6729017238981754,0.00012458319837010566,0.9395618626653046,0.9447433360746673,1.3144437592655387,1.7165960742230077e-48,8.847109139291634e-51,0.10223586719110911,0.7086258592715544,0.7070765255294524,-0.17373138187985984,0.2199480747272622,0.20574557211957,0.38461970021227354,0.3107685223370925,0.3244125566914108,-0.060251522126491895,0.07714764942369194,0.11721648036963704
2025-12-15,252,0.6776878099017978,0.671136749127444,0.00022923081769942702,0.8892164486875693,0.8990463394764845,1.3101989328690737,2.984372538914176e-48,1.5418976058062406e-50,0.11457913694400956,0.6752736833640184,0.6732766194239439,-0.17170332367868885,0.2270701555369563,0.211983455881678,0.3794718973479947,0.31872804873527266,0.33418935970240926,-0.05911977335908306,0.08302312317248503,0.12206516540856628
2025-12-16,252,0.6779990401794882,0.6714543052237867,5.8192851687133024e-06,0.9971783160480073,0.9974477018680141,1.3075221774777652,2.9839263649731666e-48,5.688800084993119e-50,0.131256805166447,0.6309548406154961,0.633417974689477,-0.15853353765418443,0.26589730220252417,0.2542306070325885,0.3762163882721288,0.32254466387836567,0.33923035773951793,-0.05789480176724024,0.08931648217442026,0.12913829428147833
2025-12-17,252,0.6792059925344096,0.6726857891306375,1.791673265532387e-05,0.9913216930040898,0.9921651006214774,1.310187340295828,2.506926146333919e-48,3.0322404454473444e-50,0.13776193836485984,0.6135742869133569,0.6181343425917813,-0.1693637648362248,0.2348552677809069,0.2241323868614622,0.35939104569721675,0.3436532159249335,0.35916781134129694,-0.05738589379495523,0.09198774323789566,0.13351827705297778
2025-12-18,252,0.6814344036611446,0.6749594931664524,0.00018224568969655295,0.9115772210533959,0.9198439536293657,1.322434471996617,1.1082656619883506e-48,6.996729745187547e-51,0.17294471002548129,0.52593270226863,0.5420219843404089,-0.17914389312675744,0.20767266307940535,0.194927250782432,0.34313863240940673,0.36422517701985946,0.3793943152510575,-0.05129709565216456,0.1334016860819447,0.19768200505226075
2025-12-19,252,0.6838859898906018,0.6774609083843133,0.0002959863823203861,0.8566102681037985,0.8693988326942718,1.3248153530139943,5.696801398077205e-49,1.1186225706036242e-51,0.17940541976683466,0.5092316687782394,0.5282450421755875,-0.18157878554526374,0.20076249750881578,0.18817398745806846,0.3474621104057867,0.3569243797746384,0.3730885179948542,-0.04971915786942027,0.14441724546697293,0.2190770637071977
2025-12-22,252,0.6841611263757847,0.6777416370744795,0.00016231173529725738,0.9206831397226873,0.928977305708037,1.3267526506487861,2.174809598285061e-49,1.040167896554365e-50,0.03433763363951248,0.9040137756762785,0.9043348067436563,-0.18215656476708075,0.19571412783273323,0.19013149527247342,0.2750868431767371,0.4664308540896899,0.4851769134030963,-0.07727802404422725,0.04186990148362565,0.05560154348429086
2025-12-23,252,0.6852505667019331,0.6788532204966878,0.00037549799885471533,0.8173285127686392,0.8360129625805223,1.3178154575428593,3.949398985331994e-49,3.870679346442539e-50,-0.04116935644559272,0.8861581260197666,0.8808788300036032,-0.19459164510077126,0.1657203483921857,0.16776602726401357,0.28573309700605704,0.4469934315142957,0.464954666542877,-0.08989310096821065,0.020345516980376174,0.022304957707931464
2025-12-24,252,0.6848795046547475,0.678474616537974,0.0003507831603796435,0.8291621614845142,0.846533928840072,1.3164289627881365,6.696698007592692e-49,8.882070620637726e-50,-0.058912134045257636,0.842131838031632,0.8394616873839298,-0.19212620510446218,0.1716696920454194,0.17336005576784974,0.2764578372163867,0.46322415292345087,0.48527155002554856,-0.0930964179785788,0.022460776948392106,0.03197585246711862
2025-12-26,252,0.6852025149943803,0.6788041921284125,0.00028733261273659416,0.8597068335788233,0.8742406930873334,1.3210006186016625,8.452955835048426e-49,5.003731375115934e-50,-0.05214130995433308,0.8600762880635158,0.8576993877362331,-0.19120258314420296,0.17284425621899935,0.17414596473234323,0.26882496559065194,0.47538088042621396,0.4981015465111527,-0.09100982664121424,0.026059448941923326,0.03825074156389012
2025-12-29,252,0.6894531178464988,0.683141189347444,0.0005145816910235707,0.7493776302478804,0.7761520849316248,1.3306846993311372,1.3914712387251956e-49,9.035939607625894e-51,-0.11834345953574577,0.6888666621446565,0.6879804377322679,-0.1864053601731732,0.1663279464084537,0.1533361732073692,0.29606373840853034,0.4268479236131829,0.4491986835722682,-0.10194926955680413,0.012932271191744345,0.020828418958531804
2025-12-30,252,0.6881668137094461,0.6818287408173617,0.0005044409388309015,0.7540490522546257,0.779931371452561,1.3292353304377729,2.182893254312351e-49,2.404601541070875e-50,-0.11528061176316617,0.6967074755024614,0.6965545579409527,-0.1875987792722153,0.1631358442922881,0.15047145725152558,0.2910072464155617,0.4340365114386069,0.45581815966135186,-0.10175362455627167,0.013151076616238403,0.0212042932233671
2025-12-31,252,0.6893076624496917,0.6829927775401325,0.0004447126004040881,0.7819480574226608,0.8042489549468735,1.3300923778732343,1.5403380244805618e-49,3.0557262503441987e-50,-0.11471371264612529,0.697528651579961,0.6994353223605194,-0.1837484167722337,0.17108077029554344,0.15578338796776098,0.2997640790468585,0.41963707386688953,0.44126857418770826,-0.10241956033971794,0.012412154321276788,0.02048578408537262
2026-01-02,252,0.6933189154445143,0.6870855600673703,0.00033775864660104583,0.8328265730026916,0.8503613272226589,1.333329822399054,4.162666381804497e-50,8.188936568871947e-51,-0.11663121641828339,0.6914327185915868,0.6973522283266225,-0.18090976964070524,0.17612169977371897,0.16102104363961678,0.29368636578470236,0.42730585959539846,0.45056908204712653,-0.10423025065711417,0.010663718639958993,0.018741829446608457
2026-01-05,252,0.6941263946465108,0.6879094514482692,0.0003775146437533926,0.8136912124425921,0.832946205059871,1.3301398346733966,2.637760798337614e-50,9.128951660774798e-52,-0.14825504695823516,0.6135889249156954,0.6206755718184447,-0.1844011270092787,0.1659224112722377,0.15140277246344738,0.306801312653419,0.4079239610188341,0.4295824951714122,-0.1086809279682648,0.007527015872714697,0.014442173235087905
2026-01-06,252,0.6927835131300897,0.6865392755920834,0.0005045976124130884,0.7532648994901521,0.7785096610952464,1.3329452383505571,6.451400275253527e-50,9.444980232363463e-51,-0.13919017836478847,0.6356781494957936,0.641688769934608,-0.17139713853357438,0.19942546401644556,0.17831842162695788,0.3555254116211194,0.34340676181564767,0.37015219502566776,-0.10684881926417455,0.008665053623222532,0.0158615130264451
2026-01-07,252,0.693155295394446,0.6869186144065282,0.00041862067228499067,0.7940545649558535,0.8164022905245426,1.3335309488020481,4.2379452465533558e-50,3.8863286889665177e-51,-0.1399593174789055,0.6334046462373388,0.6377470445530478,-0.16487889580933313,0.21714718094055044,0.1978904584029203,0.37629570617333225,0.31704638127705703,0.347729589007849,-0.10578902912557434,0.009316532268617493,0.016770531849841865
2026-01-08,252,0.6941343883246742,0.687917607599566,0.00046480854598950896,0.7715128845953282,0.7960310818062319,1.3417636237691328,2.780023121446007e-50,5.511112328058143e-51,-0.12236276824011327,0.6765254795644801,0.680045861458748,-0.1770288204387829,0.18567693816340267,0.16750005672109525,0.32375970526346487,0.3902952218247353,0.42030554860257996,-0.10306852053349189,0.01126773301803071,0.019201743339561504
2026-01-09,252,0.6896090967230422,0.6833003385263561,0.0004754112736581993,0.7663675203106259,0.790563108489811,1.3397472839864077,7.362096791897609e-50,6.87060790105122e-50,-0.11933359030034774,0.6839907239783471,0.6870984931617226,-0.17600541784447044,0.18816725658273903,0.1714719869246194,0.3275527580574489,0.3849973530936337,0.41669839818029253,-0.1022785591494097,0.011822781727173643,0.020080205679842023
2026-01-12,252,0.6895605313790107,0.6832507860818362,0.0004513644706330194,0.7780562444175815,0.8014748131136604,1.3410158292736183,7.529413348164335e-50,8.426031192404678e-50,-0.11752641458669594,0.6879408342707998,0.690087911031954,-0.17651494532977224,0.18507158665215886,0.16613403636254476,0.31872754124947333,0.3992905857300264,0.4325024289105611,-0.10188019550483983,0.011919809368684609,0.019702776843657788
2026-01-13,252,0.6921335055010088,0.6858760564258262,0.0005360165755313613,0.7379274709919315,0.7632525513719975,1.3477030244793533,9.293948817700472e-51,2.3663260524781437e-52,-0.11576754326143857,0.6931967356090476,0.6935082464363855,-0.17592441841179196,0.18983117844962147,0.17136546728026236,0.33725809791998973,0.37667383650536934,0.4123048460221359,-0.0999978088179759,0.013354229946485151,0.021480446679188157
2026-01-14,252,0.694950540895702,0.6887503486374845,0.0007176013661226871,0.6525019399185762,0.6827675989086504,1.3462649723685671,3.2654676945758435e-51,4.27532876995169e-53,-0.11968707507128945,0.6814759830322616,0.6839227122590347,-0.19118235134098704,0.15229601001356155,0.13674671050922627,0.34354244522395705,0.3647333638398107,0.4028323160921019,-0.10124373361406665,0.011728294699174663,0.020402277450789808
2026-01-15,252,0.6945659993527667,0.6883579912095303,0.000727200104566833,0.648050841173718,0.6791220580485448,1.3463473116012004,3.279173780915209e-51,8.153142246837337e-53,-0.1205936680290498,0.6788937921948199,0.6816946897682512,-0.1915117111986162,0.15198312962558796,0.13724004583499735,0.3419601339090824,0.3686593436268275,0.40882104964116694,-0.10140210415363994,0.011406929512425446,0.019916758669452105
2026-01-16,252,0.6915879508434284,0.6853194132589453,0.0006791589842238084,0.6696709647211716,0.6998016548632398,1.345679346044228,4.663345128771306e-51,2.9898465334512514e-52,-0.11896658297806473,0.6830750682978803,0.6855980953011747,-0.1906109243426861,0.1540447706172266,0.13809197747639934,0.34236003012808197,0.36820480308717407,0.408619941342917,-0.10102024652196252,0.011862514453480638,0.020855855956640027
2026-01-20,252,0.699473300642297,0.6933650343951892,0.0007986996483696091,0.6158768527030285,0.6498236601305727,1.3355974549804093,1.5559683380097126e-51,4.7453806068417145e-54,-0.09672870877090933,0.7385493331934173,0.7364548370198655,-0.16831940116237099,0.20316493767878582,0.18121209393372228,0.34130262030882846,0.368990489510005,0.4157075712749212,-0.09664058558298225,0.015096418140205632,0.022956942501111487
2026-01-21,252,0.6983030061769531,0.6921709534569724,0.0008113268025669262,0.6102684807283655,0.6436083817912094,1.3419166405864642,1.9088274811998014e-51,7.761882768643084e-54,-0.06743666234432477,0.8147064351089589,0.8118137884791289,-0.17604831722941566,0.1813857184712265,0.15828793281447673,0.34336717085844604,0.3660021148756293,0.4199413808849596,-0.09119932608307596,0.0200455660627639,0.02872692309280614
2026-01-22,252,0.7057468884776823,0.6997661341784482,0.0010000460911502916,0.5240773891544059,0.5680590316400871,1.3457687114437733,1.4320284502238053e-52,9.47902730425426e-54,-0.03452570387561871,0.9030636315009534,0.9046735971355603,-0.20599811244797367,0.11341573274685447,0.09817826372025298,0.16388274340963982,0.6664682630688878,0.682127290360945,-0.08966208821680408,0.020010585053226854,0.031067393612797096
2026-01-23,252,0.7053316288014329,0.6993424342648766,0.0010005764102335535,0.5239268247667532,0.5678595366325428,1.3469054503737214,1.8634596161056975e-52,2.3120896556811657e-53,-0.03622883443685754,0.8984803247102813,0.9005079097471941,-0.2063213311206917,0.11290894343730452,0.09797657085919267,0.15391423169239202,0.684502997496681,0.6988147204658932,-0.08972303568548479,0.019987264878494428,0.03144952873770106
2026-01-26,252,0.7055630467444386,0.6995785558246101,0.000945071508405291,0.5471511199706602,0.5920018260565645,1.3446226055245813,1.6443651242547426e-52,3.317841801383952e-53,-0.04018885440343101,0.8872684349703273,0.8894495049598456,-0.1980916197246025,0.12708944266954825,0.11030510079625876,0.15279406087175837,0.68608514371298,0.7007216363790623,-0.09041971344574305,0.018935625008913323,0.02977122331839807
2026-01-27,252,0.7060265219359254,0.7000514512435663,0.0010984826776848653,0.4844226581943194,0.5336791917278708,1.3470669397369417,1.3037858186122801e-52,2.110396293960928e-53,-0.034545686628953076,0.9029239911760107,0.9054006057286333,-0.2080587282877083,0.10826891034006654,0.09375852461644918,0.08962860209818506,0.8114000286231554,0.8223857175162156,-0.08993419214451745,0.01953519024137125,0.03134414302822662
2026-01-28,252,0.7052105870856638,0.6992189323516326,0.001066841372482548,0.49776416250419686,0.5471262120908403,1.3473271359722516,1.2412609189292274e-52,3.212788414282032e-53,-0.04341555946807374,0.8785949617492416,0.8832100631257596,-0.202924894659117,0.10929229233190227,0.08692688990866736,0.09564845829011462,0.7972663890343683,0.8076296161706907,-0.09173196193323614,0.018354515779549618,0.03230788584524246
2026-01-29,252,0.7086575141757405,0.7027359189354101,0.001204987709460862,0.4427041146212195,0.4966321162673817,1.3398739587372432,5.105321229839307e-53,1.0071637073801358e-53,-0.048929741560179596,0.8628904767754937,0.8698560014272982,-0.19057453257126447,0.1326470680100411,0.10506238934504974,0.13321877925080453,0.7207837944987544,0.7322022668563002,-0.09432637642452041,0.015227212337926729,0.02992216530157231
2026-01-30,252,0.7055268986468186,0.6995416730095588,0.0008506289669524391,0.5876163461665258,0.6299536221344413,1.3390979854715792,2.2385079316206906e-52,5.625426278653877e-51,-0.08828867307270116,0.7571520200878576,0.7775141777304043,-0.06121988078429684,0.5780173759990803,0.6221178142667254,0.2390261193571653,0.5211223138740202,0.5492909848992125,-0.09972422839208814,0.010786371324594559,0.022937604884101157
2026-02-02,252,0.7100151944044779,0.7041211942907478,0.0005036564851443896,0.7503775161018084,0.7815955672360229,1.3700373761362945,2.0659527115887027e-54,6.273226148804998e-53,-0.07674351019085157,0.7901748107813996,0.8021222738815094,-0.05775172619846996,0.6038827729758199,0.6577904854305607,0.19265465368494047,0.6082289646816308,0.6290243219675753,-0.09213344281714843,0.019347247233277576,0.03293570604845691
2026-02-03,252,0.7152147585475606,0.7094264406318607,0.00032614332861547737,0.8359422623209909,0.860305764606571,1.3715159676041824,3.643195564150256e-55,3.714033497537887e-54,-0.06644789737446599,0.8165504159795681,0.8280245660174566,-0.04531743150884259,0.6726279117814769,0.7245452430521342,0.15541299398810998,0.6767939566143977,0.7117143291699529,-0.09131600234687941,0.019536646242508487,0.0333278459217249
2026-02-04,252,0.7308117554756669,0.725340449692652,0.0007942273737414384,0.5982884825496215,0.6529895116793235,1.3736164806366085,1.7318088846862538e-58,1.94569865302535e-56,0.01644423418929919,0.9522548623000364,0.953374748981664,-0.01693264561764527,0.8690940975075163,0.8898252001052771,0.35252483195020384,0.3261745646031873,0.35142073684164676,-0.07152768274076463,0.05703015538002034,0.04790889514150013
2026-02-05,252,0.737723679773945,0.7323928602571553,0.0009352693265802853,0.5391157505458175,0.5982103465707875,1.322995793041347,7.830311053495558e-59,1.2806518550062959e-55,0.08012480889854634,0.7713872251069939,0.7720843852696833,-0.026529627056493178,0.7981205675096237,0.8264961185432912,0.33206535332776665,0.36474410848353944,0.3986727246325028,-0.06642277789617783,0.07990397262442728,0.06657176179503065
2026-02-06,252,0.744535820521161,0.7393434591496398,0.0006694323595691286,0.660574070954701,0.7077928565985928,1.3037724891036033,5.553622656715617e-60,1.6651734915791006e-50,0.06818208074601784,0.8046735630565856,0.7975638532364939,-0.032401110198879576,0.7549527621111215,0.7905697663457978,0.35024700807801684,0.3403145889108453,0.37400811613399154,-0.06749323556548163,0.07550641282961167,0.05532098685861723
2026-02-09,252,0.7462843597048605,0.7411275377476423,0.0009038438463046237,0.5517210021943277,0.6118260249915254,1.3006648830949394,2.9557656846026734e-60,6.7814337507440666e-49,0.039609667292456074,0.8837964148773685,0.8808610256572635,-0.033240451741989294,0.747646086034591,0.7854583534735333,0.3247604699631589,0.3722552340137969,0.40530627013297393,-0.07360249001778281,0.04623250297755729,0.03268623442182847
2026-02-10,252,0.7471354175388465,0.7419958935050832,0.0009328353488224468,0.5388405659343098,0.600030412465576,1.3035436202205761,1.8296723336959293e-60,1.6622971316050745e-49,0.030893565279892066,0.909236391850382,0.9066425487772373,-0.027005877096250228,0.7935489941466114,0.8228285680506454,0.35205338531792785,0.33433881550376776,0.36811611826424184,-0.07350356021580783,0.046362153558434566,0.03298561898570712
2026-02-11,252,0.7476472820807915,0.7425181617978807,0.0009192275888266093,0.5449208886492407,0.6063471763265369,1.3046468879251352,1.1661502619347055e-60,4.192680761939231e-50,0.031980761244507994,0.9060576535702589,0.9033450561200417,-0.02785710833340882,0.7874986560572339,0.8177335145353676,0.3517399647047709,0.3357361984488556,0.37005016401791124,-0.07324870225073862,0.047066947029947105,0.033256946174348614
2026-02-12,252,0.7459864430125308,0.7408235658379887,0.001048482140397126,0.4906411180616481,0.5554476418018252,1.3073915217157643,1.3659599817496124e-60,2.3767814561622236e-51,0.04598411235203215,0.8655555050475858,0.8581323626088501,-0.04327003362308372,0.6740218533846907,0.7258650654937406,0.3454904931796332,0.34637636240205416,0.37981662197986543,-0.0686859287359447,0.061822104005318894,0.04132948870455826
2026-02-13,252,0.7467507046182085,0.7416033612161396,0.0009511517311577076,0.5313954519709316,0.5929563156727345,1.3040822594636237,1.0734988901689214e-60,8.373314020522985e-52,0.058999083916729145,0.8279385741361673,0.8190841458123238,-0.042627379535964266,0.6773627679844103,0.7283893909327727,0.34284727447776353,0.3489936435418821,0.38351524307395113,-0.06750780228518248,0.06617450729368196,0.04456262024657193
2026-02-17,252,0.7469351420688093,0.7417915473954111,0.0009485535856630656,0.5318074754308766,0.5918212308181445,1.3033778710338122,1.3808391319904505e-60,2.3211849309255734e-51,0.06458555550954537,0.8122184842959308,0.8040087847414175,-0.040828445330619745,0.6886904409462474,0.7343574206709769,0.3316261989189776,0.36695324897362736,0.40404071389295526,-0.06722192253707729,0.0672737279778449,0.04542086926943551
2026-02-18,252,0.746953852231309,0.7418106378457665,0.0009108984000464229,0.5485810966148094,0.6082760389442725,1.3034720167596232,1.1635004386758092e-60,1.953630367148675e-51,0.06606711194533466,0.808016943510772,0.7996256152253612,-0.03950076265501625,0.6980526381985057,0.7430279710940599,0.3380933549929548,0.35842299756051244,0.3970461160723213,-0.06684480389982078,0.06891441920945372,0.04701434796652949
2026-02-19,252,0.7465431033368721,0.7413915403965647,0.0008359932119782979,0.581653900483045,0.6368955982368684,1.3028744011512359,1.365732363569285e-60,2.3574220761634253e-51,0.06219465717183115,0.8195062714760109,0.812359999226641,-0.04194222094849716,0.6817766103697197,0.7300603975659928,0.3205146492199213,0.3859219850288842,0.42477275673764914,-0.06787199195200201,0.06549440261602796,0.04484810831546491
2026-02-20,252,0.7461087390690972,0.7409483475867619,0.0007833448811373498,0.6060870213354348,0.6594228953839807,1.3022400114227555,1.744853583610413e-60,2.117189151339964e-51,0.06423143432478962,0.8138178781166805,0.8055131944507271,-0.04495822316053076,0.6601358129405419,0.7129229110404779,0.31896395684147616,0.38855937884207215,0.42710298744113606,-0.0672920395686823,0.06791893455279757,0.04612497594820479
2026-02-23,252,0.7473860896853641,0.7422516606139284,0.0008620504995642943,0.5710120486481745,0.6299891137390278,1.2998304200925315,1.4351463256152247e-60,3.723742951620314e-52,0.06308350389990414,0.8171994310052859,0.8085330108829274,-0.03871892930459658,0.7032334350438706,0.7455232957873463,0.31418035481158363,0.39768728211143534,0.44039772072169114,-0.066930088857422,0.06948001319370954,0.04704120242650331
2026-02-24,252,0.7471577502301273,0.7420186801128534,0.0008340992312771093,0.5833887887607585,0.6393517946120655,1.2994954661569929,1.2957710476963152e-60,6.277032361553223e-52,0.06312567078705711,0.8170200177298194,0.8095764841430931,-0.03961658072124295,0.6964580590754983,0.7394835196087063,0.3056625391631528,0.411272134675463,0.45498465174367086,-0.06788051964898825,0.0657529394243008,0.044712462972033545
2026-02-25,252,0.7502337423135591,0.7451571923605826,0.0008859993029097484,0.560197491849977,0.6156512614087951,1.3084302221872899,3.850400930567359e-61,1.3212343377017505e-52,0.05121252406513033,0.8510839897270671,0.8452221937702149,-0.039008470803474596,0.7011762502890697,0.7433569946329988,0.30279828845212725,0.4161266383937233,0.4580557072156418,-0.06928766922626371,0.06036721291666435,0.040644676332604865
2026-02-26,252,0.7521681762674461,0.74713094407776,0.000737005189935229,0.6266123125572395,0.6768156983182554,1.3131082650079156,1.5147618173510587e-61,2.6033774424140966e-52,0.05504269448375809,0.8394836278737147,0.8345738246543024,-0.027271060299073197,0.7883540348153542,0.816014201548054,0.33755496958274206,0.3640518542925849,0.40742163428702016,-0.06835112394944684,0.06294896681742285,0.04276853040729086
2026-02-27,252,0.750928501358473,0.7458660725242956,0.0007040817552214859,0.6423393321372506,0.6901153286096686,1.3135431974272291,4.9186483776909474e-61,6.109654772347629e-51,0.0496780447361429,0.8549595666656611,0.85038308048327,-0.028392923717105417,0.7799857715466689,0.8089233433440033,0.33936476082668343,0.3617974647070624,0.4043051741475292,-0.06937368059575252,0.05932009033577168,0.04006271585852315
2026-03-02,252,0.7522139450595566,0.7471776431298729,0.0007501118352407632,0.6211449281566975,0.6698534479164202,1.3139754019700445,1.5388581554013853e-61,1.081713613650583e-52,0.03558986899418071,0.8957965397448733,0.8923444695526487,-0.030222435976179286,0.7652925258241026,0.797359254267957,0.35054669406589234,0.3437081169544658,0.38625106622530103,-0.07041319343968211,0.053607686763614514,0.03510539620217428
2026-03-03,252,0.7538277143702438,0.7488242126298016,0.0008275139940688322,0.583683591319925,0.6329592930873542,1.3101885064423784,1.378312871076461e-61,1.2094708647867687e-51,0.06480250143843791,0.8114358965611063,0.8104500986691086,-0.03426196790947196,0.732995356996029,0.7697144989943835,0.34374967217196783,0.3507314845575552,0.39289915116703344,-0.06936686983048157,0.05612489848197651,0.036854986324794364
2026-03-04,252,0.7599386929657717,0.7550593981073523,0.0009382054707831905,0.5300167395734698,0.583276928586042,1.3168226685492446,6.852386988369493e-63,1.837739598542698e-55,0.07013995896652148,0.7937542158153221,0.7861723360421079,-0.027605093087034144,0.7813568455889769,0.8105175550077229,0.3016642884981978,0.40880166750468094,0.4576689656924465,-0.06257618036623222,0.08113530180852942,0.05168299099364096
2026-03-05,252,0.7598868611234836,0.7550065127723349,0.000992404991567466,0.5071360100833238,0.5611985510909574,1.3162870966198752,9.584893307496564e-63,2.0561787548903524e-55,0.0805060548846086,0.7646146531652387,0.7561614485146156,-0.02872028020459172,0.7729855240544876,0.8034069735702105,0.31321172143893783,0.3934671134983724,0.4446192987208841,-0.060533460592058344,0.09052208831992453,0.05875210776938672
2026-03-06,252,0.7606415700422495,0.7557765613032709,0.0011376860727794692,0.44735453121833646,0.506738223121766,1.3184491724407554,8.443571996082747e-63,1.5985555417597634e-55,0.1137176412977976,0.6697073069644388,0.6608427351185435,-0.026753546733122878,0.7878858834087377,0.8154950486174113,0.307928800798885,0.4011145132662285,0.4534167522857422,-0.05502578964266258,0.11764893796157937,0.0821342237508986
2026-03-09,252,0.7604395632096383,0.7555704486407285,0.0010720650905132467,0.47372435918658995,0.5283060900990058,1.3186882399239588,8.427938073189681e-63,2.343244331011206e-55,0.12459354345439189,0.6389136218851861,0.6313930949263931,-0.02324386374748639,0.8162083560900668,0.8387907379851817,0.3254767197870165,0.38793493383281896,0.452764300912059,-0.05325860105896911,0.1262368102971196,0.0887474382814486
2026-03-10,252,0.760571205601507,0.7557047666909686,0.00098715576076781,0.509208965903285,0.562882436333018,1.321700346072141,1.1463156747021424e-62,1.920892274128958e-55,0.13136001882283443,0.6196781360505172,0.6105806798252007,-0.023660398089563706,0.8123402043784581,0.8353076433672824,0.33807177331252064,0.37029538311788923,0.43663603714246535,-0.05139518694117588,0.13963773229416454,0.10230436498542976
2026-03-11,252,0.7519906259818306,0.746949785046502,0.000961194993085724,0.5201293033439458,0.5698094882234683,1.3231762040117072,9.860164326700992e-62,1.4461675933222878e-52,0.13548365555611896,0.6089730064300656,0.600818521685633,-0.023461086815975054,0.8138264199014533,0.8362521608710257,0.33561470754988865,0.3733703510505002,0.4386764207566489,-0.05103919172911574,0.1421062929076369,0.10443199734684101
2026-03-12,252,0.754534591108686,0.7495454567816269,0.0012239940380789607,0.4104785653045656,0.4655978982187017,1.3390779263380348,1.684174634324679e-62,1.551358590284254e-53,0.06074648327109067,0.8193710294887593,0.8098452303013518,-0.02420702219073551,0.8068952602065087,0.8317742688152101,0.3207873686047651,0.39091914499421043,0.4550609240880402,-0.057562841934524364,0.09803958978349406,0.06715226789957111
2026-03-13,252,0.7559587344787981,0.7509985461551965,0.001329985874066223,0.3695089585085065,0.4264997709310322,1.3389580471728908,9.442496472475384e-63,1.3292624739885703e-53,0.0339648626157939,0.8981681192997244,0.8953779481557991,-0.018429665118733722,0.8521108903653306,0.8708419346189523,0.33414011502358476,0.36893974791597295,0.43387610921256714,-0.06211470530839226,0.0749054602490464,0.05449543283043393
2026-03-16,252,0.7600207528855338,0.7551431259116625,0.0014346832603171513,0.33419986205488006,0.3882329474855306,1.3498626238074545,2.747286547258086e-63,1.8310058476613449e-53,0.03546774234311956,0.89488999310649,0.8916422324060408,-0.041870444224356484,0.6726909687503619,0.7212346188698358,0.2382273383406247,0.5207408978284844,0.5748847449741237,-0.06385666456667402,0.06899521840828009,0.04941030284276763
2026-03-17,252,0.7618338609937677,0.7569930858107142,0.0015434196631955337,0.2966334660488443,0.3528220343452807,1.3529949406928008,8.761251002943082e-64,1.1211607763850933e-52,0.06183533108345596,0.817388713771374,0.8159427184727999,-0.044093569521799277,0.6551246609588067,0.7074298261480827,0.22381230742414054,0.544681232127654,0.5970807083217133,-0.06261836783835836,0.07287834904418283,0.053825675298545206
2026-03-18,252,0.7629233839872158,0.7581047535804519,0.0015492084278857267,0.29460287106313965,0.3519700657311211,1.3527609473321678,8.200111824325858e-64,5.384789497512204e-53,0.061672495285607254,0.8178626990823032,0.8158824786825567,-0.044712284313106455,0.6501704552384713,0.7030982050513457,0.2287910592194219,0.5360320011964479,0.5888231031308342,-0.0623378598585078,0.07420538070135094,0.05467929455947704
2026-03-19,252,0.7646425159371637,0.7598588272366995,0.0013777200885613688,0.34876628480199967,0.4001842125479961,1.3549023739647763,3.410855922400897e-64,2.1037674116056822e-52,0.08505862837348477,0.750409671645841,0.7515425383072891,-0.038285627440802814,0.683587107652125,0.7183261881939542,0.259136673371338,0.46903992037439135,0.5200933739566584,-0.059851920580836035,0.08505011845521357,0.06278249430990375
2026-03-20,252,0.7632001657364662,0.7583871609750122,0.0014148103606261885,0.33556735287341444,0.3884707018274468,1.3571863561455482,3.310848767935375e-64,1.0103318975269201e-51,0.08529627193998823,0.7492643885055776,0.7513403823274528,-0.038346249743707046,0.6829727711532803,0.7179720324380972,0.26090627310470305,0.46483583079599244,0.5145793366604596,-0.06016563384750544,0.08331984716193098,0.06226457427055343
2026-03-23,252,0.7624835922016575,0.7576560229374636,0.001373155596104446,0.3501953779660396,0.4008597641283559,1.3576328035518115,5.057913974415303e-64,2.6670307593934036e-51,0.07476262377478915,0.7778590579012643,0.7775789064534357,-0.03182148327881977,0.7290236384142336,0.7536447384061573,0.2807909232148524,0.42497692598604675,0.47639272589567516,-0.06110010411956289,0.07779645806356454,0.05747425284364912
2026-03-24,252,0.7625256387267654,0.7576989240667403,0.001456252300750673,0.32189606056265596,0.3725129667939767,1.3575939893314488,4.9469729230057824e-64,1.8740817283961308e-51,0.06897975598981243,0.7946713187171645,0.7940402550290724,-0.031679288247671716,0.7301060776938841,0.7554218153835707,0.2948227619156281,0.40096019504760017,0.45267859177252123,-0.061720117921683776,0.0749980780886901,0.05562808370922405
2026-03-25,252,0.760943948236321,0.7560850853955958,0.0014338244613643894,0.32967511134774763,0.38166062321830363,1.3588045478682744,6.600034557526101e-64,6.169119299030929e-51,0.08213236990770889,0.7569091271048607,0.7563659558477962,-0.04023976712798362,0.6583499154765589,0.6915816613916959,0.27925843353281465,0.4251282554542094,0.47401016527585205,-0.060074616824342286,0.082809184128175,0.06138098121123217
2026-03-26,252,0.762166650420651,0.757332639250339,0.0014602313818051263,0.32013049721364967,0.37168110020473355,1.3587239211310567,5.7988837521091355e-64,4.7784779197506787e-51,0.08113408037279446,0.75895515200692,0.7581573662612575,-0.040053341813342073,0.657474255462624,0.6878284997234312,0.2786297047675834,0.4261009459807993,0.4751270800203957,-0.060277540489960396,0.08137074077245544,0.0599343127566694
2026-03-27,252,0.7619219204277493,0.7570829350705898,0.001620748410254476,0.2706714163129172,0.3229895085821748,1.3567954658054222,7.189651572993315e-64,5.110261480007744e-52,0.05613503366858419,0.832018988449386,0.8281353995534307,-0.027530915156666766,0.7589387890620667,0.776028854544035,0.32632349923773785,0.3508161881347577,0.4053924560251363,-0.06110670182699557,0.0775649153997121,0.05600561348130201
2026-03-30,252,0.7620408759555357,0.7572043083936564,0.0016697078988473942,0.25621205074219383,0.30784577447062267,1.3572774425548881,6.61160055513434e-64,4.04964697641184e-52,0.04944343116226135,0.8513388246210888,0.8475316928079356,-0.025894575113030956,0.7725798187575694,0.7886457702031924,0.3281303304942026,0.34740551722358015,0.40302093374261183,-0.061786736843106815,0.07367665207167809,0.0524988646014047
2026-03-31,252,0.761360392732386,0.7565099942106865,0.0016629455119312046,0.2585316890393869,0.30754427386922134,1.3574514601085832,6.54141940592505e-64,3.284091418022138e-52,0.0455726225731643,0.8626990644624388,0.8581156684570903,-0.026489197703957287,0.7673891765524757,0.7840003884955663,0.3325110375537119,0.3401867398705537,0.3945673318291192,-0.0616599714652334,0.07423911911089551,0.052550595408776754
2026-04-01,252,0.7604436069147387,0.7555745745349569,0.0017460374149425913,0.2358356528706734,0.2842532284164323,1.3548854301390372,1.2342254874567448e-63,5.785583375525026e-52,0.06132289619763065,0.8167794487904612,0.8120459116739261,-0.019457792085587428,0.8276725893929452,0.8378731383667521,0.33527809896359706,0.33679824511254264,0.39148135997753086,-0.06029459621864858,0.08195009982596098,0.059483477252897085
2026-04-02,252,0.7595495786179539,0.754662374931327,0.0016613283575321188,0.25985071786102065,0.30762059221947213,1.3572061842458014,1.6905974615753945e-63,4.1165778608737486e-51,0.06472003399754656,0.8071003311749743,0.8021792420742221,-0.013003347584779772,0.8841193063740179,0.8897754944527723,0.3313515923700658,0.3431941501792173,0.39786382240266827,-0.05931774876825102,0.08733559539648159,0.06317466285146262
2026-04-06,252,0.7583095146921883,0.7533971064542246,0.0016562041073304088,0.26095073584539596,0.3085367811366999,1.3499989429501307,5.43009390960765e-63,2.6855521318629832e-52,0.0690090261662093,0.7947473184188664,0.7876906228590872,-0.012414601930594675,0.8892941985200099,0.8945765622160438,0.31563228485583095,0.36743600453658054,0.42700828119328604,-0.06008766167067155,0.08275292988184395,0.05903957064353703
2026-04-07,252,0.7615492303892268,0.7567026700312843,0.00150114660702577,0.3076458904779627,0.3523898856363771,1.3397243849878961,2.3724155127940375e-62,1.2830880179761435e-55,0.12357938887883135,0.6426879321246373,0.6349807939914788,0.004311464113126051,0.9617036223286497,0.9624628319138181,0.42893840035919106,0.2333713476410536,0.2929889407516819,-0.06026832298303611,0.07902226398854895,0.05997454745433181
2026-04-08,252,0.7613056706284984,0.7564541598689151,0.001318659669833136,0.37355390717963877,0.4188957502277364,1.3371140260895784,1.2286147111245767e-60,3.0212135729418855e-55,0.15652970755534512,0.5674782131733485,0.5513417666655478,0.003379579089986262,0.9700142023267617,0.970660213164809,0.41815351849873095,0.24901528975880788,0.3094718641533192,-0.058159891735485136,0.08944441841169559,0.07049633004090533
2026-04-09,252,0.7618229370316201,0.7569819398168156,0.0015482601474485112,0.2847544698445006,0.3341677203132888,1.3113486102645824,2.11191238136462e-60,3.281538279655216e-62,0.2015570276393971,0.4511140226885756,0.408485509430774,-0.0162606118849542,0.8533174697681012,0.8630545191806651,0.42741209437348554,0.22734309195322402,0.2978897734077305,-0.05453316929062611,0.10231189888571676,0.08391557065918723
2026-04-10,252,0.7606641435017987,0.7557995935729734,0.0015383660429274986,0.2876648040228099,0.33407491896147,1.3121061207339018,1.824091983743029e-60,4.797090734749637e-62,0.2029704055726922,0.4480066458239893,0.40430765637990895,-0.016697366567732914,0.8492922146311819,0.8592290061283407,0.42842091960802586,0.22617917193576728,0.29689017346960733,-0.05455033667495099,0.10206803806200872,0.0834997601909149
2026-04-13,252,0.7554512507788886,0.7504807477459392,0.0015207178049226604,0.2925945445518603,0.3324874792035475,1.3062658134722922,6.345481772534284e-60,1.8287561802091375e-60,0.45127621252655487,0.1484909176357294,0.0882974638991111,-0.01381381672627617,0.875031783164444,0.8808866278426837,0.39673460805541694,0.2610224259068223,0.31896131904680347,-0.038877543454459734,0.2581204853391823,0.22400273943152238
2026-04-14,252,0.7509713930728384,0.7459098360214733,0.0015655869500449996,0.28111162569121406,0.31249872324714856,1.309904005217152,3.791100207077406e-60,3.619377036024783e-61,0.3687651885713561,0.24896019033155994,0.19675831856475523,-0.017614358538694017,0.8410622101002311,0.8498980150334854,0.3425353266807624,0.34777930615108665,0.41641097998019994,-0.04359424907395737,0.20806769130821956,0.17878441314281412
2026-04-15,252,0.7539887688652609,0.7489885405901646,0.0016597909680599822,0.24984243296748793,0.2812466193889137,1.3153403728248303,7.961292149248839e-61,2.4597185492569113e-59,0.43512741631958907,0.17247020724277162,0.1276308620238794,-0.018214827854101216,0.8345389524543726,0.8432895813046519,0.24714518523312545,0.49951323920042945,0.5567301063598049,-0.03894823908166459,0.257562480949675,0.2265677361985059
2026-04-16,252,0.7530876520016503,0.7480691083431472,0.0015768580099668546,0.27540091688140506,0.31004434965020455,1.3150230524813356,9.316432271484034e-61,2.1643558241019127e-59,0.4438501805308114,0.16906305199013516,0.12985970363185062,-0.017401892478343756,0.841963843665629,0.849915714305899,0.24480333543479266,0.5040390481023254,0.5612596915565269,-0.037453157765458225,0.28779069303139043,0.26913098910107636
2026-04-17,252,0.7532378840934248,0.7482223939327222,0.001599667608817151,0.2693707526174391,0.3032983331725282,1.313638414630418,1.0627390290118426e-60,5.252606881118901e-60,0.41624248522817164,0.19535462519210825,0.14972466347719732,-0.016537365959151624,0.8498570040553006,0.857383114032519,0.262613962045979,0.475789655824174,0.5378617395450042,-0.0402198891310043,0.2530527870183612,0.2334298041597801
2026-04-20,252,0.7534182576346335,0.7484064336028171,0.0015170070661968476,0.2978367211890596,0.33014615850980367,1.3143653563607485,2.1623115583038794e-60,1.07225372004456e-59,0.40315429461957086,0.2238913647835745,0.19423357044715206,-0.012577953130355993,0.8858782836211072,0.8911228816364625,0.2733728235062766,0.46015878070282445,0.5260996217647049,-0.042588131975400956,0.23133018379566053,0.22127522976912017
2026-04-21,252,0.7539991278834401,0.7489991101574938,0.0016058328950723187,0.2701350259137888,0.299167871250706,1.3150289674792055,1.3292933511584295e-60,3.932732761166749e-60,0.3735761148538336,0.26173724049164987,0.2256844157892911,-0.013115364202837702,0.8806228370247721,0.8860733851652628,0.26970097456760445,0.46555383359407676,0.5302597473280961,-0.046425445874727675,0.19603578285671241,0.1880492575199476
2026-04-22,252,0.7549416703443622,0.7499608099855077,0.001770430025008471,0.2265023835468793,0.24668691391366981,1.3259129431743175,2.844586350581344e-60,6.863894079419971e-60,0.2573712941459907,0.4491005100693569,0.42487904047771696,-0.010742035953583001,0.9019963278167018,0.9065272908484884,0.19344647860937997,0.60351652676077,0.6596754512620853,-0.05267805680581175,0.1429892190719313,0.1392769331061979
2026-04-23,252,0.7488422540746453,0.7437374218403902,0.001666878988614576,0.25417640936545094,0.27687353564416994,1.3232673694349717,8.494720919794839e-60,2.794438560147148e-58,0.2575374624031732,0.4574787397568364,0.4485438370364737,-0.009899921099879742,0.9097772613734069,0.9135190835599702,0.17595016381366924,0.6392743690282989,0.695367768852934,-0.053031434669578006,0.1450952800370153,0.14508655043753926
2026-04-24,252,0.7487333863373834,0.7436263413442408,0.0016610713741170896,0.255507058005082,0.2793033989366899,1.323685701821352,7.127915085081416e-60,1.1892709021950496e-58,0.24263730858642096,0.48884072162850334,0.49554450289769647,-0.00730445333344442,0.9337051741006219,0.9370805658344417,0.1620204045197532,0.6676225818621342,0.724902694698754,-0.054032174775375696,0.1395136493433829,0.14398685003038186
2026-04-27,252,0.750143298165328,0.7450649099166557,0.0016429739847920923,0.2580259073651466,0.28346738899950663,1.3183122849576545,1.2676847234828134e-59,4.558472034666132e-58,0.33364550628833833,0.3483759119162898,0.3472581770592529,-0.004664192433508588,0.9574797278123766,0.9592642645583467,0.13814511197287,0.7137849983915959,0.7635252109600784,-0.04785352728817793,0.19160048477107386,0.19275482182073433
2026-04-28,252,0.75006697047923,0.7449870308548241,0.0017364759637679744,0.23119906228351764,0.25590770345440705,1.318136894772573,1.3185710962328408e-59,2.7515554069132596e-58,0.32117305456706147,0.36485278108589514,0.3626254546088956,-0.008807403156058359,0.9198077857385101,0.9238749173840074,0.13806305466715257,0.7139856934814062,0.7634424381953021,-0.04947172092162569,0.17560387360014568,0.17608368905561134
2026-04-29,252,0.7501500456635126,0.7450717945591125,0.0017085648559632045,0.23902965041574703,0.26303442613301875,1.3181584768950594,1.3377645319825861e-59,2.9791874279050647e-58,0.3159357964991848,0.3718395241155309,0.368280644534428,-0.008379356884408398,0.9236811941171206,0.927419201889298,0.13726418589094053,0.7158527252571635,0.7650128600539771,-0.05018147414227743,0.1683000320628334,0.1676519021670264
2026-04-30,252,0.7496145509439015,0.7445254158004848,0.001629685165556897,0.26164726561542345,0.28670776419248933,1.3196819729239748,1.401951598800341e-59,2.3236472670685173e-58,0.3175917820100176,0.3700651419297387,0.36497721020251295,-0.008745792553433163,0.9204391117358026,0.9244319290927944,0.16914651434597378,0.6519074372337741,0.7093926491259595,-0.04843125056993966,0.18312758706561008,0.17896339149650375
2026-05-01,252,0.7491474132503322,0.7440487834383471,0.001575732499972644,0.2781719785993878,0.303582054465917,1.3168589432933602,1.7895311320199665e-59,4.138420039315506e-59,0.3132440696823553,0.3774898499034953,0.37231111958043794,-0.00940717259305953,0.9145494078048191,0.9188796087833909,0.16296208293141334,0.6642634118577688,0.7198607623260329,-0.04927901737212399,0.17626251172249827,0.17147110834032808
2026-05-04,252,0.7493589693167964,0.7442646394248613,0.0016045759659501287,0.26874088396213147,0.29562429499078546,1.317928778653472,9.512375860403579e-60,4.172021022410332e-59,0.3284201440748724,0.35619070651429185,0.3531327956147913,-0.01237745837017707,0.8875842670185372,0.894347985426573,0.181762220224074,0.6296750514813909,0.6940083385099289,-0.047959696793469966,0.18828697195355515,0.1843500797141011
2026-05-05,252,0.7490625191606874,0.7439621638590754,0.0015747371289896392,0.27768778518664117,0.30674752015093776,1.3159344745300263,1.5844190571944921e-59,1.6535951222878667e-59,0.3404579705902623,0.34141744136918517,0.33940499480249775,-0.014031366036153459,0.8727317027737612,0.8806004518211107,0.17112938482662976,0.6500978665689024,0.7102018210730209,-0.047290488938308686,0.195182970967337,0.1907350025201313
2026-05-06,252,0.7492271318506462,0.7441301223354154,0.0014733719667372094,0.3105113589464797,0.3341853500964982,1.319644448469035,8.942381566227168e-60,7.2297946326515275e-59,0.3057362255877507,0.3843723515950367,0.386355658349975,-0.024592628194466223,0.7793723105588006,0.800450776533455,0.1798335194175893,0.6332833254980648,0.6952868232879762,-0.05051845337768465,0.161106895812693,0.15888848233274255
2026-05-07,252,0.7509598832733042,0.7458980922829243,0.0015942926251920908,0.2714862528619755,0.30597669763189594,1.3263613440835258,4.5182177562295305e-60,4.588218429857017e-56,0.2653669728994128,0.4500595375120209,0.4488865149872716,-0.016820834772782275,0.8480143551328226,0.8593658000674093,0.14739554448134268,0.6953997124576,0.7449867610525261,-0.05207797896021138,0.1464031894186443,0.1423781704612539
2026-05-08,252,0.7512256738276093,0.746169285084268,0.0016426375948356776,0.2576612959048973,0.29945852316912847,1.3261338143654198,4.144634658847499e-60,3.846745029771851e-56,0.26678714919696644,0.44437453392739035,0.43956473595134715,-0.01762924739917777,0.8406879667282958,0.8532962872641012,0.1557869969203901,0.6787695672929113,0.7339245061429922,-0.0523940918525045,0.14192764474669672,0.13631470300366194
2026-05-11,252,0.7569772598915089,0.752037773303938,0.001074867377650003,0.43550216681566556,0.447014032376702,1.2775167873614555,1.9964604035993496e-60,2.2252373298324507e-70,0.2548478476715603,0.439481185731354,0.47158654051649584,0.007986484676235913,0.9236458949329833,0.9248731232832508,-0.11845149137552421,0.7424731999758332,0.7584017626077488,-0.05686792606268343,0.09078125136614047,0.09568020477684724
2026-05-12,252,0.7637581704537111,0.7589565072515507,0.0007346526173952401,0.5874683371502278,0.5956564087146596,1.2786023735168435,9.249548394961771e-62,4.033776412004582e-70,0.32772681246865476,0.3124965921679022,0.3920786883638201,0.00024058961092883469,0.9976570558273039,0.9977969274986891,-0.0823351006610771,0.8161937330569121,0.8333785041871249,-0.049048773955183686,0.13772959989607048,0.1675217226547756
2026-05-13,252,0.767148490180338,0.7624157359157108,0.0007823752281093624,0.5586422324122484,0.5694995842163151,1.2949381992287425,4.94778799441984e-63,7.9707011803608e-73,0.08301595083121593,0.8050033021150156,0.7966589538862437,0.020207860496699204,0.8038755215379836,0.8046620352279548,-0.28585128059928444,0.4278363477796059,0.49588103909996395,-0.060924788754010334,0.06545815966288673,0.06533225548117828
2026-05-14,252,0.7693126096471682,0.764623841550566,0.0005581003613992237,0.6732597980115788,0.6881833895250682,1.2915169455457394,1.2545663611906058e-63,5.384337836297009e-74,0.015357345432502556,0.9631851101077499,0.9611833630780566,0.02824299823724259,0.7259866420919818,0.7266885317889812,-0.21066287871762054,0.5563079414509045,0.6127682729500967,-0.06669389212386415,0.04186866629548446,0.04239545292046519
2026-05-15,252,0.7696536093015329,0.7649717720922145,0.0006896080447845747,0.6012567515838175,0.6159357457012642,1.2910689015780972,1.1736463971105482e-63,1.158811935742124e-74,0.01139550070865758,0.9725782570605788,0.9711700665779724,0.019508142164451306,0.8087259558044152,0.813381873977957,-0.2106520374207638,0.5559855916361933,0.61279763133379,-0.06632091647344311,0.04282833621403816,0.04352356794108346
2026-05-18,252,0.7722081713569379,0.7675782561406155,0.0007580994775904647,0.5638100986854444,0.575852259218852,1.2924375708328206,3.502909164959177e-64,1.4170453233307352e-74,0.014249892845984435,0.9655217998612179,0.9637805284541847,0.02447256040894322,0.760576334991254,0.7643903551178669,-0.20425399430793326,0.5657374290267814,0.6209509470292499,-0.0665515516052673,0.040775506258401734,0.04222308286504208
2026-05-19,252,0.7722221411841393,0.7675925099073942,0.0007462707568756364,0.5690246161110416,0.5806804314138291,1.2917932118102184,3.800757009531191e-64,2.2308559719862374e-74,0.024168002441209313,0.9414767322804067,0.9386882243547385,0.02399373436608484,0.7653989224662616,0.7696945033698678,-0.20458189003930105,0.5651439898631736,0.6210012191467869,-0.06591260623170594,0.042427037661027664,0.043543258365257395
2026-05-20,252,0.7739506945964887,0.7693561965191815,0.000831619545267235,0.5245173756887614,0.5349325928939959,1.2968609526866826,1.3780787923129031e-64,2.2255236321062236e-74,0.02271868749605621,0.9445142586239925,0.9422140663664601,0.024875540386289915,0.7561524412417842,0.760050699756049,-0.25013868167978653,0.482208811994409,0.543819451460553,-0.06378131702772963,0.04862688473474719,0.04987888620528302
2026-05-21,252,0.7747323348040467,0.7701537237228282,0.0009203409466639898,0.48100815549857123,0.4916385029713073,1.299678694043858,9.17245568803701e-65,2.222994047654943e-74,-0.00842892416493135,0.9794690749339261,0.9784711174100583,0.028732915348772675,0.7197344541422986,0.7221973112247057,-0.2671724541474429,0.4526654628937803,0.5162312934055275,-0.06592071263458418,0.04161299854867225,0.04373639794644579
2026-05-22,252,0.7758327104270137,0.7712764647039856,0.0010432389919296302,0.42578156232949715,0.43937155641473014,1.3070740152663878,1.4880623197680253e-64,6.039889369616642e-73,-0.045695109489054864,0.8896952386460426,0.8845131188988521,0.02926789291403516,0.7142983198712456,0.7163694712209221,-0.30276654348448184,0.39725561022081224,0.46709443149317853,-0.0659624210862541,0.041055550244174135,0.0428293651875746
2026-05-26,252,0.7755706787741721,0.7710091072045414,0.0009447970120333479,0.47098631522080503,0.4833437930571852,1.304200430170737,2.2126099202304454e-64,1.1097253556662539e-72,-0.03286106301358571,0.9201510924897645,0.9163810909342454,0.02958341981422062,0.7105863234122549,0.7119764636896614,-0.3192818163449225,0.37193777615966805,0.443846757127607,-0.0648744402610411,0.04342632851247484,0.04469574802992138
2026-05-27,252,0.774442122062363,0.7698576123481834,0.0009359158647064569,0.47480356103089183,0.48575120955356543,1.304511675637988,2.5872832144220083e-64,2.6828603865873304e-72,-0.03180722518844803,0.9226384877895946,0.9189729159089235,0.02963752246635592,0.7101416585488132,0.7115502694494218,-0.3170768207575719,0.3795060955981885,0.4555264749984774,-0.06476135281082485,0.043346909275205014,0.04407968540760954
2026-05-28,252,0.7742450154453975,0.7696564994991657,0.0008950515607012372,0.49280539076246277,0.5037727918840402,1.3072141081082638,1.0978047297647135e-64,3.177892608828582e-73,-0.07859972821599737,0.811179581170123,0.8029902634493351,0.03743223549271836,0.6387610429829685,0.6357652393666925,-0.3534238151418383,0.3276680161320642,0.4112061256480247,-0.06520871577308765,0.0413756404373726,0.04147823774893296
2026-05-29,252,0.7754107690316756,0.7708459472640268,0.0007909006929704056,0.5437212989193467,0.5545252218461227,1.3068850749596557,7.247228383350271e-65,8.2065925743293e-73,-0.05551861353090104,0.8658626707289279,0.8604810117688289,0.03583352397006564,0.6520112137214126,0.6495799497796944,-0.3733298040923686,0.30047301431215107,0.3865598761311291,-0.06353817937352563,0.04636756258522914,0.04696288953330384
2026-06-01,252,0.7722718422459469,0.7676432211533849,0.0008511040262796574,0.5165679320155001,0.527243421093503,1.2995123774349095,4.773566615154039e-64,2.8137334523368267e-73,0.01958803844980006,0.9524161582397918,0.9511417071289179,0.02484872841254984,0.7553323174707899,0.7586651329530482,-0.3375505863633109,0.3538809498400508,0.4376425496875579,-0.05728361471601827,0.07246858627129947,0.07388359111845312
2026-06-02,252,0.7752536551729223,0.7706856400341606,0.0009721358987458374,0.4586840112391386,0.47107863407761175,1.2928230252696484,5.27954100804358e-65,7.417718694857705e-78,0.01154314890998509,0.9718941251009536,0.9712780874315265,0.023437439562411122,0.7683967292555587,0.7727600732000062,-0.3384073036677229,0.351694515696065,0.4370024998577179,-0.05969761908232138,0.06114329208243819,0.0629769669797829
2026-06-03,252,0.773083700507756,0.768471580599377,0.0010980154380519078,0.40447163003311815,0.4213503924877535,1.2872358379675055,1.8019081700912936e-64,4.958510174285968e-78,-0.018695082982746802,0.9546020669034876,0.9527586025651035,0.021380602173301694,0.7893770170057739,0.7947896236097192,-0.32068580556874215,0.3810696611927855,0.46650792556387455,-0.06287683862221424,0.049127078843557714,0.048176922931984396
2026-06-04,252,0.7720814579875745,0.7674489672962651,0.001011255916551976,0.443473925066698,0.4554449654059658,1.2883936120181207,2.6023427379095076e-64,3.32436393504182e-78,-0.014266742885261752,0.9654955818789732,0.964110167802444,0.018992138150664237,0.8128861513077635,0.8185907301933475,-0.31394460405319125,0.3948846843281013,0.48151988917249633,-0.06168321543622346,0.05411649400700926,0.051962470284320696
2026-06-05,252,0.776601333029874,0.7720607097174731,0.0008457395434407573,0.5233320087595493,0.5371501771865361,1.2870947240565924,5.711201065722412e-64,1.9771351922579647e-75,-0.027060905963074866,0.9348380304314751,0.9324177039271571,0.029041962823941385,0.7174206699776393,0.7170235825157796,-0.323964468833839,0.382775533990764,0.4629463812165967,-0.0700760297318743,0.026710904053340624,0.027336972075666183
2026-06-08,252,0.7785571485803849,0.7740562776165716,0.001066079855444777,0.41716247089395464,0.4299635777571006,1.2855584166658602,1.6981822921349023e-64,2.234569832412475e-78,-0.06487654800469445,0.8419759818902541,0.8361901933155836,0.026200113088785185,0.7427646974859756,0.745757466483207,-0.34529549653295494,0.3498132706095479,0.43547226247680637,-0.07333206768447743,0.018100517945913424,0.020169611335836765
2026-06-09,252,0.7792343370300213,0.7747472300590867,0.0011294682643611202,0.3894562348092575,0.40533977141316113,1.2869276083337398,1.1071835535816087e-64,6.371112813525176e-78,-0.05672915069048645,0.8614353416945304,0.8570381203096914,0.024431367202021416,0.7586145290145639,0.762687293186768,-0.32033876155142815,0.3862477591596879,0.4700389367899762,-0.073755646833646,0.017249709863887425,0.019541201097430388
2026-06-10,252,0.776159211417164,0.7716096018931227,0.001089002467614198,0.4057195702812244,0.42212461046573146,1.28344684801432,7.400988838396973e-64,7.309338518019237e-75,-0.05437428227699326,0.866253763358984,0.8616083953830939,0.02468741807233881,0.7544357042454851,0.7568283003899,-0.31378097543551,0.3953309479039203,0.4791912328717891,-0.0742282034945609,0.016538876754076816,0.01873989537540233
2026-06-11,252,0.7795358802543072,0.7750549022106956,0.0008728511177019717,0.5010633193242213,0.5195907826011605,1.2844661666273884,1.3573504968771077e-64,4.994117198856033e-76,-0.12921992744728672,0.686061392711933,0.6770557704982573,0.032948106633914634,0.6732670886653739,0.6732901702933726,-0.3390674476806969,0.35418944469748703,0.4465525766700651,-0.07762099651883231,0.011552304568314008,0.013780692636595876
2026-06-12,252,0.7791176390667152,0.7746281601859574,0.0008033431035645165,0.5360820117256467,0.5542849225484399,1.285302243575861,1.361038834759863e-64,6.127826107800518e-76,-0.11271560369651445,0.7241053391064467,0.7141856998888125,0.0274547928985965,0.7238130190652359,0.724657521361382,-0.3370194543370143,0.35923658702124217,0.45365933293296024,-0.07543730823742403,0.013633183586194935,0.014880597418740132
2026-06-15,252,0.7810301536535289,0.7765795470204706,0.0008709234186092053,0.5023820630119882,0.5190899871754562,1.2844088224593624,2.2166321551278375e-64,2.476652819888711e-75,-0.07683364539686155,0.809863689988614,0.8029105525089326,0.03160558799434933,0.6837007818316139,0.6804663869802536,-0.35236264670475814,0.3403011303795833,0.43534125970764526,-0.07271191146024411,0.01766314849947272,0.01972655816972381
2026-06-16,252,0.781431525944342,0.7769890772846741,0.0010145216590081762,0.4335308286227838,0.44647459861184635,1.2885619431677555,1.4237061548616054e-64,2.1482771039968136e-75,-0.0988775614894053,0.7556868803711563,0.7454229002561179,0.038014047273898885,0.6244904093088666,0.6199501857722063,-0.34200306546376585,0.35403768247340783,0.451737040118957,-0.07167942818798248,0.01911859975458996,0.02183897865425859
2026-06-17,252,0.7835416994257878,0.7791421404710274,0.0011596378812944697,0.36837259823224355,0.3836361418514934,1.2874965238342888,7.60413917960071e-65,1.9162964127364273e-75,-0.09027451072002002,0.7752542279152456,0.7676685919634121,0.03248407635313599,0.6742891200984604,0.6727620346987664,-0.34917993065985997,0.34043615469192656,0.4359201745065572,-0.07242610137491719,0.01741964802265211,0.02046839825878666
2026-06-18,252,0.7851017277290674,0.7807338766666501,0.00109005599308769,0.39642667240041674,0.4150952553248419,1.2868977688192413,1.7643065044410942e-65,8.856778168967924e-77,-0.1030079600002316,0.7432785908663733,0.7344995267798684,0.028101622973914775,0.7142190507503291,0.7123802576021661,-0.4055080547779635,0.2679642972139694,0.3539703196554679,-0.07576097689835617,0.012883426727509384,0.01545996142988735
2026-06-22,252,0.785036222483605,0.7806670400137596,0.0010747943187233858,0.403534477401972,0.4213273865197684,1.2854364322867826,1.4127678060301428e-65,1.9731790706421847e-77,-0.10850444799526804,0.7315771607915009,0.7236496614266806,0.02945309615303257,0.701088726443617,0.698207858348942,-0.40683808839213503,0.26649241436256293,0.3521496536014268,-0.07691598066213275,0.012177008069748172,0.015374586708101044
2026-06-23,252,0.7863811151788022,0.7820392679263388,0.0011861372542397637,0.35428253520283415,0.3678035439965742,1.2837900874700856,8.450143876060714e-66,8.285147192742683e-78,-0.11151217368638111,0.722824285822114,0.7159092610700557,0.025832666853453173,0.7354263086911642,0.7349378676532323,-0.434644324767986,0.23371773073830465,0.3194026280210637,-0.07698308070255945,0.011752717404169492,0.015256870290678891
2026-06-24,252,0.788224468461596,0.7839200877392707,0.0012954566554960387,0.3095797065539328,0.3202335942723922,1.2849449746977801,3.132420775765064e-66,7.292696367051685e-78,-0.08706402640701705,0.7813419254918692,0.7787308111280524,0.02138248980094038,0.777673836252655,0.7780070813792518,-0.4539736192486472,0.21227566412172846,0.29698605909186737,-0.0754848387158917,0.012993671651103099,0.01757817760898837
2026-06-25,252,0.788605975862741,0.7843093493558861,0.0012953533269959505,0.31006027840321554,0.321640029647177,1.2855821678815715,2.560384370463692e-66,4.417914290946952e-78,-0.08795540067407637,0.7791865775188552,0.7766795166369247,0.01743260343528856,0.8189506902744634,0.8216976187467262,-0.4652842094969881,0.20414841531534622,0.2885696781596728,-0.07620004945302541,0.01234319720946134,0.01687452768381559
2026-06-26,252,0.791056342945951,0.7868095206481045,0.0014602770539223057,0.250157024192475,0.26183397321170665,1.289319800241644,6.305732733644699e-67,6.241294643439157e-78,-0.1290569378819133,0.6793987939852756,0.6723514147269792,0.017646248834413007,0.8155298449475954,0.8192662115439914,-0.4905204544289907,0.17856884453670233,0.263751983093755,-0.0799492964976317,0.008394541315808772,0.011269900850569324
2026-06-29,252,0.7908616648165244,0.7866108856461286,0.0014990315082851426,0.23844785122158482,0.24926379681228616,1.2878469342185446,9.223520927047048e-67,7.404125672683842e-78,-0.10122405364504716,0.7452025324117342,0.7397337220509395,0.012505521092097883,0.86836708876411,0.8721707435056212,-0.502888451324986,0.16954774420263236,0.254861256425,-0.07823307379909074,0.009912227699420264,0.01322757907410817
2026-06-30,252,0.7911001510862357,0.7868542191977446,0.001503907703182061,0.23711586594096654,0.24813287089649216,1.287077175298902,4.344707654379981e-67,3.943752165973987e-79,-0.09995669212634128,0.7485470164473702,0.7437572559930621,0.01271603784351092,0.8664963711814835,0.8707092344053371,-0.5022987444138499,0.17020160562957476,0.2557747754888635,-0.07836992394603666,0.009841882349595685,0.01313561645958591
2026-07-01,252,0.7921968543496604,0.7879732131779055,0.001394306890941604,0.2709028747730717,0.28176843964165865,1.2863241321584815,1.657236630494125e-67,4.3649053398157134e-80,-0.12342576275955874,0.6919029258837572,0.6847267851355047,0.013537601229900664,0.8574296707480673,0.8622957650053463,-0.4701809803057442,0.19915513917026104,0.28711950858497526,-0.08118129975394767,0.007563398082059801,0.010114881828801965
2026-07-02,252,0.7932435013435168,0.7890411334846452,0.0015546371010672108,0.21873745391667962,0.22998130876091405,1.2884298855212388,7.879315339759372e-68,1.7265879077047023e-81,-0.15214333966066462,0.6239771579630529,0.6126889010850178,0.01751699644773308,0.816341165891207,0.8207196873683977,-0.5006182141521147,0.16969739411835852,0.2541823490070223,-0.08325994358809347,0.006083184961400378,0.008082495011658197
2026-07-06,252,0.794258926991312,0.7900771978651191,0.0014520679457733022,0.24876579602559157,0.2580431931911845,1.283988958234131,6.033949441888457e-68,1.7269520109047694e-83,-0.16114503224812216,0.6022557019766366,0.5917360718149429,0.018285825191167046,0.8076878153760829,0.8126240049971327,-0.4998584693881952,0.16866577470838592,0.2558517772417016,-0.084550959604798,0.005191876635864621,0.007202826577406473
2026-07-07,252,0.79432388422165,0.7901434753643665,0.0014547027372124046,0.24731676340524916,0.2568293907775173,1.2839680402298528,6.081162848916472e-68,1.82742283008359e-83,-0.15951400399215254,0.6079651886052972,0.6009078371024923,0.01821435152708286,0.808451105546028,0.8135323798739759,-0.49832332776553917,0.17113402355897261,0.26059898691697925,-0.08443347139853122,0.0053970113053457315,0.0075693726370553984
2026-07-08,252,0.7941300648928026,0.7899457166182661,0.0014761246137039758,0.24064030640264264,0.2493394807117323,1.2834526787863547,6.815547515229922e-68,8.451027773532536e-84,-0.15566981031640204,0.616733344675176,0.6094459063163381,0.01549109970511614,0.8362860652877009,0.8410916517706755,-0.5075630321947853,0.16348736210998463,0.25277614326444464,-0.08409165399366365,0.005584131892660439,0.007782905162803904
2026-07-09,252,0.7928686599289962,0.7886586733421872,0.0013072067845042211,0.3004392553031553,0.3052130187810974,1.2816917950804776,1.3339662814274795e-67,3.4686197866959908e-84,-0.13860289798809466,0.6579282295029887,0.6499753012412484,0.013225995425409393,0.8601807411787893,0.864704249342024,-0.5043935232376394,0.16705076806099406,0.25818335615743904,-0.08130262679378755,0.00777803791022463,0.010201033661680165
2026-07-10,252,0.7930122749545998,0.7888052073723762,0.0012249102630228338,0.3301619297076748,0.3308759302637436,1.2794670037336373,1.0827802463836682e-67,1.1409098766679651e-84,-0.1396783678416027,0.6543494754741106,0.6469572612818031,0.013502251949633781,0.8567755359285748,0.8616813376478425,-0.5031959294290547,0.16668678915239282,0.26065741267802633,-0.0810177574666262,0.007767169465847396,0.010202956310322735
2026-07-13,252,0.7884165387744513,0.7841160619202735,0.0012850729014911996,0.3106591010831882,0.30858696740211444,1.2735342109137364,1.8256770975569855e-66,1.3175452820469602e-84,-0.09692220991980549,0.7568778570820038,0.7503753176820368,0.0018055735455238253,0.9807947470013191,0.9820470111203762,-0.4982611705977945,0.1737089893354252,0.2691452954670941,-0.0752838625547675,0.013325527050270628,0.017267351921076757
2026-07-14,252,0.7908185013646883,0.7865668448883609,0.001362169700211003,0.2816657721480555,0.28405444493263154,1.276613464396363,5.3640213443190875e-67,2.0811656837329928e-86,-0.10624966072401254,0.7338487117366306,0.7263300271014556,0.004988665560777525,0.9469741063064961,0.9501672408950717,-0.49033290365762916,0.1801724590364909,0.2762974866503638,-0.07530254796183969,0.013179626045272877,0.01696374874661434
2026-07-15,252,0.7904338667038042,0.7861743924498166,0.0014265923982409456,0.259564160867753,0.2636368618336582,1.276485746369585,8.171207417548935e-67,4.9969583738258044e-86,-0.10776805148154844,0.7308004201354905,0.7235098576418655,0.0028879907267609986,0.9692838093218534,0.9712997081554109,-0.5077017524036632,0.16444091944999348,0.2582522020279554,-0.07572973127954692,0.012994741624296181,0.01647247574905651
2026-07-16,252,0.799520447860141,0.7954456602150219,0.0011386210478819246,0.3567986174020886,0.3277599811484352,1.27959754005252,9.133476236744369e-69,2.1191206560797985e-84,-0.07466479985756158,0.8072793384571504,0.8066759889581118,0.00028054685090952297,0.996942367890786,0.9971867044899464,-0.6118956420331594,0.08763743445993849,0.18077775211689184,-0.07238744048865467,0.015049696705467384,0.020719483437049394
2026-07-17,252,0.8045665502297139,0.800594325640887,0.0008696335119539327,0.4728479979043755,0.42909150449157585,1.2758794006216818,4.080405939523627e-70,1.1481044690699787e-84,-0.07544563511063329,0.8015629099467171,0.8038321605478025,-0.0016412977397884249,0.9817650846391546,0.9836369417663584,-0.5740701313974007,0.10263630010005809,0.20432607350531895,-0.07346481993080686,0.011917702941276446,0.018446788292456464
2026-07-20,252,0.8058113486624159,0.8018644248547414,0.0008229278520860558,0.49496359343366414,0.44657136528202235,1.2773792918008455,1.1985210263032382e-70,1.2526433062761479e-85,-0.0951387183972694,0.7502891759055796,0.7533757447088825,-0.0007741944041510934,0.9913720516898912,0.9922601727531969,-0.5983530709937152,0.08850610586426452,0.1925800417110083,-0.07415927266542115,0.010852079345229146,0.01700060225566139
2026-07-21,252,0.8072966989593098,0.8033799651983201,0.0006236642892730056,0.6035623828665626,0.5575878645216199,1.2783679985999647,5.0165006146368585e-71,7.833721783036959e-86,-0.08249113025428079,0.7817562611283692,0.7853732098736903,-0.00464698908321666,0.9479556662775269,0.9538954698245712,-0.5883903050078212,0.09237152806639369,0.19703964081440017,-0.07190939819881301,0.013059348601497468,0.02045800975750788
2026-07-22,252,0.8143838562145754,0.8106111703652782,0.00040932316284390835,0.7271114623210004,0.7011814195558773,1.2804092444560542,6.080715894621847e-73,1.5011446446068094e-85,-0.09664476883609452,0.7391524841908832,0.7471892759619583,-0.0058401653389049055,0.9329239934422751,0.9423897896878158,-0.46474301496184434,0.17570351490728142,0.311252093776621,-0.07452245412354587,0.008378517482231798,0.015652586015202186
2026-07-23,252,0.8174679734432919,0.8137579729035215,0.0005830475488401493,0.6167287709573053,0.5826615571556732,1.286181849205696,8.989106910681767e-74,3.690160427158461e-84,-0.12360624514327623,0.6681329151227483,0.6803909996870019,-0.004208509224486609,0.9511714776591709,0.9580431107347596,-0.5187997955323661,0.12920278302325622,0.25376421098077806,-0.07579127213938118,0.006914687062786118,0.013685890160666314
2026-07-24,252,0.8183980626632792,0.8147069663759474,0.0007076179031758347,0.5421647921932164,0.5097601998155905,1.2818034863844057,1.0165376699281356e-73,6.157691229218549e-85,-0.1103180522190621,0.7011527366654156,0.7146261920150239,-0.010265206330642512,0.8811186333533776,0.899559909093807,-0.5382837731568086,0.11455709247953687,0.23357197836466026,-0.07663942025646087,0.00614206543080096,0.01285931243343415
2026-07-27,252,0.8185629902105996,0.814875246109189,0.0007003087795517803,0.5460376930540756,0.51154353066494,1.2814014551986315,9.418325899428346e-74,5.509590261851591e-85,-0.11502057153652379,0.6888815008950988,0.702916800206718,-0.007669459683720688,0.9109879922474459,0.9244177963295355,-0.5470664530067094,0.10862493536082593,0.2252509857003997,-0.0768954332567631,0.005941970666411873,0.01250630651371826
2026-07-28,252,0.8188067447509864,0.8151239550101528,0.0006992558877767052,0.5461536311027678,0.5115191919839169,1.2823531811464968,8.046954753317086e-74,7.073546667624565e-85,-0.12266593481520749,0.6694337661622343,0.6844983905718378,-0.007742966863980093,0.9100601076730617,0.9236119939913245,-0.5631546190365768,0.09860784557611671,0.21124573382207945,-0.07720716832188712,0.005720244457526353,0.01207851076938875
2026-07-29,252,0.8194581719147619,0.8157886225634359,0.0006200006994145006,0.5906595182867677,0.5572512783815027,1.280792848327478,3.881839540835674e-74,8.925635991916008e-86,-0.12637619364728592,0.6574036951144764,0.6713626795530072,-0.00913416771357864,0.893773611185983,0.9097913688923894,-0.6218415366191052,0.06992859232007695,0.16002337244789722,-0.07771349219233886,0.005318250310770821,0.011519974406469147
2026-07-30,252,0.8176391923432104,0.8139326718623814,0.0004716878222941212,0.6837169346789679,0.6528184512026206,1.2833457146220344,6.2521457289331755e-74,1.0661388130124436e-85,-0.11692999767169865,0.6830300486013015,0.6930931813462242,-0.009882396577102569,0.8857456213465369,0.902843830974428,-0.5625992645670924,0.10059951979446986,0.20418524675622218,-0.07359451998647276,0.008312643484717035,0.01623209431455947
2026-07-31,252,0.8180634952993517,0.8143655988623467,0.0004452758680880062,0.7007449360588398,0.6712085897081594,1.2823720515451504,2.729786861509947e-74,3.890092190267593e-87,-0.1105190186320062,0.6994187196835421,0.7088872638532927,-0.011350405913487127,0.8686529790148552,0.8880149885588566,-0.5920750757161184,0.08879353023551559,0.18923659223494027,-0.072944344257062,0.008977709229832561,0.016999209094544034
2026-08-03,252,0.8174085817763321,0.8136973740888592,0.0004291726149490264,0.7116200963250459,0.6822473809167282,1.2830611400460104,2.9165069485106163e-74,2.066473427013232e-87,-0.1505019814662807,0.5917562337950061,0.5954663187751731,-0.009200548677951163,0.8933594694764162,0.9085061858487278,-0.6046111066245125,0.0821579274014286,0.1776664397650174,-0.07603540372192609,0.0059086657704862915,0.010764514206463916
2026-08-04,252,0.8179540261302958,0.8142539047101798,0.0005654225306759878,0.6255241089793998,0.5916846710865942,1.2847241575540682,8.359757102970331e-75,6.668720843789394e-89,-0.17891452116673467,0.5048361838046871,0.49362282099295907,-0.008785499438339825,0.8976394500503397,0.9117018230186993,-0.7568500131285479,0.03535683042586986,0.09589175898329069,-0.07327398425655987,0.005958455888187038,0.008007900667226005
2026-08-05,252,0.819348299998723,0.8156765174783719,0.000459976506061941,0.6883750361638696,0.6575938147040874,1.2866917598944807,1.2866231778688556e-75,8.095936573290791e-90,-0.19654760573362828,0.4569429247670317,0.4435340673796194,-0.008831671958704664,0.8953485990602441,0.9095307868574226,-0.793990041208411,0.02626201080013869,0.08166464114290041,-0.07058264622785272,0.007335699990136972,0.009328725691393298
2026-08-06,252,0.8198718781536135,0.8162107374656788,0.0005602701749891255,0.6244058748026273,0.5949406478715072,1.287072787000291,8.040454231190004e-76,3.2661883714043664e-90,-0.21619934638630878,0.41166469721398447,0.3988773919719568,-0.007484588922182164,0.9110314677449072,0.9231006272561957,-0.7953058058894541,0.025519747289996855,0.08085610190400327,-0.07200246872622572,0.005965326270533901,0.007713045348509242
2026-08-07,252,0.8194823218937881,0.8158132633956944,0.0005202721698687046,0.6497353332435778,0.6221212083296326,1.2869786605354512,9.061871062673798e-76,2.235033095379619e-90,-0.22062445274206233,0.40222761550330566,0.3893162237205854,-0.009041201456521389,0.8926816508654203,0.9075309307225605,-0.7837901969688851,0.028655295275640192,0.08874201583967886,-0.07241666163105943,0.00569717364246899,0.007465745321405447
2026-08-10,252,0.8206242607020984,0.8169784123423849,0.0003607638380131125,0.7513797582564633,0.7183529681459836,1.280704105332192,8.086966533389088e-76,1.1592403222590736e-91,-0.194491322153715,0.4571564943538764,0.45094682171242584,-0.013067198328509284,0.8442869401542181,0.8683050723087619,-0.8145985046334395,0.022031931622309986,0.07857270301502944,-0.07066761348801454,0.006546097912372099,0.008812245757215105
2026-08-11,252,0.8216885290499516,0.818064312160723,0.00031632983889756314,0.7801295443671986,0.7439403859895375,1.2842403111532419,2.983580147166504e-76,5.811729509422032e-91,-0.20374260381512954,0.43314441865268316,0.4281284693692361,-0.014189063038616875,0.8304713144617162,0.8583374036309748,-0.802863020760774,0.023513841502052883,0.08306529580900585,-0.0695894554293115,0.007152231299273551,0.010229190615032847
2026-08-12,252,0.8236962901640552,0.8201128814275522,0.00015346130448316863,0.8912973068651802,0.8686055822412928,1.2763842098719904,2.849644332515826e-76,2.571351372410985e-91,-0.226482504564526,0.37944868182097247,0.372890208247196,-0.002062172573516652,0.9750229487698883,0.9782218549406977,-0.8306157224515138,0.01802983538025229,0.07416182322546037,-0.07380013014128967,0.00408501903372366,0.006323111087264688
